0 verbose cli C:\Program Files\nodejs\node.exe C:\Program Files\nodejs\node_modules\npm\bin\npm-cli.js
1 info using npm@11.6.2
2 info using node@v24.11.1
3 silly config load:file:C:\Program Files\nodejs\node_modules\npm\npmrc
4 silly config load:file:C:\Users\SAMSUNG\Desktop\TreinAI\TreinAI\front\.npmrc
5 silly config load:file:C:\Users\SAMSUNG\.npmrc
6 silly config load:file:C:\Users\SAMSUNG\AppData\Roaming\npm\etc\npmrc
7 verbose title npm install
8 verbose argv "install" "--cache" ".\\.npm-cache"
9 verbose logfile logs-max:10 dir:C:\Users\SAMSUNG\Desktop\TreinAI\TreinAI\front\.npm-cache\_logs\2026-07-02T12_25_28_866Z-
10 verbose logfile C:\Users\SAMSUNG\Desktop\TreinAI\TreinAI\front\.npm-cache\_logs\2026-07-02T12_25_28_866Z-debug-0.log
11 silly logfile done cleaning log files
12 silly packumentCache heap:2348810240 maxSize:587202560 maxEntrySize:293601280
13 silly idealTree buildDeps
14 silly fetch manifest @emnapi/core@^1.7.1
15 silly packumentCache full:https://registry.npmjs.org/@emnapi%2fcore cache-miss
16 http fetch GET 200 https://registry.npmjs.org/@emnapi%2fcore 839ms (cache miss)
17 silly packumentCache full:https://registry.npmjs.org/@emnapi%2fcore set size:undefined disposed:false
18 silly fetch manifest @emnapi/runtime@^1.7.1
19 silly packumentCache full:https://registry.npmjs.org/@emnapi%2fruntime cache-miss
20 http fetch GET 200 https://registry.npmjs.org/@emnapi%2fruntime 316ms (cache miss)
21 silly packumentCache full:https://registry.npmjs.org/@emnapi%2fruntime set size:undefined disposed:false
22 silly placeDep ROOT @emnapi/core@1.11.1 OK for: @napi-rs/wasm-runtime@1.1.6 want: ^1.7.1
23 silly placeDep ROOT @emnapi/runtime@1.11.1 OK for: @napi-rs/wasm-runtime@1.1.6 want: ^1.7.1
24 silly fetch manifest @emnapi/wasi-threads@1.2.2
25 silly packumentCache full:https://registry.npmjs.org/@emnapi%2fwasi-threads cache-miss
26 http fetch GET 200 https://registry.npmjs.org/@emnapi%2fwasi-threads 107ms (cache miss)
27 silly packumentCache full:https://registry.npmjs.org/@emnapi%2fwasi-threads set size:undefined disposed:false
28 silly placeDep ROOT @emnapi/wasi-threads@1.2.2 REPLACE for: @emnapi/core@1.11.1 want: 1.2.2
29 silly fetch manifest @emnapi/core@1.10.0
30 silly packumentCache full:https://registry.npmjs.org/@emnapi%2fcore cache-miss
31 http cache https://registry.npmjs.org/@emnapi%2fcore 14ms (cache hit)
32 silly packumentCache full:https://registry.npmjs.org/@emnapi%2fcore set size:114822 disposed:false
33 silly fetch manifest @emnapi/runtime@1.10.0
34 silly packumentCache full:https://registry.npmjs.org/@emnapi%2fruntime cache-miss
35 http cache https://registry.npmjs.org/@emnapi%2fruntime 8ms (cache hit)
36 silly packumentCache full:https://registry.npmjs.org/@emnapi%2fruntime set size:116352 disposed:false
37 silly placeDep node_modules/@unrs/resolver-binding-wasm32-wasi @emnapi/core@1.10.0 OK for: @unrs/resolver-binding-wasm32-wasi@1.12.2 want: 1.10.0
38 silly placeDep node_modules/@unrs/resolver-binding-wasm32-wasi @emnapi/runtime@1.10.0 OK for: @unrs/resolver-binding-wasm32-wasi@1.12.2 want: 1.10.0
39 silly fetch manifest @emnapi/wasi-threads@1.2.1
40 silly packumentCache full:https://registry.npmjs.org/@emnapi%2fwasi-threads cache-miss
41 http cache https://registry.npmjs.org/@emnapi%2fwasi-threads 7ms (cache hit)
42 silly packumentCache full:https://registry.npmjs.org/@emnapi%2fwasi-threads set size:28580 disposed:false
43 silly placeDep node_modules/@unrs/resolver-binding-wasm32-wasi @emnapi/wasi-threads@1.2.1 OK for: @emnapi/core@1.10.0 want: 1.2.1
44 silly reify mark retired [
44 silly reify   'C:\\Users\\SAMSUNG\\Desktop\\TreinAI\\TreinAI\\front\\node_modules\\@emnapi\\wasi-threads'
44 silly reify ]
45 silly reify moves {
45 silly reify   'C:\\Users\\SAMSUNG\\Desktop\\TreinAI\\TreinAI\\front\\node_modules\\@emnapi\\wasi-threads': 'C:\\Users\\SAMSUNG\\Desktop\\TreinAI\\TreinAI\\front\\node_modules\\@emnapi\\.wasi-threads-h1tuWCav'
45 silly reify }
46 silly audit bulk request {
46 silly audit   '@adobe/css-tools': [ '4.5.0' ],
46 silly audit   '@babel/code-frame': [ '7.29.7' ],
46 silly audit   '@babel/compat-data': [ '7.29.7' ],
46 silly audit   '@babel/core': [ '7.29.7' ],
46 silly audit   semver: [ '6.3.1', '7.8.5' ],
46 silly audit   '@babel/generator': [ '7.29.7' ],
46 silly audit   '@babel/helper-annotate-as-pure': [ '7.29.7' ],
46 silly audit   '@babel/helper-compilation-targets': [ '7.29.7' ],
46 silly audit   '@babel/helper-create-class-features-plugin': [ '7.29.7' ],
46 silly audit   '@babel/helper-create-regexp-features-plugin': [ '7.29.7' ],
46 silly audit   '@babel/helper-define-polyfill-provider': [ '0.6.8' ],
46 silly audit   '@babel/helper-globals': [ '7.29.7' ],
46 silly audit   '@babel/helper-member-expression-to-functions': [ '7.29.7' ],
46 silly audit   '@babel/helper-module-imports': [ '7.29.7' ],
46 silly audit   '@babel/helper-module-transforms': [ '7.29.7' ],
46 silly audit   '@babel/helper-optimise-call-expression': [ '7.29.7' ],
46 silly audit   '@babel/helper-plugin-utils': [ '7.29.7' ],
46 silly audit   '@babel/helper-remap-async-to-generator': [ '7.29.7' ],
46 silly audit   '@babel/helper-replace-supers': [ '7.29.7' ],
46 silly audit   '@babel/helper-skip-transparent-expression-wrappers': [ '7.29.7' ],
46 silly audit   '@babel/helper-string-parser': [ '7.29.7' ],
46 silly audit   '@babel/helper-validator-identifier': [ '7.29.7' ],
46 silly audit   '@babel/helper-validator-option': [ '7.29.7' ],
46 silly audit   '@babel/helper-wrap-function': [ '7.29.7' ],
46 silly audit   '@babel/helpers': [ '7.29.7' ],
46 silly audit   '@babel/parser': [ '7.29.7' ],
46 silly audit   '@babel/plugin-proposal-decorators': [ '7.29.7' ],
46 silly audit   '@babel/plugin-proposal-export-default-from': [ '7.29.7' ],
46 silly audit   '@babel/plugin-syntax-async-generators': [ '7.8.4' ],
46 silly audit   '@babel/plugin-syntax-bigint': [ '7.8.3' ],
46 silly audit   '@babel/plugin-syntax-class-properties': [ '7.12.13' ],
46 silly audit   '@babel/plugin-syntax-class-static-block': [ '7.14.5' ],
46 silly audit   '@babel/plugin-syntax-decorators': [ '7.29.7' ],
46 silly audit   '@babel/plugin-syntax-dynamic-import': [ '7.8.3' ],
46 silly audit   '@babel/plugin-syntax-export-default-from': [ '7.29.7' ],
46 silly audit   '@babel/plugin-syntax-flow': [ '7.29.7' ],
46 silly audit   '@babel/plugin-syntax-import-attributes': [ '7.29.7' ],
46 silly audit   '@babel/plugin-syntax-import-meta': [ '7.10.4' ],
46 silly audit   '@babel/plugin-syntax-json-strings': [ '7.8.3' ],
46 silly audit   '@babel/plugin-syntax-jsx': [ '7.29.7' ],
46 silly audit   '@babel/plugin-syntax-logical-assignment-operators': [ '7.10.4' ],
46 silly audit   '@babel/plugin-syntax-nullish-coalescing-operator': [ '7.8.3' ],
46 silly audit   '@babel/plugin-syntax-numeric-separator': [ '7.10.4' ],
46 silly audit   '@babel/plugin-syntax-object-rest-spread': [ '7.8.3' ],
46 silly audit   '@babel/plugin-syntax-optional-catch-binding': [ '7.8.3' ],
46 silly audit   '@babel/plugin-syntax-optional-chaining': [ '7.8.3' ],
46 silly audit   '@babel/plugin-syntax-private-property-in-object': [ '7.14.5' ],
46 silly audit   '@babel/plugin-syntax-top-level-await': [ '7.14.5' ],
46 silly audit   '@babel/plugin-syntax-typescript': [ '7.29.7' ],
46 silly audit   '@babel/plugin-transform-arrow-functions': [ '7.29.7' ],
46 silly audit   '@babel/plugin-transform-async-generator-functions': [ '7.29.7' ],
46 silly audit   '@babel/plugin-transform-async-to-generator': [ '7.29.7' ],
46 silly audit   '@babel/plugin-transform-block-scoping': [ '7.29.7' ],
46 silly audit   '@babel/plugin-transform-class-properties': [ '7.29.7' ],
46 silly audit   '@babel/plugin-transform-class-static-block': [ '7.29.7' ],
46 silly audit   '@babel/plugin-transform-classes': [ '7.29.7' ],
46 silly audit   '@babel/plugin-transform-destructuring': [ '7.29.7' ],
46 silly audit   '@babel/plugin-transform-export-namespace-from': [ '7.29.7' ],
46 silly audit   '@babel/plugin-transform-flow-strip-types': [ '7.29.7' ],
46 silly audit   '@babel/plugin-transform-for-of': [ '7.29.7' ],
46 silly audit   '@babel/plugin-transform-logical-assignment-operators': [ '7.29.7' ],
46 silly audit   '@babel/plugin-transform-modules-commonjs': [ '7.29.7' ],
46 silly audit   '@babel/plugin-transform-named-capturing-groups-regex': [ '7.29.7' ],
46 silly audit   '@babel/plugin-transform-nullish-coalescing-operator': [ '7.29.7' ],
46 silly audit   '@babel/plugin-transform-object-rest-spread': [ '7.29.7' ],
46 silly audit   '@babel/plugin-transform-optional-catch-binding': [ '7.29.7' ],
46 silly audit   '@babel/plugin-transform-optional-chaining': [ '7.29.7' ],
46 silly audit   '@babel/plugin-transform-parameters': [ '7.29.7' ],
46 silly audit   '@babel/plugin-transform-private-methods': [ '7.29.7' ],
46 silly audit   '@babel/plugin-transform-private-property-in-object': [ '7.29.7' ],
46 silly audit   '@babel/plugin-transform-react-display-name': [ '7.29.7' ],
46 silly audit   '@babel/plugin-transform-react-jsx': [ '7.29.7' ],
46 silly audit   '@babel/plugin-transform-react-jsx-development': [ '7.29.7' ],
46 silly audit   '@babel/plugin-transform-react-jsx-self': [ '7.29.7' ],
46 silly audit   '@babel/plugin-transform-react-jsx-source': [ '7.29.7' ],
46 silly audit   '@babel/plugin-transform-react-pure-annotations': [ '7.29.7' ],
46 silly audit   '@babel/plugin-transform-regenerator': [ '7.29.7' ],
46 silly audit   '@babel/plugin-transform-runtime': [ '7.29.7' ],
46 silly audit   '@babel/plugin-transform-shorthand-properties': [ '7.29.7' ],
46 silly audit   '@babel/plugin-transform-template-literals': [ '7.29.7' ],
46 silly audit   '@babel/plugin-transform-typescript': [ '7.29.7' ],
46 silly audit   '@babel/plugin-transform-unicode-regex': [ '7.29.7' ],
46 silly audit   '@babel/preset-typescript': [ '7.29.7' ],
46 silly audit   '@babel/runtime': [ '7.29.7' ],
46 silly audit   '@babel/template': [ '7.29.7' ],
46 silly audit   '@babel/traverse': [ '7.29.7' ],
46 silly audit   '@babel/types': [ '7.29.7' ],
46 silly audit   '@bcoe/v8-coverage': [ '0.2.3' ],
46 silly audit   '@egjs/hammerjs': [ '2.0.17' ],
46 silly audit   '@eslint-community/eslint-utils': [ '4.9.1' ],
46 silly audit   'eslint-visitor-keys': [ '3.4.3', '5.0.1', '4.2.1' ],
46 silly audit   '@eslint-community/regexpp': [ '4.12.2' ],
46 silly audit   '@eslint/config-array': [ '0.21.2' ],
46 silly audit   '@eslint/config-helpers': [ '0.4.2' ],
46 silly audit   '@eslint/core': [ '0.17.0' ],
46 silly audit   '@eslint/eslintrc': [ '3.3.5' ],
46 silly audit   '@eslint/js': [ '9.39.4' ],
46 silly audit   '@eslint/object-schema': [ '2.1.7' ],
46 silly audit   '@eslint/plugin-kit': [ '0.4.1' ],
46 silly audit   '@expo-google-fonts/exo': [ '0.4.2' ],
46 silly audit   '@expo-google-fonts/material-symbols': [ '0.4.38' ],
46 silly audit   '@expo/code-signing-certificates': [ '0.0.6' ],
46 silly audit   '@expo/config': [ '56.0.9' ],
46 silly audit   '@expo/config-plugins': [ '56.0.9' ],
46 silly audit   '@expo/config-types': [ '56.0.6' ],
46 silly audit   '@expo/devcert': [ '1.2.1' ],
46 silly audit   debug: [ '3.2.7', '2.6.9', '4.4.3' ],
46 silly audit   '@expo/devtools': [ '56.0.2' ],
46 silly audit   '@expo/dom-webview': [ '56.0.5' ],
46 silly audit   '@expo/env': [ '2.3.0' ],
46 silly audit   '@expo/expo-modules-macros-plugin': [ '0.2.2' ],
46 silly audit   '@expo/fingerprint': [ '0.19.4' ],
46 silly audit   'balanced-match': [ '4.0.4', '1.0.2' ],
46 silly audit   'brace-expansion': [ '5.0.6', '1.1.15' ],
46 silly audit   minimatch: [ '10.2.5', '3.1.5' ],
46 silly audit   '@expo/image-utils': [ '0.10.1' ],
46 silly audit   '@expo/inline-modules': [ '0.0.12' ],
46 silly audit   '@expo/json-file': [ '10.2.0' ],
46 silly audit   '@expo/local-build-cache-provider': [ '56.0.8' ],
46 silly audit   '@expo/log-box': [ '56.0.13' ],
46 silly audit   '@expo/metro': [ '56.0.0' ],
46 silly audit   '@expo/metro-config': [ '56.0.14' ],
46 silly audit   '@expo/metro-file-map': [ '56.0.3' ],
46 silly audit   '@expo/metro-runtime': [ '56.0.15' ],
46 silly audit   '@expo/osascript': [ '2.6.0' ],
46 silly audit   '@expo/package-manager': [ '1.12.1' ],
46 silly audit   '@expo/plist': [ '0.7.0' ],
46 silly audit   '@expo/prebuild-config': [ '56.0.16' ],
46 silly audit   '@expo/require-utils': [ '56.1.3' ],
46 silly audit   '@expo/schema-utils': [ '56.0.1' ],
46 silly audit   '@expo/sdk-runtime-versions': [ '1.0.0' ],
46 silly audit   '@expo/spawn-async': [ '1.8.0' ],
46 silly audit   '@expo/sudo-prompt': [ '9.3.2' ],
46 silly audit   '@expo/ui': [ '56.0.18' ],
46 silly audit   '@expo/vector-icons': [ '15.1.1' ],
46 silly audit   '@expo/xcpretty': [ '4.4.4' ],
46 silly audit   '@humanfs/core': [ '0.19.2' ],
46 silly audit   '@humanfs/node': [ '0.16.8' ],
46 silly audit   '@humanfs/types': [ '0.15.0' ],
46 silly audit   '@humanwhocodes/module-importer': [ '1.0.1' ],
46 silly audit   '@humanwhocodes/retry': [ '0.4.3' ],
46 silly audit   '@isaacs/ttlcache': [ '1.4.1' ],
46 silly audit   '@istanbuljs/load-nyc-config': [ '1.1.0' ],
46 silly audit   argparse: [ '1.0.10', '2.0.1' ],
46 silly audit   camelcase: [ '5.3.1', '6.3.0' ],
46 silly audit   'find-up': [ '4.1.0', '5.0.0' ],
46 silly audit   'js-yaml': [ '3.15.0', '4.2.0' ],
46 silly audit   'locate-path': [ '5.0.0', '6.0.0' ],
46 silly audit   'p-limit': [ '2.3.0', '3.1.0' ],
46 silly audit   'p-locate': [ '4.1.0', '5.0.0' ],
46 silly audit   '@istanbuljs/schema': [ '0.1.6' ],
46 silly audit   '@jest/console': [ '29.7.0' ],
46 silly audit   'jest-message-util': [ '29.7.0', '30.4.1' ],
46 silly audit   '@jest/core': [ '29.7.0' ],
46 silly audit   'ci-info': [ '3.9.0', '2.0.0', '4.4.0' ],
46 silly audit   'jest-regex-util': [ '29.6.3', '30.4.0' ],
46 silly audit   '@jest/create-cache-key-function': [ '29.7.0' ],
46 silly audit   '@jest/diff-sequences': [ '30.4.0' ],
46 silly audit   '@jest/environment': [ '29.7.0' ],
46 silly audit   'jest-mock': [ '29.7.0', '30.4.1' ],
46 silly audit   '@jest/expect': [ '29.7.0' ],
46 silly audit   '@jest/expect-utils': [ '30.4.1', '29.7.0' ],
46 silly audit   expect: [ '29.7.0', '30.4.1' ],
46 silly audit   '@jest/fake-timers': [ '29.7.0' ],
46 silly audit   '@jest/get-type': [ '30.1.0' ],
46 silly audit   '@jest/globals': [ '29.7.0' ],
46 silly audit   '@jest/pattern': [ '30.4.0' ],
46 silly audit   '@jest/reporters': [ '29.7.0' ],
46 silly audit   glob: [ '7.2.3', '13.0.6' ],
46 silly audit   '@jest/schemas': [ '29.6.3', '30.4.1' ],
46 silly audit   '@jest/source-map': [ '29.6.3' ],
46 silly audit   '@jest/test-result': [ '29.7.0' ],
46 silly audit   '@jest/test-sequencer': [ '29.7.0' ],
46 silly audit   '@jest/transform': [ '29.7.0' ],
46 silly audit   '@jest/types': [ '29.6.3', '30.4.1' ],
46 silly audit   '@jridgewell/gen-mapping': [ '0.3.13' ],
46 silly audit   '@jridgewell/remapping': [ '2.3.5' ],
46 silly audit   '@jridgewell/resolve-uri': [ '3.1.2' ],
46 silly audit   '@jridgewell/source-map': [ '0.3.11' ],
46 silly audit   '@jridgewell/sourcemap-codec': [ '1.5.5' ],
46 silly audit   '@jridgewell/trace-mapping': [ '0.3.31' ],
46 silly audit   '@napi-rs/wasm-runtime': [ '1.1.6' ],
46 silly audit   '@nolyfill/is-core-module': [ '1.0.39' ],
46 silly audit   '@radix-ui/primitive': [ '1.1.4' ],
46 silly audit   '@radix-ui/react-collection': [ '1.1.10' ],
46 silly audit   '@radix-ui/react-compose-refs': [ '1.1.3' ],
46 silly audit   '@radix-ui/react-context': [ '1.1.4' ],
46 silly audit   '@radix-ui/react-dialog': [ '1.1.17' ],
46 silly audit   '@radix-ui/react-direction': [ '1.1.2' ],
46 silly audit   '@radix-ui/react-dismissable-layer': [ '1.1.13' ],
46 silly audit   '@radix-ui/react-focus-guards': [ '1.1.4' ],
46 silly audit   '@radix-ui/react-focus-scope': [ '1.1.10' ],
46 silly audit   '@radix-ui/react-id': [ '1.1.2' ],
46 silly audit   '@radix-ui/react-portal': [ '1.1.12' ],
46 silly audit   '@radix-ui/react-presence': [ '1.1.6' ],
46 silly audit   '@radix-ui/react-primitive': [ '2.1.6' ],
46 silly audit   '@radix-ui/react-roving-focus': [ '1.1.13' ],
46 silly audit   '@radix-ui/react-slot': [ '1.3.0' ],
46 silly audit   '@radix-ui/react-tabs': [ '1.1.15' ],
46 silly audit   '@radix-ui/react-use-callback-ref': [ '1.1.2' ],
46 silly audit   '@radix-ui/react-use-controllable-state': [ '1.2.3' ],
46 silly audit   '@radix-ui/react-use-effect-event': [ '0.0.3' ],
46 silly audit   '@radix-ui/react-use-escape-keydown': [ '1.1.2' ],
46 silly audit   '@radix-ui/react-use-layout-effect': [ '1.1.2' ],
46 silly audit   '@react-native-async-storage/async-storage': [ '2.2.0' ],
46 silly audit   '@react-native-masked-view/masked-view': [ '0.3.2' ],
46 silly audit   '@react-native/assets-registry': [ '0.85.3' ],
46 silly audit   '@react-native/babel-plugin-codegen': [ '0.85.3' ],
46 silly audit   '@react-native/babel-preset': [ '0.85.3' ],
46 silly audit   '@react-native/codegen': [ '0.85.3' ],
46 silly audit   '@react-native/community-cli-plugin': [ '0.85.3' ],
46 silly audit   '@react-native/debugger-frontend': [ '0.85.3' ],
46 silly audit   '@react-native/debugger-shell': [ '0.85.3' ],
46 silly audit   '@react-native/dev-middleware': [ '0.85.3' ],
46 silly audit   '@react-native/gradle-plugin': [ '0.85.3' ],
46 silly audit   '@react-native/jest-preset': [ '0.85.3' ],
46 silly audit   '@react-native/js-polyfills': [ '0.85.3' ],
46 silly audit   '@react-native/metro-babel-transformer': [ '0.85.3' ],
46 silly audit   '@react-native/metro-config': [ '0.85.3' ],
46 silly audit   '@react-native/normalize-colors': [ '0.85.3', '0.74.89' ],
46 silly audit   '@react-native/virtualized-lists': [ '0.85.3' ],
46 silly audit   '@rtsao/scc': [ '1.1.0' ],
46 silly audit   '@sinclair/typebox': [ '0.27.10', '0.34.49' ],
46 silly audit   '@sinonjs/commons': [ '3.0.1' ],
46 silly audit   '@sinonjs/fake-timers': [ '10.3.0' ],
46 silly audit   '@testing-library/dom': [ '10.4.1' ],
46 silly audit   'ansi-styles': [ '5.2.0', '4.3.0', '3.2.1' ],
46 silly audit   'pretty-format': [ '27.5.1', '30.4.1', '29.7.0' ],
46 silly audit   'react-is': [ '17.0.2', '16.13.1', '18.3.1', '19.2.7' ],
46 silly audit   '@testing-library/jest-dom': [ '6.9.1' ],
46 silly audit   'dom-accessibility-api': [ '0.6.3', '0.5.16' ],
46 silly audit   '@testing-library/jest-native': [ '5.4.3' ],
46 silly audit   '@testing-library/react-native': [ '14.0.1' ],
46 silly audit   'jest-diff': [ '30.4.1', '29.7.0' ],
46 silly audit   'jest-matcher-utils': [ '30.4.1', '29.7.0' ],
46 silly audit   '@testing-library/user-event': [ '14.6.1' ],
46 silly audit   '@tootallnate/once': [ '2.0.1' ],
46 silly audit   '@tybys/wasm-util': [ '0.10.3' ],
46 silly audit   '@types/aria-query': [ '5.0.4' ],
46 silly audit   '@types/babel__core': [ '7.20.5' ],
46 silly audit   '@types/babel__generator': [ '7.27.0' ],
46 silly audit   '@types/babel__template': [ '7.4.4' ],
46 silly audit   '@types/babel__traverse': [ '7.28.0' ],
46 silly audit   '@types/estree': [ '1.0.9' ],
46 silly audit   '@types/graceful-fs': [ '4.1.9' ],
46 silly audit   '@types/hammerjs': [ '2.0.46' ],
46 silly audit   '@types/istanbul-lib-coverage': [ '2.0.6' ],
46 silly audit   '@types/istanbul-lib-report': [ '3.0.3' ],
46 silly audit   '@types/istanbul-reports': [ '3.0.4' ],
46 silly audit   '@types/jest': [ '30.0.0' ],
46 silly audit   '@types/jsdom': [ '20.0.1' ],
46 silly audit   '@types/json-schema': [ '7.0.15' ],
46 silly audit   '@types/json5': [ '0.0.29' ],
46 silly audit   '@types/node': [ '26.0.0' ],
46 silly audit   '@types/react': [ '19.2.17' ],
46 silly audit   '@types/react-reconciler': [ '0.33.0' ],
46 silly audit   '@types/react-test-renderer': [ '19.1.0' ],
46 silly audit   '@types/stack-utils': [ '2.0.3' ],
46 silly audit   '@types/tough-cookie': [ '4.0.5' ],
46 silly audit   '@types/yargs': [ '17.0.35' ],
46 silly audit   '@types/yargs-parser': [ '21.0.3' ],
46 silly audit   '@typescript-eslint/eslint-plugin': [ '8.62.0' ],
46 silly audit   ignore: [ '7.0.5', '5.3.2' ],
46 silly audit   '@typescript-eslint/parser': [ '8.62.0' ],
46 silly audit   '@typescript-eslint/project-service': [ '8.62.0' ],
46 silly audit   '@typescript-eslint/scope-manager': [ '8.62.0' ],
46 silly audit   '@typescript-eslint/tsconfig-utils': [ '8.62.0' ],
46 silly audit   '@typescript-eslint/type-utils': [ '8.62.0' ],
46 silly audit   '@typescript-eslint/types': [ '8.62.0' ],
46 silly audit   '@typescript-eslint/typescript-estree': [ '8.62.0' ],
46 silly audit   '@typescript-eslint/utils': [ '8.62.0' ],
46 silly audit   '@typescript-eslint/visitor-keys': [ '8.62.0' ],
46 silly audit   '@ungap/structured-clone': [ '1.3.2' ],
46 silly audit   '@unrs/resolver-binding-android-arm-eabi': [ '1.12.2' ],
46 silly audit   '@unrs/resolver-binding-android-arm64': [ '1.12.2' ],
46 silly audit   '@unrs/resolver-binding-darwin-arm64': [ '1.12.2' ],
46 silly audit   '@unrs/resolver-binding-darwin-x64': [ '1.12.2' ],
46 silly audit   '@unrs/resolver-binding-freebsd-x64': [ '1.12.2' ],
46 silly audit   '@unrs/resolver-binding-linux-arm-gnueabihf': [ '1.12.2' ],
46 silly audit   '@unrs/resolver-binding-linux-arm-musleabihf': [ '1.12.2' ],
46 silly audit   '@unrs/resolver-binding-linux-arm64-gnu': [ '1.12.2' ],
46 silly audit   '@unrs/resolver-binding-linux-arm64-musl': [ '1.12.2' ],
46 silly audit   '@unrs/resolver-binding-linux-loong64-gnu': [ '1.12.2' ],
46 silly audit   '@unrs/resolver-binding-linux-loong64-musl': [ '1.12.2' ],
46 silly audit   '@unrs/resolver-binding-linux-ppc64-gnu': [ '1.12.2' ],
46 silly audit   '@unrs/resolver-binding-linux-riscv64-gnu': [ '1.12.2' ],
46 silly audit   '@unrs/resolver-binding-linux-riscv64-musl': [ '1.12.2' ],
46 silly audit   '@unrs/resolver-binding-linux-s390x-gnu': [ '1.12.2' ],
46 silly audit   '@unrs/resolver-binding-linux-x64-gnu': [ '1.12.2' ],
46 silly audit   '@unrs/resolver-binding-linux-x64-musl': [ '1.12.2' ],
46 silly audit   '@unrs/resolver-binding-openharmony-arm64': [ '1.12.2' ],
46 silly audit   '@unrs/resolver-binding-wasm32-wasi': [ '1.12.2' ],
46 silly audit   '@unrs/resolver-binding-win32-arm64-msvc': [ '1.12.2' ],
46 silly audit   '@unrs/resolver-binding-win32-ia32-msvc': [ '1.12.2' ],
46 silly audit   '@unrs/resolver-binding-win32-x64-msvc': [ '1.12.2' ],
46 silly audit   '@xmldom/xmldom': [ '0.8.13', '0.9.10' ],
46 silly audit   abab: [ '2.0.6' ],
46 silly audit   'abort-controller': [ '3.0.0' ],
46 silly audit   accepts: [ '2.0.0', '1.3.8' ],
46 silly audit   acorn: [ '8.17.0' ],
46 silly audit   'acorn-globals': [ '7.0.1' ],
46 silly audit   'acorn-jsx': [ '5.3.2' ],
46 silly audit   'acorn-walk': [ '8.3.5' ],
46 silly audit   'agent-base': [ '7.1.4', '6.0.2' ],
46 silly audit   ajv: [ '6.15.0' ],
46 silly audit   anser: [ '1.4.10' ],
46 silly audit   'ansi-escapes': [ '4.3.2', '6.2.1' ],
46 silly audit   'type-fest': [ '0.21.3', '0.7.1' ],
46 silly audit   'ansi-regex': [ '5.0.1', '6.2.2', '4.1.1' ],
46 silly audit   anymatch: [ '3.1.3' ],
46 silly audit   picomatch: [ '2.3.2', '4.0.4' ],
46 silly audit   arg: [ '5.0.2' ],
46 silly audit   'aria-hidden': [ '1.2.6' ],
46 silly audit   'aria-query': [ '5.3.0' ],
46 silly audit   'array-buffer-byte-length': [ '1.0.2' ],
46 silly audit   'array-includes': [ '3.1.9' ],
46 silly audit   'array.prototype.findlast': [ '1.2.5' ],
46 silly audit   'array.prototype.findlastindex': [ '1.2.6' ],
46 silly audit   'array.prototype.flat': [ '1.3.3' ],
46 silly audit   'array.prototype.flatmap': [ '1.3.3' ],
46 silly audit   'array.prototype.tosorted': [ '1.1.4' ],
46 silly audit   'arraybuffer.prototype.slice': [ '1.0.4' ],
46 silly audit   asap: [ '2.0.6' ],
46 silly audit   'async-function': [ '1.0.0' ],
46 silly audit   asynckit: [ '0.4.0' ],
46 silly audit   'available-typed-arrays': [ '1.0.7' ],
46 silly audit   'babel-jest': [ '29.7.0' ],
46 silly audit   'babel-plugin-istanbul': [ '6.1.1' ],
46 silly audit   'istanbul-lib-instrument': [ '5.2.1', '6.0.3' ],
46 silly audit   'babel-plugin-jest-hoist': [ '29.6.3' ],
46 silly audit   'babel-plugin-polyfill-corejs2': [ '0.4.17' ],
46 silly audit   'babel-plugin-polyfill-corejs3': [ '0.13.0' ],
46 silly audit   'babel-plugin-polyfill-regenerator': [ '0.6.8' ],
46 silly audit   'babel-plugin-react-compiler': [ '1.0.0' ],
46 silly audit   'babel-plugin-react-native-web': [ '0.21.2' ],
46 silly audit   'babel-plugin-syntax-hermes-parser': [ '0.33.3' ],
46 silly audit   'babel-plugin-transform-flow-enums': [ '0.0.2' ],
46 silly audit   'babel-preset-current-node-syntax': [ '1.2.0' ],
46 silly audit   'babel-preset-expo': [ '56.0.15' ],
46 silly audit   'babel-preset-jest': [ '29.6.3' ],
46 silly audit   'base64-js': [ '1.5.1' ],
46 silly audit   'baseline-browser-mapping': [ '2.10.38' ],
46 silly audit   'big-integer': [ '1.6.52' ],
46 silly audit   'bplist-creator': [ '0.1.0' ],
46 silly audit   'bplist-parser': [ '0.3.1' ],
46 silly audit   braces: [ '3.0.3' ],
46 silly audit   browserslist: [ '4.28.4' ],
46 silly audit   bser: [ '2.1.1' ],
46 silly audit   'buffer-from': [ '1.1.2' ],
46 silly audit   bytes: [ '3.1.2' ],
46 silly audit   'call-bind': [ '1.0.9' ],
46 silly audit   'call-bind-apply-helpers': [ '1.0.2' ],
46 silly audit   'call-bound': [ '1.0.4' ],
46 silly audit   callsites: [ '3.1.0' ],
46 silly audit   'caniuse-lite': [ '1.0.30001799' ],
46 silly audit   chalk: [ '4.1.2', '3.0.0', '2.4.2' ],
46 silly audit   'char-regex': [ '1.0.2', '2.0.2' ],
46 silly audit   'chrome-launcher': [ '0.15.2' ],
46 silly audit   'chromium-edge-launcher': [ '0.3.0' ],
46 silly audit   'cjs-module-lexer': [ '1.4.3' ],
46 silly audit   'cli-cursor': [ '2.1.0' ],
46 silly audit   'cli-spinners': [ '2.9.2' ],
46 silly audit   'client-only': [ '0.0.1' ],
46 silly audit   cliui: [ '8.0.1' ],
46 silly audit   clone: [ '1.0.4' ],
46 silly audit   co: [ '4.6.0' ],
46 silly audit   'collect-v8-coverage': [ '1.0.3' ],
46 silly audit   color: [ '4.2.3' ],
46 silly audit   'color-convert': [ '2.0.1', '1.9.3' ],
46 silly audit   'color-name': [ '1.1.4', '1.1.3' ],
46 silly audit   'color-string': [ '1.9.1' ],
46 silly audit   'combined-stream': [ '1.0.8' ],
46 silly audit   commander: [ '7.2.0', '12.1.0', '2.20.3' ],
46 silly audit   compressible: [ '2.0.18' ],
46 silly audit   compression: [ '1.8.1' ],
46 silly audit   ms: [ '2.0.0', '2.1.3' ],
46 silly audit   negotiator: [ '0.6.4', '0.6.3', '1.0.0' ],
46 silly audit   'concat-map': [ '0.0.1' ],
46 silly audit   connect: [ '3.7.0' ],
46 silly audit   'convert-source-map': [ '2.0.0' ],
46 silly audit   'core-js-compat': [ '3.49.0' ],
46 silly audit   'create-jest': [ '29.7.0' ],
46 silly audit   'cross-fetch': [ '3.2.0' ],
46 silly audit   'cross-spawn': [ '7.0.6' ],
46 silly audit   'css-in-js-utils': [ '3.1.0' ],
46 silly audit   'css.escape': [ '1.5.1' ],
46 silly audit   cssom: [ '0.5.0', '0.3.8' ],
46 silly audit   cssstyle: [ '2.3.0' ],
46 silly audit   csstype: [ '3.2.3' ],
46 silly audit   'data-urls': [ '3.0.2' ],
46 silly audit   tr46: [ '3.0.0', '0.0.3' ],
46 silly audit   'webidl-conversions': [ '7.0.0', '3.0.1' ],
46 silly audit   'whatwg-url': [ '11.0.0', '5.0.0' ],
46 silly audit   'data-view-buffer': [ '1.0.2' ],
46 silly audit   'data-view-byte-length': [ '1.0.2' ],
46 silly audit   'data-view-byte-offset': [ '1.0.1' ],
46 silly audit   'decimal.js': [ '10.6.0' ],
46 silly audit   'decode-uri-component': [ '0.2.2' ],
46 silly audit   dedent: [ '1.7.2' ],
46 silly audit   'deep-is': [ '0.1.4' ],
46 silly audit   deepmerge: [ '4.3.1' ],
46 silly audit   defaults: [ '1.0.4' ],
46 silly audit   'define-data-property': [ '1.1.4' ],
46 silly audit   'define-properties': [ '1.2.1' ],
46 silly audit   'delayed-stream': [ '1.0.0' ],
46 silly audit   depd: [ '2.0.0' ],
46 silly audit   dequal: [ '2.0.3' ],
46 silly audit   destroy: [ '1.2.0' ],
46 silly audit   'detect-libc': [ '2.1.2' ],
46 silly audit   'detect-newline': [ '3.1.0' ],
46 silly audit   'detect-node-es': [ '1.1.0' ],
46 silly audit   'diff-sequences': [ '29.6.3' ],
46 silly audit   'dnssd-advertise': [ '1.1.6' ],
46 silly audit   doctrine: [ '2.1.0' ],
46 silly audit   domexception: [ '4.0.0' ],
46 silly audit   'dunder-proto': [ '1.0.1' ],
46 silly audit   'ee-first': [ '1.1.1' ],
46 silly audit   'electron-to-chromium': [ '1.5.378' ],
46 silly audit   emittery: [ '0.13.1' ],
46 silly audit   'emoji-regex': [ '8.0.0' ],
46 silly audit   encodeurl: [ '1.0.2', '2.0.0' ],
46 silly audit   entities: [ '6.0.1' ],
46 silly audit   'error-ex': [ '1.3.4' ],
46 silly audit   'is-arrayish': [ '0.2.1', '0.3.4' ],
46 silly audit   'error-stack-parser': [ '2.1.4' ],
46 silly audit   'es-abstract': [ '1.24.2' ],
46 silly audit   'es-abstract-get': [ '1.0.0' ],
46 silly audit   'es-define-property': [ '1.0.1' ],
46 silly audit   'es-errors': [ '1.3.0' ],
46 silly audit   'es-iterator-helpers': [ '1.3.3' ],
46 silly audit   'es-object-atoms': [ '1.1.2' ],
46 silly audit   'es-set-tostringtag': [ '2.1.0' ],
46 silly audit   'es-shim-unscopables': [ '1.1.0' ],
46 silly audit   'es-to-primitive': [ '1.3.1' ],
46 silly audit   escalade: [ '3.2.0' ],
46 silly audit   'escape-html': [ '1.0.3' ],
46 silly audit   'escape-string-regexp': [ '4.0.0', '1.0.5', '2.0.0' ],
46 silly audit   escodegen: [ '2.1.0' ],
46 silly audit   'source-map': [ '0.6.1', '0.5.7', '0.5.6' ],
46 silly audit   eslint: [ '9.39.4' ],
46 silly audit   'eslint-config-expo': [ '56.0.4' ],
46 silly audit   globals: [ '16.5.0', '14.0.0' ],
46 silly audit   'eslint-import-resolver-node': [ '0.3.10' ],
46 silly audit   resolve: [ '2.0.0-next.7', '1.22.12' ],
46 silly audit   'eslint-import-resolver-typescript': [ '3.10.1' ],
46 silly audit   'eslint-module-utils': [ '2.13.0' ],
46 silly audit   'eslint-plugin-expo': [ '1.0.3' ],
46 silly audit   'eslint-plugin-import': [ '2.32.0' ],
46 silly audit   'eslint-plugin-react': [ '7.37.5' ],
46 silly audit   'eslint-plugin-react-hooks': [ '7.1.1' ],
46 silly audit   'hermes-estree': [ '0.25.1', '0.33.3', '0.35.0' ],
46 silly audit   'hermes-parser': [ '0.25.1', '0.33.3', '0.35.0' ],
46 silly audit   'eslint-scope': [ '8.4.0' ],
46 silly audit   espree: [ '10.4.0' ],
46 silly audit   esprima: [ '4.0.1' ],
46 silly audit   esquery: [ '1.7.0' ],
46 silly audit   esrecurse: [ '4.3.0' ],
46 silly audit   estraverse: [ '5.3.0' ],
46 silly audit   esutils: [ '2.0.3' ],
46 silly audit   etag: [ '1.8.1' ],
46 silly audit   'event-target-shim': [ '5.0.1' ],
46 silly audit   execa: [ '5.1.1' ],
46 silly audit   'mimic-fn': [ '2.1.0', '1.2.0' ],
46 silly audit   onetime: [ '5.1.2', '2.0.1' ],
46 silly audit   exit: [ '0.1.2' ],
46 silly audit   'jest-util': [ '30.4.1', '29.7.0' ],
46 silly audit   expo: [ '56.0.12' ],
46 silly audit   'expo-asset': [ '56.0.17' ],
46 silly audit   'expo-constants': [ '56.0.18' ],
46 silly audit   'expo-device': [ '56.0.4' ],
46 silly audit   'expo-file-system': [ '56.0.8' ],
46 silly audit   'expo-font': [ '56.0.7' ],
46 silly audit   'expo-glass-effect': [ '56.0.4' ],
46 silly audit   'expo-image': [ '56.0.11' ],
46 silly audit   'expo-keep-awake': [ '56.0.3' ],
46 silly audit   'expo-linking': [ '56.0.14' ],
46 silly audit   'expo-modules-autolinking': [ '56.0.16' ],
46 silly audit   'expo-modules-core': [ '56.0.17' ],
46 silly audit   'expo-modules-jsi': [ '56.0.10' ],
46 silly audit   'expo-router': [ '56.2.11' ],
46 silly audit   'expo-secure-store': [ '56.0.4' ],
46 silly audit   'expo-server': [ '56.0.5' ],
46 silly audit   'expo-splash-screen': [ '56.0.10' ],
46 silly audit   'expo-status-bar': [ '56.0.4' ],
46 silly audit   'expo-symbols': [ '56.0.6' ],
46 silly audit   'expo-system-ui': [ '56.0.5' ],
46 silly audit   'expo-web-browser': [ '56.0.5' ],
46 silly audit   '@expo/cli': [ '56.1.16' ],
46 silly audit   '@expo/router-server': [ '56.0.14' ],
46 silly audit   '@expo/ws-tunnel': [ '2.0.0' ],
46 silly audit   'mime-db': [ '1.52.0', '1.54.0' ],
46 silly audit   'mime-types': [ '2.1.35', '3.0.2' ],
46 silly audit   ws: [ '8.21.0', '7.5.11' ],
46 silly audit   zod: [ '3.25.76', '4.4.3' ],
46 silly audit   'exponential-backoff': [ '3.1.3' ],
46 silly audit   'fast-deep-equal': [ '3.1.3' ],
46 silly audit   'fast-json-stable-stringify': [ '2.1.0' ],
46 silly audit   'fast-levenshtein': [ '2.0.6' ],
46 silly audit   'fb-dotslash': [ '0.5.8' ],
46 silly audit   'fb-watchman': [ '2.0.2' ],
46 silly audit   fbjs: [ '3.0.5' ],
46 silly audit   'fbjs-css-vars': [ '1.0.2' ],
46 silly audit   promise: [ '7.3.1', '8.3.0' ],
46 silly audit   'ua-parser-js': [ '1.0.41', '0.7.41' ],
46 silly audit   fdir: [ '6.5.0' ],
46 silly audit   'fetch-nodeshim': [ '0.4.10' ],
46 silly audit   'file-entry-cache': [ '8.0.0' ],
46 silly audit   'fill-range': [ '7.1.1' ],
46 silly audit   'filter-obj': [ '1.1.0' ],
46 silly audit   finalhandler: [ '1.1.2' ],
46 silly audit   'flat-cache': [ '4.0.1' ],
46 silly audit   flatted: [ '3.4.2' ],
46 silly audit   'flow-enums-runtime': [ '0.0.6' ],
46 silly audit   fontfaceobserver: [ '2.3.0' ],
46 silly audit   'for-each': [ '0.3.5' ],
46 silly audit   'form-data': [ '4.0.6' ],
46 silly audit   fresh: [ '0.5.2' ],
46 silly audit   'fs.realpath': [ '1.0.0' ],
46 silly audit   fsevents: [ '2.3.3' ],
46 silly audit   'function-bind': [ '1.1.2' ],
46 silly audit   'function.prototype.name': [ '1.2.0' ],
46 silly audit   'functions-have-names': [ '1.2.3' ],
46 silly audit   'generator-function': [ '2.0.1' ],
46 silly audit   gensync: [ '1.0.0-beta.2' ],
46 silly audit   'get-caller-file': [ '2.0.5' ],
46 silly audit   'get-intrinsic': [ '1.3.0' ],
46 silly audit   'get-nonce': [ '1.0.1' ],
46 silly audit   'get-package-type': [ '0.1.0' ],
46 silly audit   'get-proto': [ '1.0.1' ],
46 silly audit   'get-stream': [ '6.0.1' ],
46 silly audit   'get-symbol-description': [ '1.1.0' ],
46 silly audit   'get-tsconfig': [ '4.14.0' ],
46 silly audit   getenv: [ '2.0.0' ],
46 silly audit   'glob-parent': [ '6.0.2' ],
46 silly audit   globalthis: [ '1.0.4' ],
46 silly audit   gopd: [ '1.2.0' ],
46 silly audit   'graceful-fs': [ '4.2.11' ],
46 silly audit   'has-bigints': [ '1.1.0' ],
46 silly audit   'has-flag': [ '4.0.0', '3.0.0' ],
46 silly audit   'has-property-descriptors': [ '1.0.2' ],
46 silly audit   'has-proto': [ '1.2.0' ],
46 silly audit   'has-symbols': [ '1.1.0' ],
46 silly audit   'has-tostringtag': [ '1.0.2' ],
46 silly audit   hasown: [ '2.0.4' ],
46 silly audit   'hermes-compiler': [ '250829098.0.10' ],
46 silly audit   'hoist-non-react-statics': [ '3.3.2' ],
46 silly audit   'hosted-git-info': [ '7.0.2' ],
46 silly audit   'lru-cache': [ '10.4.3', '5.1.1', '11.5.1' ],
46 silly audit   'html-encoding-sniffer': [ '3.0.0' ],
46 silly audit   'html-escaper': [ '2.0.2' ],
46 silly audit   'http-errors': [ '2.0.1' ],
46 silly audit   statuses: [ '2.0.2', '1.5.0' ],
46 silly audit   'http-proxy-agent': [ '5.0.0' ],
46 silly audit   'https-proxy-agent': [ '7.0.6', '5.0.1' ],
46 silly audit   'human-signals': [ '2.1.0' ],
46 silly audit   'hyphenate-style-name': [ '1.1.0' ],
46 silly audit   'iconv-lite': [ '0.6.3' ],
46 silly audit   'image-size': [ '1.2.1' ],
46 silly audit   'import-fresh': [ '3.3.1' ],
46 silly audit   'resolve-from': [ '4.0.0', '5.0.0' ],
46 silly audit   'import-local': [ '3.2.0' ],
46 silly audit   imurmurhash: [ '0.1.4' ],
46 silly audit   'indent-string': [ '4.0.0' ],
46 silly audit   inflight: [ '1.0.6' ],
46 silly audit   inherits: [ '2.0.4' ],
46 silly audit   'inline-style-prefixer': [ '7.0.1' ],
46 silly audit   'internal-slot': [ '1.1.0' ],
46 silly audit   invariant: [ '2.2.4' ],
46 silly audit   'is-array-buffer': [ '3.0.5' ],
46 silly audit   'is-async-function': [ '2.1.1' ],
46 silly audit   'is-bigint': [ '1.1.0' ],
46 silly audit   'is-boolean-object': [ '1.2.2' ],
46 silly audit   'is-bun-module': [ '2.0.0' ],
46 silly audit   'is-callable': [ '1.2.7' ],
46 silly audit   'is-core-module': [ '2.16.2' ],
46 silly audit   'is-data-view': [ '1.0.2' ],
46 silly audit   'is-date-object': [ '1.1.0' ],
46 silly audit   'is-docker': [ '2.2.1' ],
46 silly audit   'is-document.all': [ '1.0.0' ],
46 silly audit   'is-extglob': [ '2.1.1' ],
46 silly audit   'is-finalizationregistry': [ '1.1.1' ],
46 silly audit   'is-fullwidth-code-point': [ '3.0.0' ],
46 silly audit   'is-generator-fn': [ '2.1.0' ],
46 silly audit   'is-generator-function': [ '1.1.2' ],
46 silly audit   'is-glob': [ '4.0.3' ],
46 silly audit   'is-map': [ '2.0.3' ],
46 silly audit   'is-negative-zero': [ '2.0.3' ],
46 silly audit   'is-number': [ '7.0.0' ],
46 silly audit   'is-number-object': [ '1.1.1' ],
46 silly audit   'is-plain-obj': [ '2.1.0' ],
46 silly audit   'is-potential-custom-element-name': [ '1.0.1' ],
46 silly audit   'is-regex': [ '1.2.1' ],
46 silly audit   'is-set': [ '2.0.3' ],
46 silly audit   'is-shared-array-buffer': [ '1.0.4' ],
46 silly audit   'is-stream': [ '2.0.1' ],
46 silly audit   'is-string': [ '1.1.1' ],
46 silly audit   'is-symbol': [ '1.1.1' ],
46 silly audit   'is-typed-array': [ '1.1.15' ],
46 silly audit   'is-weakmap': [ '2.0.2' ],
46 silly audit   'is-weakref': [ '1.1.1' ],
46 silly audit   'is-weakset': [ '2.0.4' ],
46 silly audit   'is-wsl': [ '2.2.0' ],
46 silly audit   isarray: [ '2.0.5' ],
46 silly audit   isexe: [ '2.0.0' ],
46 silly audit   'istanbul-lib-coverage': [ '3.2.2' ],
46 silly audit   'istanbul-lib-report': [ '3.0.1' ],
46 silly audit   'istanbul-lib-source-maps': [ '4.0.1' ],
46 silly audit   'istanbul-reports': [ '3.2.0' ],
46 silly audit   'iterator.prototype': [ '1.1.5' ],
46 silly audit   jest: [ '29.7.0' ],
46 silly audit   'jest-changed-files': [ '29.7.0' ],
46 silly audit   'jest-circus': [ '29.7.0' ],
46 silly audit   'jest-cli': [ '29.7.0' ],
46 silly audit   'jest-config': [ '29.7.0' ],
46 silly audit   'jest-docblock': [ '29.7.0' ],
46 silly audit   'jest-each': [ '29.7.0' ],
46 silly audit   'jest-environment-jsdom': [ '29.7.0' ],
46 silly audit   'jest-environment-node': [ '29.7.0' ],
46 silly audit   'jest-expo': [ '57.0.0' ],
46 silly audit   'jest-get-type': [ '29.6.3' ],
46 silly audit   'jest-haste-map': [ '29.7.0' ],
46 silly audit   'jest-leak-detector': [ '29.7.0' ],
46 silly audit   'jest-pnp-resolver': [ '1.2.3' ],
46 silly audit   'jest-resolve': [ '29.7.0' ],
46 silly audit   'jest-resolve-dependencies': [ '29.7.0' ],
46 silly audit   'jest-runner': [ '29.7.0' ],
46 silly audit   'source-map-support': [ '0.5.13', '0.5.21' ],
46 silly audit   'jest-runtime': [ '29.7.0' ],
46 silly audit   'strip-bom': [ '4.0.0', '3.0.0' ],
46 silly audit   'jest-snapshot': [ '29.7.0' ],
46 silly audit   'jest-validate': [ '29.7.0' ],
46 silly audit   'jest-watch-select-projects': [ '2.0.0' ],
46 silly audit   'jest-watch-typeahead': [ '2.2.1' ],
46 silly audit   slash: [ '5.1.0', '3.0.0' ],
46 silly audit   'string-length': [ '5.0.1', '4.0.2' ],
46 silly audit   'strip-ansi': [ '7.2.0', '5.2.0', '6.0.1' ],
46 silly audit   'jest-watcher': [ '29.7.0' ],
46 silly audit   'jest-worker': [ '29.7.0' ],
46 silly audit   'supports-color': [ '8.1.1', '5.5.0', '7.2.0' ],
46 silly audit   'jimp-compact': [ '0.16.1' ],
46 silly audit   'js-tokens': [ '4.0.0' ],
46 silly audit   'jsc-safe-url': [ '0.2.4' ],
46 silly audit   jsdom: [ '20.0.3' ],
46 silly audit   jsesc: [ '3.1.0' ],
46 silly audit   'json-buffer': [ '3.0.1' ],
46 silly audit   'json-parse-even-better-errors': [ '2.3.1' ],
46 silly audit   'json-schema-traverse': [ '0.4.1' ],
46 silly audit   'json-stable-stringify-without-jsonify': [ '1.0.1' ],
46 silly audit   json5: [ '2.2.3', '1.0.2' ],
46 silly audit   'jsx-ast-utils': [ '3.3.5' ],
46 silly audit   keyv: [ '4.5.4' ],
46 silly audit   kleur: [ '3.0.3' ],
46 silly audit   'lan-network': [ '0.2.1' ],
46 silly audit   leven: [ '3.1.0' ],
46 silly audit   levn: [ '0.4.1' ],
46 silly audit   'lighthouse-logger': [ '1.4.2' ],
46 silly audit   lightningcss: [ '1.32.0' ],
46 silly audit   'lightningcss-android-arm64': [ '1.32.0' ],
46 silly audit   'lightningcss-darwin-arm64': [ '1.32.0' ],
46 silly audit   'lightningcss-darwin-x64': [ '1.32.0' ],
46 silly audit   'lightningcss-freebsd-x64': [ '1.32.0' ],
46 silly audit   'lightningcss-linux-arm-gnueabihf': [ '1.32.0' ],
46 silly audit   'lightningcss-linux-arm64-gnu': [ '1.32.0' ],
46 silly audit   'lightningcss-linux-arm64-musl': [ '1.32.0' ],
46 silly audit   'lightningcss-linux-x64-gnu': [ '1.32.0' ],
46 silly audit   'lightningcss-linux-x64-musl': [ '1.32.0' ],
46 silly audit   'lightningcss-win32-arm64-msvc': [ '1.32.0' ],
46 silly audit   'lightningcss-win32-x64-msvc': [ '1.32.0' ],
46 silly audit   'lines-and-columns': [ '1.2.4' ],
46 silly audit   lodash: [ '4.18.1' ],
46 silly audit   'lodash.debounce': [ '4.0.8' ],
46 silly audit   'lodash.merge': [ '4.6.2' ],
46 silly audit   'lodash.throttle': [ '4.1.1' ],
46 silly audit   'log-symbols': [ '2.2.0' ],
46 silly audit   'loose-envify': [ '1.4.0' ],
46 silly audit   'lz-string': [ '1.5.0' ],
46 silly audit   'make-dir': [ '4.0.0' ],
46 silly audit   makeerror: [ '1.0.12' ],
46 silly audit   marky: [ '1.3.0' ],
46 silly audit   'math-intrinsics': [ '1.1.0' ],
46 silly audit   'memoize-one': [ '5.2.1', '6.0.0' ],
46 silly audit   'merge-options': [ '3.0.4' ],
46 silly audit   'merge-stream': [ '2.0.0' ],
46 silly audit   metro: [ '0.84.4' ],
46 silly audit   'metro-babel-transformer': [ '0.84.4' ],
46 silly audit   'metro-cache': [ '0.84.4' ],
46 silly audit   'metro-cache-key': [ '0.84.4' ],
46 silly audit   'metro-config': [ '0.84.4' ],
46 silly audit   'metro-core': [ '0.84.4' ],
46 silly audit   'metro-file-map': [ '0.84.4' ],
46 silly audit   'metro-minify-terser': [ '0.84.4' ],
46 silly audit   'metro-resolver': [ '0.84.4' ],
46 silly audit   'metro-runtime': [ '0.84.4' ],
46 silly audit   'metro-source-map': [ '0.84.4' ],
46 silly audit   'metro-symbolicate': [ '0.84.4' ],
46 silly audit   'metro-transform-plugins': [ '0.84.4' ],
46 silly audit   'metro-transform-worker': [ '0.84.4' ],
46 silly audit   micromatch: [ '4.0.8' ],
46 silly audit   mime: [ '1.6.0' ],
46 silly audit   'min-indent': [ '1.0.1' ],
46 silly audit   minimist: [ '1.2.8' ],
46 silly audit   minipass: [ '7.1.3' ],
46 silly audit   mkdirp: [ '1.0.4' ],
46 silly audit   multitars: [ '1.0.0' ],
46 silly audit   nanoid: [ '3.3.15' ],
46 silly audit   'napi-postinstall': [ '0.3.4' ],
46 silly audit   'natural-compare': [ '1.4.0' ],
46 silly audit   'node-exports-info': [ '1.6.2' ],
46 silly audit   'node-fetch': [ '2.7.0' ],
46 silly audit   'node-forge': [ '1.4.0' ],
46 silly audit   'node-int64': [ '0.4.0' ],
46 silly audit   'node-releases': [ '2.0.49' ],
46 silly audit   'normalize-path': [ '3.0.0' ],
46 silly audit   'npm-package-arg': [ '11.0.3' ],
46 silly audit   'npm-run-path': [ '4.0.1' ],
46 silly audit   nullthrows: [ '1.1.1' ],
46 silly audit   nwsapi: [ '2.2.24' ],
46 silly audit   ob1: [ '0.84.4' ],
46 silly audit   'object-assign': [ '4.1.1' ],
46 silly audit   'object-inspect': [ '1.13.4' ],
46 silly audit   'object-keys': [ '1.1.1' ],
46 silly audit   'object.assign': [ '4.1.7' ],
46 silly audit   'object.entries': [ '1.1.9' ],
46 silly audit   'object.fromentries': [ '2.0.8' ],
46 silly audit   'object.groupby': [ '1.0.3' ],
46 silly audit   'object.values': [ '1.2.1' ],
46 silly audit   'on-finished': [ '2.3.0', '2.4.1' ],
46 silly audit   'on-headers': [ '1.1.0' ],
46 silly audit   once: [ '1.4.0' ],
46 silly audit   open: [ '7.4.2' ],
46 silly audit   optionator: [ '0.9.4' ],
46 silly audit   ora: [ '3.4.0' ],
46 silly audit   'own-keys': [ '1.0.1' ],
46 silly audit   'p-try': [ '2.2.0' ],
46 silly audit   'parent-module': [ '1.0.1' ],
46 silly audit   'parse-json': [ '5.2.0' ],
46 silly audit   'parse-png': [ '2.1.0' ],
46 silly audit   parse5: [ '7.3.0' ],
46 silly audit   parseurl: [ '1.3.3' ],
46 silly audit   'path-exists': [ '4.0.0' ],
46 silly audit   'path-is-absolute': [ '1.0.1' ],
46 silly audit   'path-key': [ '3.1.1' ],
46 silly audit   'path-parse': [ '1.0.7' ],
46 silly audit   'path-scurry': [ '2.0.2' ],
46 silly audit   picocolors: [ '1.1.1' ],
46 silly audit   pirates: [ '4.0.7' ],
46 silly audit   'pkg-dir': [ '4.2.0' ],
46 silly audit   plist: [ '3.1.1' ],
46 silly audit   pngjs: [ '3.4.0' ],
46 silly audit   'possible-typed-array-names': [ '1.1.0' ],
46 silly audit   postcss: [ '8.5.15' ],
46 silly audit   'postcss-value-parser': [ '4.2.0' ],
46 silly audit   'prelude-ls': [ '1.2.1' ],
46 silly audit   'proc-log': [ '4.2.0' ],
46 silly audit   progress: [ '2.0.3' ],
46 silly audit   prompts: [ '2.4.2' ],
46 silly audit   'prop-types': [ '15.8.1' ],
46 silly audit   psl: [ '1.15.0' ],
46 silly audit   punycode: [ '2.3.1' ],
46 silly audit   'pure-rand': [ '6.1.0' ],
46 silly audit   'query-string': [ '7.1.3' ],
46 silly audit   querystringify: [ '2.2.0' ],
46 silly audit   queue: [ '6.0.2' ],
46 silly audit   'range-parser': [ '1.2.1' ],
46 silly audit   react: [ '19.2.3' ],
46 silly audit   'react-devtools-core': [ '6.1.5' ],
46 silly audit   'react-dom': [ '19.2.3' ],
46 silly audit   'react-fast-compare': [ '3.2.2' ],
46 silly audit   'react-freeze': [ '1.0.4' ],
46 silly audit   'react-native': [ '0.85.3' ],
46 silly audit   'react-native-drawer-layout': [ '4.2.5' ],
46 silly audit   'react-native-gesture-handler': [ '2.31.2' ],
46 silly audit   'react-native-is-edge-to-edge': [ '1.3.1' ],
46 silly audit   'react-native-reanimated': [ '4.3.1' ],
46 silly audit   'react-native-safe-area-context': [ '5.7.0' ],
46 silly audit   'react-native-screens': [ '4.25.2' ],
46 silly audit   'react-native-web': [ '0.21.2' ],
46 silly audit   'react-native-worklets': [ '0.8.3' ],
46 silly audit   'react-reconciler': [ '0.33.0' ],
46 silly audit   'react-refresh': [ '0.14.2' ],
46 silly audit   'react-remove-scroll': [ '2.7.2' ],
46 silly audit   'react-remove-scroll-bar': [ '2.3.8' ],
46 silly audit   'react-style-singleton': [ '2.2.3' ],
46 silly audit   'react-test-renderer': [ '19.2.3' ],
46 silly audit   redent: [ '3.0.0' ],
46 silly audit   'reflect.getprototypeof': [ '1.0.10' ],
46 silly audit   regenerate: [ '1.4.2' ],
46 silly audit   'regenerate-unicode-properties': [ '10.2.2' ],
46 silly audit   'regenerator-runtime': [ '0.13.11' ],
46 silly audit   'regexp.prototype.flags': [ '1.5.4' ],
46 silly audit   'regexpu-core': [ '6.4.0' ],
46 silly audit   regjsgen: [ '0.8.0' ],
46 silly audit   regjsparser: [ '0.13.2' ],
46 silly audit   'require-directory': [ '2.1.1' ],
46 silly audit   'requires-port': [ '1.0.0' ],
46 silly audit   'resolve-cwd': [ '3.0.0' ],
46 silly audit   'resolve-pkg-maps': [ '1.0.0' ],
46 silly audit   'resolve-workspace-root': [ '2.0.1' ],
46 silly audit   'resolve.exports': [ '2.0.3' ],
46 silly audit   'restore-cursor': [ '2.0.0' ],
46 silly audit   'safe-array-concat': [ '1.1.4' ],
46 silly audit   'safe-buffer': [ '5.2.1' ],
46 silly audit   'safe-push-apply': [ '1.0.0' ],
46 silly audit   'safe-regex-test': [ '1.1.0' ],
46 silly audit   'safer-buffer': [ '2.1.2' ],
46 silly audit   sax: [ '1.6.0' ],
46 silly audit   saxes: [ '6.0.0' ],
46 silly audit   scheduler: [ '0.27.0' ],
46 silly audit   send: [ '0.19.2' ],
46 silly audit   'serialize-error': [ '2.1.0' ],
46 silly audit   'serve-static': [ '1.16.3' ],
46 silly audit   'server-only': [ '0.0.1' ],
46 silly audit   'set-function-length': [ '1.2.2' ],
46 silly audit   'set-function-name': [ '2.0.2' ],
46 silly audit   'set-proto': [ '1.0.0' ],
46 silly audit   setimmediate: [ '1.0.5' ],
46 silly audit   setprototypeof: [ '1.2.0' ],
46 silly audit   'sf-symbols-typescript': [ '2.2.0' ],
46 silly audit   shallowequal: [ '1.1.0' ],
46 silly audit   'shebang-command': [ '2.0.0' ],
46 silly audit   'shebang-regex': [ '3.0.0' ],
46 silly audit   'shell-quote': [ '1.8.4' ],
46 silly audit   'side-channel': [ '1.1.1' ],
46 silly audit   'side-channel-list': [ '1.0.1' ],
46 silly audit   'side-channel-map': [ '1.0.1' ],
46 silly audit   'side-channel-weakmap': [ '1.0.2' ],
46 silly audit   'signal-exit': [ '3.0.7' ],
46 silly audit   'simple-plist': [ '1.3.1' ],
46 silly audit   'simple-swizzle': [ '0.2.4' ],
46 silly audit   sisteransi: [ '1.0.5' ],
46 silly audit   slugify: [ '1.6.9' ],
46 silly audit   'source-map-js': [ '1.2.1' ],
46 silly audit   'split-on-first': [ '1.1.0' ],
46 silly audit   'sprintf-js': [ '1.0.3' ],
46 silly audit   'stable-hash': [ '0.0.5' ],
46 silly audit   'stack-generator': [ '2.0.10' ],
46 silly audit   'stack-utils': [ '2.0.6' ],
46 silly audit   stackframe: [ '1.3.4' ],
46 silly audit   'stacktrace-gps': [ '3.1.2' ],
46 silly audit   'stacktrace-js': [ '2.0.2' ],
46 silly audit   'stacktrace-parser': [ '0.1.11' ],
46 silly audit   'standard-navigation': [ '0.0.5' ],
46 silly audit   'stop-iteration-iterator': [ '1.1.0' ],
46 silly audit   'stream-buffers': [ '2.2.0' ],
46 silly audit   'strict-uri-encode': [ '2.0.0' ],
46 silly audit   'string-width': [ '4.2.3' ],
46 silly audit   'string.prototype.matchall': [ '4.0.12' ],
46 silly audit   'string.prototype.repeat': [ '1.0.0' ],
46 silly audit   'string.prototype.trim': [ '1.2.11' ],
46 silly audit   'string.prototype.trimend': [ '1.0.10' ],
46 silly audit   'string.prototype.trimstart': [ '1.0.8' ],
46 silly audit   'strip-final-newline': [ '2.0.0' ],
46 silly audit   'strip-indent': [ '3.0.0' ],
46 silly audit   'strip-json-comments': [ '3.1.1' ],
46 silly audit   'structured-headers': [ '0.4.1' ],
46 silly audit   styleq: [ '0.1.3' ],
46 silly audit   'supports-hyperlinks': [ '2.3.0' ],
46 silly audit   'supports-preserve-symlinks-flag': [ '1.0.0' ],
46 silly audit   'symbol-tree': [ '3.2.4' ],
46 silly audit   'terminal-link': [ '2.1.1' ],
46 silly audit   terser: [ '5.48.0' ],
46 silly audit   'test-exclude': [ '6.0.0' ],
46 silly audit   'test-renderer': [ '1.2.0' ],
46 silly audit   throat: [ '5.0.0' ],
46 silly audit   tinyglobby: [ '0.2.17' ],
46 silly audit   tmpl: [ '1.0.5' ],
46 silly audit   'to-regex-range': [ '5.0.1' ],
46 silly audit   toidentifier: [ '1.0.1' ],
46 silly audit   toqr: [ '0.1.1' ],
46 silly audit   'tough-cookie': [ '4.1.4' ],
46 silly audit   'ts-api-utils': [ '2.5.0' ],
46 silly audit   'tsconfig-paths': [ '3.15.0' ],
46 silly audit   tslib: [ '2.8.1' ],
46 silly audit   'type-check': [ '0.4.0' ],
46 silly audit   'type-detect': [ '4.0.8' ],
46 silly audit   'typed-array-buffer': [ '1.0.3' ],
46 silly audit   'typed-array-byte-length': [ '1.0.3' ],
46 silly audit   'typed-array-byte-offset': [ '1.0.4' ],
46 silly audit   'typed-array-length': [ '1.0.8' ],
46 silly audit   typescript: [ '6.0.3' ],
46 silly audit   'unbox-primitive': [ '1.1.0' ],
46 silly audit   'undici-types': [ '8.3.0' ],
46 silly audit   'unicode-canonical-property-names-ecmascript': [ '2.0.1' ],
46 silly audit   'unicode-match-property-ecmascript': [ '2.0.0' ],
46 silly audit   'unicode-match-property-value-ecmascript': [ '2.2.1' ],
46 silly audit   'unicode-property-aliases-ecmascript': [ '2.2.0' ],
46 silly audit   universalify: [ '0.2.0' ],
46 silly audit   unpipe: [ '1.0.0' ],
46 silly audit   'unrs-resolver': [ '1.12.2' ],
46 silly audit   'update-browserslist-db': [ '1.2.3' ],
46 silly audit   'uri-js': [ '4.4.1' ],
46 silly audit   'url-parse': [ '1.5.10' ],
46 silly audit   'use-callback-ref': [ '1.3.3' ],
46 silly audit   'use-latest-callback': [ '0.2.6' ],
46 silly audit   'use-sidecar': [ '1.1.3' ],
46 silly audit   'utils-merge': [ '1.0.1' ],
46 silly audit   uuid: [ '7.0.3' ],
46 silly audit   'v8-to-istanbul': [ '9.3.0' ],
46 silly audit   'validate-npm-package-name': [ '5.0.1' ],
46 silly audit   vary: [ '1.1.2' ],
46 silly audit   vaul: [ '1.1.2' ],
46 silly audit   vlq: [ '1.0.1' ],
46 silly audit   'w3c-xmlserializer': [ '4.0.0' ],
46 silly audit   walker: [ '1.0.8' ],
46 silly audit   'warn-once': [ '0.1.1' ],
46 silly audit   wcwidth: [ '1.0.1' ],
46 silly audit   'whatwg-encoding': [ '2.0.0' ],
46 silly audit   'whatwg-fetch': [ '3.6.20' ],
46 silly audit   'whatwg-mimetype': [ '3.0.0' ],
46 silly audit   'whatwg-url-minimum': [ '0.1.2' ],
46 silly audit   which: [ '2.0.2' ],
46 silly audit   'which-boxed-primitive': [ '1.1.1' ],
46 silly audit   'which-builtin-type': [ '1.2.1' ],
46 silly audit   'which-collection': [ '1.0.2' ],
46 silly audit   'which-typed-array': [ '1.1.22' ],
46 silly audit   'word-wrap': [ '1.2.5' ],
46 silly audit   'wrap-ansi': [ '7.0.0' ],
46 silly audit   wrappy: [ '1.0.2' ],
46 silly audit   'write-file-atomic': [ '4.0.2' ],
46 silly audit   xcode: [ '3.0.1' ],
46 silly audit   'xml-name-validator': [ '4.0.0' ],
46 silly audit   xml2js: [ '0.6.0' ],
46 silly audit   xmlbuilder: [ '11.0.1', '15.1.1' ],
46 silly audit   xmlchars: [ '2.2.0' ],
46 silly audit   y18n: [ '5.0.8' ],
46 silly audit   yallist: [ '3.1.1' ],
46 silly audit   yaml: [ '2.9.0' ],
46 silly audit   yargs: [ '17.7.3' ],
46 silly audit   'yargs-parser': [ '21.1.1' ],
46 silly audit   'yocto-queue': [ '0.1.0' ],
46 silly audit   'zod-validation-error': [ '4.0.2' ],
46 silly audit   '@emnapi/core': [ '1.10.0' ],
46 silly audit   '@emnapi/runtime': [ '1.10.0' ],
46 silly audit   '@emnapi/wasi-threads': [ '1.2.2', '1.2.1' ]
46 silly audit }
47 http cache xmlchars@https://registry.npmjs.org/xmlchars/-/xmlchars-2.2.0.tgz 0ms (cache hit)
48 http cache xml-name-validator@https://registry.npmjs.org/xml-name-validator/-/xml-name-validator-4.0.0.tgz 0ms (cache hit)
49 http cache write-file-atomic@https://registry.npmjs.org/write-file-atomic/-/write-file-atomic-4.0.2.tgz 0ms (cache hit)
50 http cache wrappy@https://registry.npmjs.org/wrappy/-/wrappy-1.0.2.tgz 0ms (cache hit)
51 http cache whatwg-mimetype@https://registry.npmjs.org/whatwg-mimetype/-/whatwg-mimetype-3.0.0.tgz 0ms (cache hit)
52 http cache whatwg-encoding@https://registry.npmjs.org/whatwg-encoding/-/whatwg-encoding-2.0.0.tgz 0ms (cache hit)
53 http cache url-parse@https://registry.npmjs.org/url-parse/-/url-parse-1.5.10.tgz 0ms (cache hit)
54 http cache v8-to-istanbul@https://registry.npmjs.org/v8-to-istanbul/-/v8-to-istanbul-9.3.0.tgz 0ms (cache hit)
55 http cache w3c-xmlserializer@https://registry.npmjs.org/w3c-xmlserializer/-/w3c-xmlserializer-4.0.0.tgz 0ms (cache hit)
56 http cache universalify@https://registry.npmjs.org/universalify/-/universalify-0.2.0.tgz 1ms (cache hit)
57 http cache test-renderer@https://registry.npmjs.org/test-renderer/-/test-renderer-1.2.0.tgz 0ms (cache hit)
58 http cache tough-cookie@https://registry.npmjs.org/tough-cookie/-/tough-cookie-4.1.4.tgz 0ms (cache hit)
59 http cache type-detect@https://registry.npmjs.org/type-detect/-/type-detect-4.0.8.tgz 0ms (cache hit)
60 http cache symbol-tree@https://registry.npmjs.org/symbol-tree/-/symbol-tree-3.2.4.tgz 0ms (cache hit)
61 http cache test-exclude@https://registry.npmjs.org/test-exclude/-/test-exclude-6.0.0.tgz 0ms (cache hit)
62 http cache strip-final-newline@https://registry.npmjs.org/strip-final-newline/-/strip-final-newline-2.0.0.tgz 0ms (cache hit)
63 http cache stacktrace-js@https://registry.npmjs.org/stacktrace-js/-/stacktrace-js-2.0.2.tgz 0ms (cache hit)
64 http cache string-length@https://registry.npmjs.org/string-length/-/string-length-4.0.2.tgz 0ms (cache hit)
65 http cache stacktrace-gps@https://registry.npmjs.org/stacktrace-gps/-/stacktrace-gps-3.1.2.tgz 0ms (cache hit)
66 http cache stack-generator@https://registry.npmjs.org/stack-generator/-/stack-generator-2.0.10.tgz 0ms (cache hit)
67 http cache stack-utils@https://registry.npmjs.org/stack-utils/-/stack-utils-2.0.6.tgz 0ms (cache hit)
68 http cache sprintf-js@https://registry.npmjs.org/sprintf-js/-/sprintf-js-1.0.3.tgz 0ms (cache hit)
69 http cache slash@https://registry.npmjs.org/slash/-/slash-3.0.0.tgz 0ms (cache hit)
70 http cache safer-buffer@https://registry.npmjs.org/safer-buffer/-/safer-buffer-2.1.2.tgz 0ms (cache hit)
71 http cache saxes@https://registry.npmjs.org/saxes/-/saxes-6.0.0.tgz 0ms (cache hit)
72 http cache resolve.exports@https://registry.npmjs.org/resolve.exports/-/resolve.exports-2.0.3.tgz 0ms (cache hit)
73 http cache resolve-cwd@https://registry.npmjs.org/resolve-cwd/-/resolve-cwd-3.0.0.tgz 0ms (cache hit)
74 http cache react-test-renderer@https://registry.npmjs.org/react-test-renderer/-/react-test-renderer-19.2.3.tgz 0ms (cache hit)
75 http cache requires-port@https://registry.npmjs.org/requires-port/-/requires-port-1.0.0.tgz 0ms (cache hit)
76 http cache react-is-19@https://registry.npmjs.org/react-is/-/react-is-19.2.7.tgz 0ms (cache hit)
77 http cache react-reconciler@https://registry.npmjs.org/react-reconciler/-/react-reconciler-0.33.0.tgz 0ms (cache hit)
78 http cache react-is-18@https://registry.npmjs.org/react-is/-/react-is-18.3.1.tgz 0ms (cache hit)
79 http cache pure-rand@https://registry.npmjs.org/pure-rand/-/pure-rand-6.1.0.tgz 0ms (cache hit)
80 http cache querystringify@https://registry.npmjs.org/querystringify/-/querystringify-2.2.0.tgz 0ms (cache hit)
81 http cache pkg-dir@https://registry.npmjs.org/pkg-dir/-/pkg-dir-4.2.0.tgz 0ms (cache hit)
82 http cache psl@https://registry.npmjs.org/psl/-/psl-1.15.0.tgz 0ms (cache hit)
83 http cache pirates@https://registry.npmjs.org/pirates/-/pirates-4.0.7.tgz 0ms (cache hit)
84 http cache path-is-absolute@https://registry.npmjs.org/path-is-absolute/-/path-is-absolute-1.0.1.tgz 0ms (cache hit)
85 http cache parse5@https://registry.npmjs.org/parse5/-/parse5-7.3.0.tgz 0ms (cache hit)
86 http cache p-try@https://registry.npmjs.org/p-try/-/p-try-2.2.0.tgz 0ms (cache hit)
87 http cache parse-json@https://registry.npmjs.org/parse-json/-/parse-json-5.2.0.tgz 0ms (cache hit)
88 http cache nwsapi@https://registry.npmjs.org/nwsapi/-/nwsapi-2.2.24.tgz 0ms (cache hit)
89 http cache once@https://registry.npmjs.org/once/-/once-1.4.0.tgz 0ms (cache hit)
90 http cache normalize-path@https://registry.npmjs.org/normalize-path/-/normalize-path-3.0.0.tgz 0ms (cache hit)
91 http cache make-dir@https://registry.npmjs.org/make-dir/-/make-dir-4.0.0.tgz 0ms (cache hit)
92 http cache npm-run-path@https://registry.npmjs.org/npm-run-path/-/npm-run-path-4.0.1.tgz 0ms (cache hit)
93 http cache lodash@https://registry.npmjs.org/lodash/-/lodash-4.18.1.tgz 0ms (cache hit)
94 http cache lines-and-columns@https://registry.npmjs.org/lines-and-columns/-/lines-and-columns-1.2.4.tgz 0ms (cache hit)
95 http cache json-parse-even-better-errors@https://registry.npmjs.org/json-parse-even-better-errors/-/json-parse-even-better-errors-2.3.1.tgz 0ms (cache hit)
96 http cache jest-watcher@https://registry.npmjs.org/jest-watcher/-/jest-watcher-29.7.0.tgz 0ms (cache hit)
97 http cache jest-watch-select-projects@https://registry.npmjs.org/jest-watch-select-projects/-/jest-watch-select-projects-2.0.0.tgz 0ms (cache hit)
98 http cache jest-watch-typeahead@https://registry.npmjs.org/jest-watch-typeahead/-/jest-watch-typeahead-2.2.1.tgz 0ms (cache hit)
99 http cache jsdom@https://registry.npmjs.org/jsdom/-/jsdom-20.0.3.tgz 0ms (cache hit)
100 http cache jest-runtime@https://registry.npmjs.org/jest-runtime/-/jest-runtime-29.7.0.tgz 0ms (cache hit)
101 http cache jest-snapshot@https://registry.npmjs.org/jest-snapshot/-/jest-snapshot-29.7.0.tgz 0ms (cache hit)
102 http cache jest-resolve@https://registry.npmjs.org/jest-resolve/-/jest-resolve-29.7.0.tgz 0ms (cache hit)
103 http cache jest-runner@https://registry.npmjs.org/jest-runner/-/jest-runner-29.7.0.tgz 0ms (cache hit)
104 http cache jest-resolve-dependencies@https://registry.npmjs.org/jest-resolve-dependencies/-/jest-resolve-dependencies-29.7.0.tgz 0ms (cache hit)
105 http cache jest-regex-util@https://registry.npmjs.org/jest-regex-util/-/jest-regex-util-30.4.0.tgz 0ms (cache hit)
106 http cache jest-pnp-resolver@https://registry.npmjs.org/jest-pnp-resolver/-/jest-pnp-resolver-1.2.3.tgz 0ms (cache hit)
107 http cache jest-mock@https://registry.npmjs.org/jest-mock/-/jest-mock-30.4.1.tgz 0ms (cache hit)
108 http cache jest-message-util@https://registry.npmjs.org/jest-message-util/-/jest-message-util-30.4.1.tgz 0ms (cache hit)
109 http cache jest-leak-detector@https://registry.npmjs.org/jest-leak-detector/-/jest-leak-detector-29.7.0.tgz 0ms (cache hit)
110 http cache jest-matcher-utils@https://registry.npmjs.org/jest-matcher-utils/-/jest-matcher-utils-29.7.0.tgz 0ms (cache hit)
111 http cache jest-haste-map@https://registry.npmjs.org/jest-haste-map/-/jest-haste-map-29.7.0.tgz 0ms (cache hit)
112 http cache jest-expo@https://registry.npmjs.org/jest-expo/-/jest-expo-57.0.0.tgz 0ms (cache hit)
113 http cache jest-environment-jsdom@https://registry.npmjs.org/jest-environment-jsdom/-/jest-environment-jsdom-29.7.0.tgz 0ms (cache hit)
114 http cache jest-environment-node@https://registry.npmjs.org/jest-environment-node/-/jest-environment-node-29.7.0.tgz 0ms (cache hit)
115 http cache jest-each@https://registry.npmjs.org/jest-each/-/jest-each-29.7.0.tgz 0ms (cache hit)
116 http cache jest-docblock@https://registry.npmjs.org/jest-docblock/-/jest-docblock-29.7.0.tgz 0ms (cache hit)
117 http cache jest-diff@https://registry.npmjs.org/jest-diff/-/jest-diff-29.7.0.tgz 0ms (cache hit)
118 http cache jest-cli@https://registry.npmjs.org/jest-cli/-/jest-cli-29.7.0.tgz 0ms (cache hit)
119 http cache istanbul-reports@https://registry.npmjs.org/istanbul-reports/-/istanbul-reports-3.2.0.tgz 0ms (cache hit)
120 http cache jest@https://registry.npmjs.org/jest/-/jest-29.7.0.tgz 0ms (cache hit)
121 http cache jest-changed-files@https://registry.npmjs.org/jest-changed-files/-/jest-changed-files-29.7.0.tgz 0ms (cache hit)
122 http cache jest-circus@https://registry.npmjs.org/jest-circus/-/jest-circus-29.7.0.tgz 0ms (cache hit)
123 http cache istanbul-lib-source-maps@https://registry.npmjs.org/istanbul-lib-source-maps/-/istanbul-lib-source-maps-4.0.1.tgz 0ms (cache hit)
124 http cache istanbul-lib-report@https://registry.npmjs.org/istanbul-lib-report/-/istanbul-lib-report-3.0.1.tgz 0ms (cache hit)
125 http cache is-potential-custom-element-name@https://registry.npmjs.org/is-potential-custom-element-name/-/is-potential-custom-element-name-1.0.1.tgz 0ms (cache hit)
126 http cache is-stream@https://registry.npmjs.org/is-stream/-/is-stream-2.0.1.tgz 0ms (cache hit)
127 http cache istanbul-lib-instrument@https://registry.npmjs.org/istanbul-lib-instrument/-/istanbul-lib-instrument-6.0.3.tgz 0ms (cache hit)
128 http cache inflight@https://registry.npmjs.org/inflight/-/inflight-1.0.6.tgz 0ms (cache hit)
129 http cache import-local@https://registry.npmjs.org/import-local/-/import-local-3.2.0.tgz 0ms (cache hit)
130 http cache human-signals@https://registry.npmjs.org/human-signals/-/human-signals-2.1.0.tgz 0ms (cache hit)
131 http cache iconv-lite@https://registry.npmjs.org/iconv-lite/-/iconv-lite-0.6.3.tgz 0ms (cache hit)
132 http cache http-proxy-agent@https://registry.npmjs.org/http-proxy-agent/-/http-proxy-agent-5.0.0.tgz 0ms (cache hit)
133 http cache html-escaper@https://registry.npmjs.org/html-escaper/-/html-escaper-2.0.2.tgz 0ms (cache hit)
134 http cache is-generator-fn@https://registry.npmjs.org/is-generator-fn/-/is-generator-fn-2.1.0.tgz 0ms (cache hit)
135 http cache html-encoding-sniffer@https://registry.npmjs.org/html-encoding-sniffer/-/html-encoding-sniffer-3.0.0.tgz 0ms (cache hit)
136 http cache get-package-type@https://registry.npmjs.org/get-package-type/-/get-package-type-0.1.0.tgz 0ms (cache hit)
137 http cache get-stream@https://registry.npmjs.org/get-stream/-/get-stream-6.0.1.tgz 0ms (cache hit)
138 http cache expect@https://registry.npmjs.org/expect/-/expect-30.4.1.tgz 0ms (cache hit)
139 http cache fs.realpath@https://registry.npmjs.org/fs.realpath/-/fs.realpath-1.0.0.tgz 0ms (cache hit)
140 http cache form-data@https://registry.npmjs.org/form-data/-/form-data-4.0.6.tgz 0ms (cache hit)
141 http cache exit@https://registry.npmjs.org/exit/-/exit-0.1.2.tgz 0ms (cache hit)
142 http cache esprima@https://registry.npmjs.org/esprima/-/esprima-4.0.1.tgz 0ms (cache hit)
143 http cache execa@https://registry.npmjs.org/execa/-/execa-5.1.1.tgz 0ms (cache hit)
144 http cache escodegen@https://registry.npmjs.org/escodegen/-/escodegen-2.1.0.tgz 0ms (cache hit)
145 http cache error-ex@https://registry.npmjs.org/error-ex/-/error-ex-1.3.4.tgz 0ms (cache hit)
146 http cache entities@https://registry.npmjs.org/entities/-/entities-6.0.1.tgz 0ms (cache hit)
147 http cache emittery@https://registry.npmjs.org/emittery/-/emittery-0.13.1.tgz 0ms (cache hit)
148 http cache domexception@https://registry.npmjs.org/domexception/-/domexception-4.0.0.tgz 0ms (cache hit)
149 http cache istanbul-lib-coverage@https://registry.npmjs.org/istanbul-lib-coverage/-/istanbul-lib-coverage-3.2.2.tgz 0ms (cache hit)
150 http cache detect-newline@https://registry.npmjs.org/detect-newline/-/detect-newline-3.1.0.tgz 0ms (cache hit)
151 http cache diff-sequences@https://registry.npmjs.org/diff-sequences/-/diff-sequences-29.6.3.tgz 0ms (cache hit)
152 http cache dedent@https://registry.npmjs.org/dedent/-/dedent-1.7.2.tgz 0ms (cache hit)
153 http cache decimal.js@https://registry.npmjs.org/decimal.js/-/decimal.js-10.6.0.tgz 0ms (cache hit)
154 http cache data-urls@https://registry.npmjs.org/data-urls/-/data-urls-3.0.2.tgz 0ms (cache hit)
155 http cache cssstyle@https://registry.npmjs.org/cssstyle/-/cssstyle-2.3.0.tgz 0ms (cache hit)
156 http cache cssom@https://registry.npmjs.org/cssom/-/cssom-0.5.0.tgz 0ms (cache hit)
157 http cache create-jest@https://registry.npmjs.org/create-jest/-/create-jest-29.7.0.tgz 0ms (cache hit)
158 http cache combined-stream@https://registry.npmjs.org/combined-stream/-/combined-stream-1.0.8.tgz 0ms (cache hit)
159 http cache collect-v8-coverage@https://registry.npmjs.org/collect-v8-coverage/-/collect-v8-coverage-1.0.3.tgz 0ms (cache hit)
160 http cache delayed-stream@https://registry.npmjs.org/delayed-stream/-/delayed-stream-1.0.0.tgz 0ms (cache hit)
161 http cache cjs-module-lexer@https://registry.npmjs.org/cjs-module-lexer/-/cjs-module-lexer-1.4.3.tgz 0ms (cache hit)
162 http cache babel-preset-jest@https://registry.npmjs.org/babel-preset-jest/-/babel-preset-jest-29.6.3.tgz 0ms (cache hit)
163 http cache jest-config@https://registry.npmjs.org/jest-config/-/jest-config-29.7.0.tgz 0ms (cache hit)
164 http cache char-regex@https://registry.npmjs.org/char-regex/-/char-regex-1.0.2.tgz 0ms (cache hit)
165 http cache babel-preset-current-node-syntax@https://registry.npmjs.org/babel-preset-current-node-syntax/-/babel-preset-current-node-syntax-1.2.0.tgz 0ms (cache hit)
166 http cache babel-plugin-jest-hoist@https://registry.npmjs.org/babel-plugin-jest-hoist/-/babel-plugin-jest-hoist-29.6.3.tgz 0ms (cache hit)
167 http cache babel-jest@https://registry.npmjs.org/babel-jest/-/babel-jest-29.7.0.tgz 0ms (cache hit)
168 http cache acorn-walk@https://registry.npmjs.org/acorn-walk/-/acorn-walk-8.3.5.tgz 0ms (cache hit)
169 http cache babel-plugin-istanbul@https://registry.npmjs.org/babel-plugin-istanbul/-/babel-plugin-istanbul-6.1.1.tgz 0ms (cache hit)
170 http cache asynckit@https://registry.npmjs.org/asynckit/-/asynckit-0.4.0.tgz 0ms (cache hit)
171 http cache anymatch@https://registry.npmjs.org/anymatch/-/anymatch-3.1.3.tgz 0ms (cache hit)
172 http cache acorn-globals@https://registry.npmjs.org/acorn-globals/-/acorn-globals-7.0.1.tgz 0ms (cache hit)
173 http cache abab@https://registry.npmjs.org/abab/-/abab-2.0.6.tgz 0ms (cache hit)
174 http cache @types/tough-cookie@https://registry.npmjs.org/@types/tough-cookie/-/tough-cookie-4.0.5.tgz 0ms (cache hit)
175 http cache @types/stack-utils@https://registry.npmjs.org/@types/stack-utils/-/stack-utils-2.0.3.tgz 0ms (cache hit)
176 http cache @types/react-reconciler@https://registry.npmjs.org/@types/react-reconciler/-/react-reconciler-0.33.0.tgz 0ms (cache hit)
177 http cache @types/jsdom@https://registry.npmjs.org/@types/jsdom/-/jsdom-20.0.1.tgz 0ms (cache hit)
178 http cache @types/graceful-fs@https://registry.npmjs.org/@types/graceful-fs/-/graceful-fs-4.1.9.tgz 0ms (cache hit)
179 http cache @types/jest@https://registry.npmjs.org/@types/jest/-/jest-30.0.0.tgz 0ms (cache hit)
180 http cache @types/babel__traverse@https://registry.npmjs.org/@types/babel__traverse/-/babel__traverse-7.28.0.tgz 0ms (cache hit)
181 http cache @types/babel__template@https://registry.npmjs.org/@types/babel__template/-/babel__template-7.4.4.tgz 0ms (cache hit)
182 http cache @types/babel__generator@https://registry.npmjs.org/@types/babel__generator/-/babel__generator-7.27.0.tgz 0ms (cache hit)
183 http cache @types/babel__core@https://registry.npmjs.org/@types/babel__core/-/babel__core-7.20.5.tgz 0ms (cache hit)
184 http cache co@https://registry.npmjs.org/co/-/co-4.6.0.tgz 0ms (cache hit)
185 http cache @tootallnate/once@https://registry.npmjs.org/@tootallnate/once/-/once-2.0.1.tgz 0ms (cache hit)
186 http cache @testing-library/jest-native@https://registry.npmjs.org/@testing-library/jest-native/-/jest-native-5.4.3.tgz 0ms (cache hit)
187 http cache @testing-library/react-native@https://registry.npmjs.org/@testing-library/react-native/-/react-native-14.0.1.tgz 0ms (cache hit)
188 http cache @react-native/jest-preset@https://registry.npmjs.org/@react-native/jest-preset/-/jest-preset-0.85.3.tgz 0ms (cache hit)
189 http cache @jest/test-sequencer@https://registry.npmjs.org/@jest/test-sequencer/-/test-sequencer-29.7.0.tgz 0ms (cache hit)
190 http cache @sinonjs/fake-timers@https://registry.npmjs.org/@sinonjs/fake-timers/-/fake-timers-10.3.0.tgz 0ms (cache hit)
191 http cache @sinonjs/commons@https://registry.npmjs.org/@sinonjs/commons/-/commons-3.0.1.tgz 0ms (cache hit)
192 http cache @jest/transform@https://registry.npmjs.org/@jest/transform/-/transform-29.7.0.tgz 0ms (cache hit)
193 http cache @jest/test-result@https://registry.npmjs.org/@jest/test-result/-/test-result-29.7.0.tgz 0ms (cache hit)
194 http cache @jest/source-map@https://registry.npmjs.org/@jest/source-map/-/source-map-29.6.3.tgz 0ms (cache hit)
195 http cache @jest/get-type@https://registry.npmjs.org/@jest/get-type/-/get-type-30.1.0.tgz 0ms (cache hit)
196 http cache @jest/globals@https://registry.npmjs.org/@jest/globals/-/globals-29.7.0.tgz 0ms (cache hit)
197 http cache @jest/reporters@https://registry.npmjs.org/@jest/reporters/-/reporters-29.7.0.tgz 0ms (cache hit)
198 http cache @jest/pattern@https://registry.npmjs.org/@jest/pattern/-/pattern-30.4.0.tgz 0ms (cache hit)
199 http cache @jest/fake-timers@https://registry.npmjs.org/@jest/fake-timers/-/fake-timers-29.7.0.tgz 0ms (cache hit)
200 http cache @jest/expect-utils@https://registry.npmjs.org/@jest/expect-utils/-/expect-utils-30.4.1.tgz 0ms (cache hit)
201 http cache @jest/environment@https://registry.npmjs.org/@jest/environment/-/environment-29.7.0.tgz 0ms (cache hit)
202 http cache @jest/expect@https://registry.npmjs.org/@jest/expect/-/expect-29.7.0.tgz 0ms (cache hit)
203 http cache @jest/create-cache-key-function@https://registry.npmjs.org/@jest/create-cache-key-function/-/create-cache-key-function-29.7.0.tgz 0ms (cache hit)
204 http cache @jest/core@https://registry.npmjs.org/@jest/core/-/core-29.7.0.tgz 0ms (cache hit)
205 http cache @istanbuljs/schema@https://registry.npmjs.org/@istanbuljs/schema/-/schema-0.1.6.tgz 0ms (cache hit)
206 http cache @jest/diff-sequences@https://registry.npmjs.org/@jest/diff-sequences/-/diff-sequences-30.4.0.tgz 0ms (cache hit)
207 http cache @jest/console@https://registry.npmjs.org/@jest/console/-/console-29.7.0.tgz 0ms (cache hit)
208 http cache @babel/plugin-syntax-private-property-in-object@https://registry.npmjs.org/@babel/plugin-syntax-private-property-in-object/-/plugin-syntax-private-property-in-object-7.14.5.tgz 0ms (cache hit)
209 http cache @bcoe/v8-coverage@https://registry.npmjs.org/@bcoe/v8-coverage/-/v8-coverage-0.2.3.tgz 0ms (cache hit)
210 http cache @babel/plugin-syntax-optional-catch-binding@https://registry.npmjs.org/@babel/plugin-syntax-optional-catch-binding/-/plugin-syntax-optional-catch-binding-7.8.3.tgz 0ms (cache hit)
211 http cache @babel/plugin-syntax-object-rest-spread@https://registry.npmjs.org/@babel/plugin-syntax-object-rest-spread/-/plugin-syntax-object-rest-spread-7.8.3.tgz 0ms (cache hit)
212 http cache @babel/plugin-syntax-numeric-separator@https://registry.npmjs.org/@babel/plugin-syntax-numeric-separator/-/plugin-syntax-numeric-separator-7.10.4.tgz 0ms (cache hit)
213 http cache @babel/plugin-syntax-logical-assignment-operators@https://registry.npmjs.org/@babel/plugin-syntax-logical-assignment-operators/-/plugin-syntax-logical-assignment-operators-7.10.4.tgz 0ms (cache hit)
214 http cache @babel/plugin-syntax-json-strings@https://registry.npmjs.org/@babel/plugin-syntax-json-strings/-/plugin-syntax-json-strings-7.8.3.tgz 0ms (cache hit)
215 http cache @babel/plugin-syntax-import-attributes@https://registry.npmjs.org/@babel/plugin-syntax-import-attributes/-/plugin-syntax-import-attributes-7.29.7.tgz 0ms (cache hit)
216 http cache @babel/plugin-syntax-import-meta@https://registry.npmjs.org/@babel/plugin-syntax-import-meta/-/plugin-syntax-import-meta-7.10.4.tgz 0ms (cache hit)
217 http cache @babel/plugin-syntax-class-static-block@https://registry.npmjs.org/@babel/plugin-syntax-class-static-block/-/plugin-syntax-class-static-block-7.14.5.tgz 0ms (cache hit)
218 http cache @babel/plugin-syntax-class-properties@https://registry.npmjs.org/@babel/plugin-syntax-class-properties/-/plugin-syntax-class-properties-7.12.13.tgz 0ms (cache hit)
219 http cache @babel/plugin-syntax-bigint@https://registry.npmjs.org/@babel/plugin-syntax-bigint/-/plugin-syntax-bigint-7.8.3.tgz 0ms (cache hit)
220 http cache @babel/plugin-syntax-async-generators@https://registry.npmjs.org/@babel/plugin-syntax-async-generators/-/plugin-syntax-async-generators-7.8.4.tgz 0ms (cache hit)
221 http cache @emnapi/wasi-threads@https://registry.npmjs.org/@emnapi/wasi-threads/-/wasi-threads-1.2.2.tgz 0ms (cache hit)
222 http cache glob@https://registry.npmjs.org/glob/-/glob-7.2.3.tgz 0ms (cache hit)
223 http cache source-map@https://registry.npmjs.org/source-map/-/source-map-0.5.6.tgz 0ms (cache hit)
224 http cache p-locate@https://registry.npmjs.org/p-locate/-/p-locate-4.1.0.tgz 0ms (cache hit)
225 http cache escape-string-regexp@https://registry.npmjs.org/escape-string-regexp/-/escape-string-regexp-2.0.0.tgz 0ms (cache hit)
226 http cache @babel/plugin-syntax-top-level-await@https://registry.npmjs.org/@babel/plugin-syntax-top-level-await/-/plugin-syntax-top-level-await-7.14.5.tgz 0ms (cache hit)
227 http cache locate-path@https://registry.npmjs.org/locate-path/-/locate-path-5.0.0.tgz 0ms (cache hit)
228 http cache find-up@https://registry.npmjs.org/find-up/-/find-up-4.1.0.tgz 0ms (cache hit)
229 http cache whatwg-url@https://registry.npmjs.org/whatwg-url/-/whatwg-url-11.0.0.tgz 0ms (cache hit)
230 http cache p-limit@https://registry.npmjs.org/p-limit/-/p-limit-2.3.0.tgz 1ms (cache hit)
231 http cache ws@https://registry.npmjs.org/ws/-/ws-8.21.0.tgz 0ms (cache hit)
232 http cache webidl-conversions@https://registry.npmjs.org/webidl-conversions/-/webidl-conversions-7.0.0.tgz 0ms (cache hit)
233 http cache https-proxy-agent@https://registry.npmjs.org/https-proxy-agent/-/https-proxy-agent-5.0.1.tgz 0ms (cache hit)
234 http cache @istanbuljs/load-nyc-config@https://registry.npmjs.org/@istanbuljs/load-nyc-config/-/load-nyc-config-1.1.0.tgz 0ms (cache hit)
235 http cache strip-ansi@https://registry.npmjs.org/strip-ansi/-/strip-ansi-7.2.0.tgz 0ms (cache hit)
236 http cache tr46@https://registry.npmjs.org/tr46/-/tr46-3.0.0.tgz 0ms (cache hit)
237 http cache string-length@https://registry.npmjs.org/string-length/-/string-length-5.0.1.tgz 0ms (cache hit)
238 http cache slash@https://registry.npmjs.org/slash/-/slash-5.1.0.tgz 0ms (cache hit)
239 http cache jest-regex-util@https://registry.npmjs.org/jest-regex-util/-/jest-regex-util-29.6.3.tgz 0ms (cache hit)
240 http cache agent-base@https://registry.npmjs.org/agent-base/-/agent-base-6.0.2.tgz 0ms (cache hit)
241 http cache char-regex@https://registry.npmjs.org/char-regex/-/char-regex-2.0.2.tgz 0ms (cache hit)
242 http cache ansi-regex@https://registry.npmjs.org/ansi-regex/-/ansi-regex-6.2.2.tgz 0ms (cache hit)
243 http cache expect@https://registry.npmjs.org/expect/-/expect-29.7.0.tgz 0ms (cache hit)
244 http cache chalk@https://registry.npmjs.org/chalk/-/chalk-3.0.0.tgz 0ms (cache hit)
245 http cache jest-message-util@https://registry.npmjs.org/jest-message-util/-/jest-message-util-29.7.0.tgz 0ms (cache hit)
246 http cache strip-bom@https://registry.npmjs.org/strip-bom/-/strip-bom-4.0.0.tgz 0ms (cache hit)
247 http cache jest-regex-util@https://registry.npmjs.org/jest-regex-util/-/jest-regex-util-29.6.3.tgz 0ms (cache hit)
248 http cache ansi-escapes@https://registry.npmjs.org/ansi-escapes/-/ansi-escapes-6.2.1.tgz 0ms (cache hit)
249 http cache glob@https://registry.npmjs.org/glob/-/glob-7.2.3.tgz 0ms (cache hit)
250 http cache @jest/expect-utils@https://registry.npmjs.org/@jest/expect-utils/-/expect-utils-29.7.0.tgz 0ms (cache hit)
251 http cache source-map-support@https://registry.npmjs.org/source-map-support/-/source-map-support-0.5.13.tgz 0ms (cache hit)
252 http cache jest-message-util@https://registry.npmjs.org/jest-message-util/-/jest-message-util-29.7.0.tgz 0ms (cache hit)
253 http cache jest-regex-util@https://registry.npmjs.org/jest-regex-util/-/jest-regex-util-29.6.3.tgz 0ms (cache hit)
254 http cache jest-util@https://registry.npmjs.org/jest-util/-/jest-util-30.4.1.tgz 0ms (cache hit)
255 http cache jest-mock@https://registry.npmjs.org/jest-mock/-/jest-mock-29.7.0.tgz 0ms (cache hit)
256 http cache @sinclair/typebox@https://registry.npmjs.org/@sinclair/typebox/-/typebox-0.34.49.tgz 0ms (cache hit)
257 http cache jest-message-util@https://registry.npmjs.org/jest-message-util/-/jest-message-util-29.7.0.tgz 0ms (cache hit)
258 http cache ci-info@https://registry.npmjs.org/ci-info/-/ci-info-4.4.0.tgz 0ms (cache hit)
259 http cache pretty-format@https://registry.npmjs.org/pretty-format/-/pretty-format-30.4.1.tgz 0ms (cache hit)
260 http cache jest-util@https://registry.npmjs.org/jest-util/-/jest-util-30.4.1.tgz 1ms (cache hit)
261 http cache source-map@https://registry.npmjs.org/source-map/-/source-map-0.6.1.tgz 0ms (cache hit)
262 http cache ansi-styles@https://registry.npmjs.org/ansi-styles/-/ansi-styles-5.2.0.tgz 0ms (cache hit)
263 http cache ci-info@https://registry.npmjs.org/ci-info/-/ci-info-4.4.0.tgz 0ms (cache hit)
264 http cache @jest/schemas@https://registry.npmjs.org/@jest/schemas/-/schemas-30.4.1.tgz 0ms (cache hit)
265 http cache @jest/types@https://registry.npmjs.org/@jest/types/-/types-30.4.1.tgz 0ms (cache hit)
266 http cache @sinclair/typebox@https://registry.npmjs.org/@sinclair/typebox/-/typebox-0.34.49.tgz 0ms (cache hit)
267 http cache @jest/types@https://registry.npmjs.org/@jest/types/-/types-30.4.1.tgz 0ms (cache hit)
268 http cache @jest/schemas@https://registry.npmjs.org/@jest/schemas/-/schemas-30.4.1.tgz 0ms (cache hit)
269 http cache jest-mock@https://registry.npmjs.org/jest-mock/-/jest-mock-29.7.0.tgz 0ms (cache hit)
270 http cache jest-mock@https://registry.npmjs.org/jest-mock/-/jest-mock-29.7.0.tgz 0ms (cache hit)
271 http cache glob@https://registry.npmjs.org/glob/-/glob-7.2.3.tgz 0ms (cache hit)
272 http cache ci-info@https://registry.npmjs.org/ci-info/-/ci-info-3.9.0.tgz 0ms (cache hit)
273 http cache jest-regex-util@https://registry.npmjs.org/jest-regex-util/-/jest-regex-util-29.6.3.tgz 0ms (cache hit)
274 http cache source-map@https://registry.npmjs.org/source-map/-/source-map-0.6.1.tgz 0ms (cache hit)
275 http cache jest-message-util@https://registry.npmjs.org/jest-message-util/-/jest-message-util-29.7.0.tgz 0ms (cache hit)
276 http cache mime-types@https://registry.npmjs.org/mime-types/-/mime-types-2.1.35.tgz 0ms (cache hit)
277 http cache agent-base@https://registry.npmjs.org/agent-base/-/agent-base-6.0.2.tgz 0ms (cache hit)
278 http cache mime-db@https://registry.npmjs.org/mime-db/-/mime-db-1.52.0.tgz 0ms (cache hit)
279 http cache pretty-format@https://registry.npmjs.org/pretty-format/-/pretty-format-30.4.1.tgz 0ms (cache hit)
280 http cache jest-regex-util@https://registry.npmjs.org/jest-regex-util/-/jest-regex-util-29.6.3.tgz 0ms (cache hit)
281 http cache jest-matcher-utils@https://registry.npmjs.org/jest-matcher-utils/-/jest-matcher-utils-30.4.1.tgz 0ms (cache hit)
282 http cache jest-util@https://registry.npmjs.org/jest-util/-/jest-util-30.4.1.tgz 0ms (cache hit)
283 http cache ci-info@https://registry.npmjs.org/ci-info/-/ci-info-4.4.0.tgz 0ms (cache hit)
284 http cache ansi-styles@https://registry.npmjs.org/ansi-styles/-/ansi-styles-5.2.0.tgz 0ms (cache hit)
285 http cache jest-diff@https://registry.npmjs.org/jest-diff/-/jest-diff-30.4.1.tgz 0ms (cache hit)
286 http cache @jest/types@https://registry.npmjs.org/@jest/types/-/types-30.4.1.tgz 0ms (cache hit)
287 http cache @sinclair/typebox@https://registry.npmjs.org/@sinclair/typebox/-/typebox-0.34.49.tgz 0ms (cache hit)
288 http cache @jest/schemas@https://registry.npmjs.org/@jest/schemas/-/schemas-30.4.1.tgz 0ms (cache hit)
289 http cache source-map@https://registry.npmjs.org/source-map/-/source-map-0.6.1.tgz 0ms (cache hit)
290 http cache onetime@https://registry.npmjs.org/onetime/-/onetime-5.1.2.tgz 0ms (cache hit)
291 http cache is-arrayish@https://registry.npmjs.org/is-arrayish/-/is-arrayish-0.2.1.tgz 0ms (cache hit)
292 http cache mimic-fn@https://registry.npmjs.org/mimic-fn/-/mimic-fn-2.1.0.tgz 0ms (cache hit)
293 http cache webidl-conversions@https://registry.npmjs.org/webidl-conversions/-/webidl-conversions-7.0.0.tgz 0ms (cache hit)
294 http cache tr46@https://registry.npmjs.org/tr46/-/tr46-3.0.0.tgz 0ms (cache hit)
295 http cache whatwg-url@https://registry.npmjs.org/whatwg-url/-/whatwg-url-11.0.0.tgz 0ms (cache hit)
296 http cache cssom@https://registry.npmjs.org/cssom/-/cssom-0.3.8.tgz 0ms (cache hit)
297 http cache istanbul-lib-instrument@https://registry.npmjs.org/istanbul-lib-instrument/-/istanbul-lib-instrument-5.2.1.tgz 0ms (cache hit)
298 http cache webidl-conversions@https://registry.npmjs.org/webidl-conversions/-/webidl-conversions-7.0.0.tgz 0ms (cache hit)
299 http cache semver@https://registry.npmjs.org/semver/-/semver-6.3.1.tgz 0ms (cache hit)
300 http cache picomatch@https://registry.npmjs.org/picomatch/-/picomatch-2.3.2.tgz 0ms (cache hit)
301 http cache pretty-format@https://registry.npmjs.org/pretty-format/-/pretty-format-30.4.1.tgz 0ms (cache hit)
302 http cache pretty-format@https://registry.npmjs.org/pretty-format/-/pretty-format-30.4.1.tgz 0ms (cache hit)
303 http cache ansi-styles@https://registry.npmjs.org/ansi-styles/-/ansi-styles-5.2.0.tgz 0ms (cache hit)
304 http cache @jest/schemas@https://registry.npmjs.org/@jest/schemas/-/schemas-30.4.1.tgz 0ms (cache hit)
305 http cache @sinclair/typebox@https://registry.npmjs.org/@sinclair/typebox/-/typebox-0.34.49.tgz 0ms (cache hit)
306 http cache jest-matcher-utils@https://registry.npmjs.org/jest-matcher-utils/-/jest-matcher-utils-30.4.1.tgz 0ms (cache hit)
307 http cache jest-message-util@https://registry.npmjs.org/jest-message-util/-/jest-message-util-29.7.0.tgz 0ms (cache hit)
308 http cache jest-regex-util@https://registry.npmjs.org/jest-regex-util/-/jest-regex-util-29.6.3.tgz 0ms (cache hit)
309 http cache jest-diff@https://registry.npmjs.org/jest-diff/-/jest-diff-30.4.1.tgz 0ms (cache hit)
310 http cache ansi-styles@https://registry.npmjs.org/ansi-styles/-/ansi-styles-5.2.0.tgz 0ms (cache hit)
311 http cache jest-mock@https://registry.npmjs.org/jest-mock/-/jest-mock-29.7.0.tgz 0ms (cache hit)
312 http cache jest-message-util@https://registry.npmjs.org/jest-message-util/-/jest-message-util-29.7.0.tgz 0ms (cache hit)
313 http cache @jest/schemas@https://registry.npmjs.org/@jest/schemas/-/schemas-30.4.1.tgz 0ms (cache hit)
314 http cache jest-mock@https://registry.npmjs.org/jest-mock/-/jest-mock-29.7.0.tgz 0ms (cache hit)
315 http cache @sinclair/typebox@https://registry.npmjs.org/@sinclair/typebox/-/typebox-0.34.49.tgz 0ms (cache hit)
316 http cache jest-mock@https://registry.npmjs.org/jest-mock/-/jest-mock-29.7.0.tgz 0ms (cache hit)
317 http cache @jest/expect-utils@https://registry.npmjs.org/@jest/expect-utils/-/expect-utils-29.7.0.tgz 0ms (cache hit)
318 http cache jest-regex-util@https://registry.npmjs.org/jest-regex-util/-/jest-regex-util-29.6.3.tgz 1ms (cache hit)
319 http cache glob@https://registry.npmjs.org/glob/-/glob-7.2.3.tgz 0ms (cache hit)
320 http cache jest-message-util@https://registry.npmjs.org/jest-message-util/-/jest-message-util-29.7.0.tgz 0ms (cache hit)
321 http cache ci-info@https://registry.npmjs.org/ci-info/-/ci-info-3.9.0.tgz 0ms (cache hit)
322 http cache p-locate@https://registry.npmjs.org/p-locate/-/p-locate-4.1.0.tgz 0ms (cache hit)
323 http cache jest-message-util@https://registry.npmjs.org/jest-message-util/-/jest-message-util-29.7.0.tgz 0ms (cache hit)
324 http cache locate-path@https://registry.npmjs.org/locate-path/-/locate-path-5.0.0.tgz 0ms (cache hit)
325 http cache find-up@https://registry.npmjs.org/find-up/-/find-up-4.1.0.tgz 0ms (cache hit)
326 http cache p-limit@https://registry.npmjs.org/p-limit/-/p-limit-2.3.0.tgz 0ms (cache hit)
327 http cache js-yaml@https://registry.npmjs.org/js-yaml/-/js-yaml-3.15.0.tgz 0ms (cache hit)
328 http cache expect@https://registry.npmjs.org/expect/-/expect-29.7.0.tgz 0ms (cache hit)
329 silly tarball no local data for xmlchars@https://registry.npmjs.org/xmlchars/-/xmlchars-2.2.0.tgz. Extracting by manifest.
330 silly tarball no local data for xml-name-validator@https://registry.npmjs.org/xml-name-validator/-/xml-name-validator-4.0.0.tgz. Extracting by manifest.
331 http cache argparse@https://registry.npmjs.org/argparse/-/argparse-1.0.10.tgz 0ms (cache hit)
332 http cache camelcase@https://registry.npmjs.org/camelcase/-/camelcase-5.3.1.tgz 0ms (cache hit)
333 silly tarball no local data for write-file-atomic@https://registry.npmjs.org/write-file-atomic/-/write-file-atomic-4.0.2.tgz. Extracting by manifest.
334 http cache jest-message-util@https://registry.npmjs.org/jest-message-util/-/jest-message-util-29.7.0.tgz 0ms (cache hit)
335 silly tarball no local data for wrappy@https://registry.npmjs.org/wrappy/-/wrappy-1.0.2.tgz. Extracting by manifest.
336 silly tarball no local data for whatwg-mimetype@https://registry.npmjs.org/whatwg-mimetype/-/whatwg-mimetype-3.0.0.tgz. Extracting by manifest.
337 silly tarball no local data for v8-to-istanbul@https://registry.npmjs.org/v8-to-istanbul/-/v8-to-istanbul-9.3.0.tgz. Extracting by manifest.
338 silly tarball no local data for w3c-xmlserializer@https://registry.npmjs.org/w3c-xmlserializer/-/w3c-xmlserializer-4.0.0.tgz. Extracting by manifest.
339 silly tarball no local data for whatwg-encoding@https://registry.npmjs.org/whatwg-encoding/-/whatwg-encoding-2.0.0.tgz. Extracting by manifest.
340 silly tarball no local data for url-parse@https://registry.npmjs.org/url-parse/-/url-parse-1.5.10.tgz. Extracting by manifest.
341 silly tarball no local data for universalify@https://registry.npmjs.org/universalify/-/universalify-0.2.0.tgz. Extracting by manifest.
342 silly tarball no local data for test-renderer@https://registry.npmjs.org/test-renderer/-/test-renderer-1.2.0.tgz. Extracting by manifest.
343 silly tarball no local data for tough-cookie@https://registry.npmjs.org/tough-cookie/-/tough-cookie-4.1.4.tgz. Extracting by manifest.
344 silly tarball no local data for type-detect@https://registry.npmjs.org/type-detect/-/type-detect-4.0.8.tgz. Extracting by manifest.
345 silly tarball no local data for symbol-tree@https://registry.npmjs.org/symbol-tree/-/symbol-tree-3.2.4.tgz. Extracting by manifest.
346 silly tarball no local data for test-exclude@https://registry.npmjs.org/test-exclude/-/test-exclude-6.0.0.tgz. Extracting by manifest.
347 silly tarball no local data for strip-final-newline@https://registry.npmjs.org/strip-final-newline/-/strip-final-newline-2.0.0.tgz. Extracting by manifest.
348 silly tarball no local data for stacktrace-js@https://registry.npmjs.org/stacktrace-js/-/stacktrace-js-2.0.2.tgz. Extracting by manifest.
349 silly tarball no local data for string-length@https://registry.npmjs.org/string-length/-/string-length-4.0.2.tgz. Extracting by manifest.
350 silly tarball no local data for stacktrace-gps@https://registry.npmjs.org/stacktrace-gps/-/stacktrace-gps-3.1.2.tgz. Extracting by manifest.
351 silly tarball no local data for stack-generator@https://registry.npmjs.org/stack-generator/-/stack-generator-2.0.10.tgz. Extracting by manifest.
352 silly tarball no local data for stack-utils@https://registry.npmjs.org/stack-utils/-/stack-utils-2.0.6.tgz. Extracting by manifest.
353 silly tarball no local data for sprintf-js@https://registry.npmjs.org/sprintf-js/-/sprintf-js-1.0.3.tgz. Extracting by manifest.
354 silly tarball no local data for slash@https://registry.npmjs.org/slash/-/slash-3.0.0.tgz. Extracting by manifest.
355 silly tarball no local data for safer-buffer@https://registry.npmjs.org/safer-buffer/-/safer-buffer-2.1.2.tgz. Extracting by manifest.
356 silly tarball no local data for saxes@https://registry.npmjs.org/saxes/-/saxes-6.0.0.tgz. Extracting by manifest.
357 silly tarball no local data for resolve.exports@https://registry.npmjs.org/resolve.exports/-/resolve.exports-2.0.3.tgz. Extracting by manifest.
358 silly tarball no local data for resolve-cwd@https://registry.npmjs.org/resolve-cwd/-/resolve-cwd-3.0.0.tgz. Extracting by manifest.
359 silly tarball no local data for react-test-renderer@https://registry.npmjs.org/react-test-renderer/-/react-test-renderer-19.2.3.tgz. Extracting by manifest.
360 silly tarball no local data for requires-port@https://registry.npmjs.org/requires-port/-/requires-port-1.0.0.tgz. Extracting by manifest.
361 silly tarball no local data for react-is-19@https://registry.npmjs.org/react-is/-/react-is-19.2.7.tgz. Extracting by manifest.
362 silly tarball no local data for react-reconciler@https://registry.npmjs.org/react-reconciler/-/react-reconciler-0.33.0.tgz. Extracting by manifest.
363 silly tarball no local data for react-is-18@https://registry.npmjs.org/react-is/-/react-is-18.3.1.tgz. Extracting by manifest.
364 silly tarball no local data for pure-rand@https://registry.npmjs.org/pure-rand/-/pure-rand-6.1.0.tgz. Extracting by manifest.
365 silly tarball no local data for querystringify@https://registry.npmjs.org/querystringify/-/querystringify-2.2.0.tgz. Extracting by manifest.
366 silly tarball no local data for pkg-dir@https://registry.npmjs.org/pkg-dir/-/pkg-dir-4.2.0.tgz. Extracting by manifest.
367 silly tarball no local data for psl@https://registry.npmjs.org/psl/-/psl-1.15.0.tgz. Extracting by manifest.
368 silly tarball no local data for pirates@https://registry.npmjs.org/pirates/-/pirates-4.0.7.tgz. Extracting by manifest.
369 silly tarball no local data for path-is-absolute@https://registry.npmjs.org/path-is-absolute/-/path-is-absolute-1.0.1.tgz. Extracting by manifest.
370 silly tarball no local data for parse5@https://registry.npmjs.org/parse5/-/parse5-7.3.0.tgz. Extracting by manifest.
371 silly tarball no local data for p-try@https://registry.npmjs.org/p-try/-/p-try-2.2.0.tgz. Extracting by manifest.
372 silly tarball no local data for parse-json@https://registry.npmjs.org/parse-json/-/parse-json-5.2.0.tgz. Extracting by manifest.
373 silly tarball no local data for nwsapi@https://registry.npmjs.org/nwsapi/-/nwsapi-2.2.24.tgz. Extracting by manifest.
374 silly tarball no local data for once@https://registry.npmjs.org/once/-/once-1.4.0.tgz. Extracting by manifest.
375 silly tarball no local data for normalize-path@https://registry.npmjs.org/normalize-path/-/normalize-path-3.0.0.tgz. Extracting by manifest.
376 silly tarball no local data for make-dir@https://registry.npmjs.org/make-dir/-/make-dir-4.0.0.tgz. Extracting by manifest.
377 silly tarball no local data for npm-run-path@https://registry.npmjs.org/npm-run-path/-/npm-run-path-4.0.1.tgz. Extracting by manifest.
378 silly tarball no local data for lodash@https://registry.npmjs.org/lodash/-/lodash-4.18.1.tgz. Extracting by manifest.
379 silly tarball no local data for lines-and-columns@https://registry.npmjs.org/lines-and-columns/-/lines-and-columns-1.2.4.tgz. Extracting by manifest.
380 silly tarball no local data for json-parse-even-better-errors@https://registry.npmjs.org/json-parse-even-better-errors/-/json-parse-even-better-errors-2.3.1.tgz. Extracting by manifest.
381 silly tarball no local data for jest-watcher@https://registry.npmjs.org/jest-watcher/-/jest-watcher-29.7.0.tgz. Extracting by manifest.
382 silly tarball no local data for jest-watch-select-projects@https://registry.npmjs.org/jest-watch-select-projects/-/jest-watch-select-projects-2.0.0.tgz. Extracting by manifest.
383 silly tarball no local data for jest-watch-typeahead@https://registry.npmjs.org/jest-watch-typeahead/-/jest-watch-typeahead-2.2.1.tgz. Extracting by manifest.
384 silly tarball no local data for jsdom@https://registry.npmjs.org/jsdom/-/jsdom-20.0.3.tgz. Extracting by manifest.
385 silly tarball no local data for jest-runtime@https://registry.npmjs.org/jest-runtime/-/jest-runtime-29.7.0.tgz. Extracting by manifest.
386 silly tarball no local data for jest-snapshot@https://registry.npmjs.org/jest-snapshot/-/jest-snapshot-29.7.0.tgz. Extracting by manifest.
387 silly tarball no local data for jest-resolve@https://registry.npmjs.org/jest-resolve/-/jest-resolve-29.7.0.tgz. Extracting by manifest.
388 silly tarball no local data for jest-runner@https://registry.npmjs.org/jest-runner/-/jest-runner-29.7.0.tgz. Extracting by manifest.
389 silly tarball no local data for jest-resolve-dependencies@https://registry.npmjs.org/jest-resolve-dependencies/-/jest-resolve-dependencies-29.7.0.tgz. Extracting by manifest.
390 silly tarball no local data for jest-regex-util@https://registry.npmjs.org/jest-regex-util/-/jest-regex-util-30.4.0.tgz. Extracting by manifest.
391 silly tarball no local data for jest-pnp-resolver@https://registry.npmjs.org/jest-pnp-resolver/-/jest-pnp-resolver-1.2.3.tgz. Extracting by manifest.
392 silly tarball no local data for jest-mock@https://registry.npmjs.org/jest-mock/-/jest-mock-30.4.1.tgz. Extracting by manifest.
393 silly tarball no local data for jest-message-util@https://registry.npmjs.org/jest-message-util/-/jest-message-util-30.4.1.tgz. Extracting by manifest.
394 silly tarball no local data for jest-leak-detector@https://registry.npmjs.org/jest-leak-detector/-/jest-leak-detector-29.7.0.tgz. Extracting by manifest.
395 silly tarball no local data for jest-matcher-utils@https://registry.npmjs.org/jest-matcher-utils/-/jest-matcher-utils-29.7.0.tgz. Extracting by manifest.
396 silly tarball no local data for jest-haste-map@https://registry.npmjs.org/jest-haste-map/-/jest-haste-map-29.7.0.tgz. Extracting by manifest.
397 silly tarball no local data for jest-expo@https://registry.npmjs.org/jest-expo/-/jest-expo-57.0.0.tgz. Extracting by manifest.
398 silly tarball no local data for jest-environment-jsdom@https://registry.npmjs.org/jest-environment-jsdom/-/jest-environment-jsdom-29.7.0.tgz. Extracting by manifest.
399 silly tarball no local data for jest-environment-node@https://registry.npmjs.org/jest-environment-node/-/jest-environment-node-29.7.0.tgz. Extracting by manifest.
400 silly tarball no local data for jest-each@https://registry.npmjs.org/jest-each/-/jest-each-29.7.0.tgz. Extracting by manifest.
401 silly tarball no local data for jest-docblock@https://registry.npmjs.org/jest-docblock/-/jest-docblock-29.7.0.tgz. Extracting by manifest.
402 silly tarball no local data for jest-diff@https://registry.npmjs.org/jest-diff/-/jest-diff-29.7.0.tgz. Extracting by manifest.
403 silly tarball no local data for jest-cli@https://registry.npmjs.org/jest-cli/-/jest-cli-29.7.0.tgz. Extracting by manifest.
404 silly tarball no local data for istanbul-reports@https://registry.npmjs.org/istanbul-reports/-/istanbul-reports-3.2.0.tgz. Extracting by manifest.
405 silly tarball no local data for jest@https://registry.npmjs.org/jest/-/jest-29.7.0.tgz. Extracting by manifest.
406 silly tarball no local data for jest-changed-files@https://registry.npmjs.org/jest-changed-files/-/jest-changed-files-29.7.0.tgz. Extracting by manifest.
407 silly tarball no local data for jest-circus@https://registry.npmjs.org/jest-circus/-/jest-circus-29.7.0.tgz. Extracting by manifest.
408 silly tarball no local data for istanbul-lib-source-maps@https://registry.npmjs.org/istanbul-lib-source-maps/-/istanbul-lib-source-maps-4.0.1.tgz. Extracting by manifest.
409 silly tarball no local data for istanbul-lib-report@https://registry.npmjs.org/istanbul-lib-report/-/istanbul-lib-report-3.0.1.tgz. Extracting by manifest.
410 silly tarball no local data for is-potential-custom-element-name@https://registry.npmjs.org/is-potential-custom-element-name/-/is-potential-custom-element-name-1.0.1.tgz. Extracting by manifest.
411 silly tarball no local data for is-stream@https://registry.npmjs.org/is-stream/-/is-stream-2.0.1.tgz. Extracting by manifest.
412 silly tarball no local data for istanbul-lib-instrument@https://registry.npmjs.org/istanbul-lib-instrument/-/istanbul-lib-instrument-6.0.3.tgz. Extracting by manifest.
413 silly tarball no local data for inflight@https://registry.npmjs.org/inflight/-/inflight-1.0.6.tgz. Extracting by manifest.
414 silly tarball no local data for import-local@https://registry.npmjs.org/import-local/-/import-local-3.2.0.tgz. Extracting by manifest.
415 silly tarball no local data for human-signals@https://registry.npmjs.org/human-signals/-/human-signals-2.1.0.tgz. Extracting by manifest.
416 silly tarball no local data for iconv-lite@https://registry.npmjs.org/iconv-lite/-/iconv-lite-0.6.3.tgz. Extracting by manifest.
417 silly tarball no local data for http-proxy-agent@https://registry.npmjs.org/http-proxy-agent/-/http-proxy-agent-5.0.0.tgz. Extracting by manifest.
418 silly tarball no local data for html-escaper@https://registry.npmjs.org/html-escaper/-/html-escaper-2.0.2.tgz. Extracting by manifest.
419 silly tarball no local data for is-generator-fn@https://registry.npmjs.org/is-generator-fn/-/is-generator-fn-2.1.0.tgz. Extracting by manifest.
420 silly tarball no local data for html-encoding-sniffer@https://registry.npmjs.org/html-encoding-sniffer/-/html-encoding-sniffer-3.0.0.tgz. Extracting by manifest.
421 silly tarball no local data for get-package-type@https://registry.npmjs.org/get-package-type/-/get-package-type-0.1.0.tgz. Extracting by manifest.
422 silly tarball no local data for get-stream@https://registry.npmjs.org/get-stream/-/get-stream-6.0.1.tgz. Extracting by manifest.
423 silly tarball no local data for expect@https://registry.npmjs.org/expect/-/expect-30.4.1.tgz. Extracting by manifest.
424 silly tarball no local data for fs.realpath@https://registry.npmjs.org/fs.realpath/-/fs.realpath-1.0.0.tgz. Extracting by manifest.
425 silly tarball no local data for form-data@https://registry.npmjs.org/form-data/-/form-data-4.0.6.tgz. Extracting by manifest.
426 silly tarball no local data for exit@https://registry.npmjs.org/exit/-/exit-0.1.2.tgz. Extracting by manifest.
427 silly tarball no local data for esprima@https://registry.npmjs.org/esprima/-/esprima-4.0.1.tgz. Extracting by manifest.
428 silly tarball no local data for execa@https://registry.npmjs.org/execa/-/execa-5.1.1.tgz. Extracting by manifest.
429 silly tarball no local data for escodegen@https://registry.npmjs.org/escodegen/-/escodegen-2.1.0.tgz. Extracting by manifest.
430 silly tarball no local data for error-ex@https://registry.npmjs.org/error-ex/-/error-ex-1.3.4.tgz. Extracting by manifest.
431 silly tarball no local data for entities@https://registry.npmjs.org/entities/-/entities-6.0.1.tgz. Extracting by manifest.
432 silly tarball no local data for emittery@https://registry.npmjs.org/emittery/-/emittery-0.13.1.tgz. Extracting by manifest.
433 silly tarball no local data for domexception@https://registry.npmjs.org/domexception/-/domexception-4.0.0.tgz. Extracting by manifest.
434 silly tarball no local data for istanbul-lib-coverage@https://registry.npmjs.org/istanbul-lib-coverage/-/istanbul-lib-coverage-3.2.2.tgz. Extracting by manifest.
435 silly tarball no local data for detect-newline@https://registry.npmjs.org/detect-newline/-/detect-newline-3.1.0.tgz. Extracting by manifest.
436 silly tarball no local data for diff-sequences@https://registry.npmjs.org/diff-sequences/-/diff-sequences-29.6.3.tgz. Extracting by manifest.
437 silly tarball no local data for dedent@https://registry.npmjs.org/dedent/-/dedent-1.7.2.tgz. Extracting by manifest.
438 silly tarball no local data for decimal.js@https://registry.npmjs.org/decimal.js/-/decimal.js-10.6.0.tgz. Extracting by manifest.
439 silly tarball no local data for data-urls@https://registry.npmjs.org/data-urls/-/data-urls-3.0.2.tgz. Extracting by manifest.
440 silly tarball no local data for cssstyle@https://registry.npmjs.org/cssstyle/-/cssstyle-2.3.0.tgz. Extracting by manifest.
441 silly tarball no local data for cssom@https://registry.npmjs.org/cssom/-/cssom-0.5.0.tgz. Extracting by manifest.
442 silly tarball no local data for create-jest@https://registry.npmjs.org/create-jest/-/create-jest-29.7.0.tgz. Extracting by manifest.
443 silly tarball no local data for collect-v8-coverage@https://registry.npmjs.org/collect-v8-coverage/-/collect-v8-coverage-1.0.3.tgz. Extracting by manifest.
444 silly tarball no local data for cjs-module-lexer@https://registry.npmjs.org/cjs-module-lexer/-/cjs-module-lexer-1.4.3.tgz. Extracting by manifest.
445 silly tarball no local data for babel-preset-jest@https://registry.npmjs.org/babel-preset-jest/-/babel-preset-jest-29.6.3.tgz. Extracting by manifest.
446 silly tarball no local data for jest-config@https://registry.npmjs.org/jest-config/-/jest-config-29.7.0.tgz. Extracting by manifest.
447 silly tarball no local data for char-regex@https://registry.npmjs.org/char-regex/-/char-regex-1.0.2.tgz. Extracting by manifest.
448 silly tarball no local data for babel-preset-current-node-syntax@https://registry.npmjs.org/babel-preset-current-node-syntax/-/babel-preset-current-node-syntax-1.2.0.tgz. Extracting by manifest.
449 silly tarball no local data for babel-plugin-jest-hoist@https://registry.npmjs.org/babel-plugin-jest-hoist/-/babel-plugin-jest-hoist-29.6.3.tgz. Extracting by manifest.
450 silly tarball no local data for babel-jest@https://registry.npmjs.org/babel-jest/-/babel-jest-29.7.0.tgz. Extracting by manifest.
451 silly tarball no local data for acorn-walk@https://registry.npmjs.org/acorn-walk/-/acorn-walk-8.3.5.tgz. Extracting by manifest.
452 silly tarball no local data for babel-plugin-istanbul@https://registry.npmjs.org/babel-plugin-istanbul/-/babel-plugin-istanbul-6.1.1.tgz. Extracting by manifest.
453 silly tarball no local data for anymatch@https://registry.npmjs.org/anymatch/-/anymatch-3.1.3.tgz. Extracting by manifest.
454 silly tarball no local data for acorn-globals@https://registry.npmjs.org/acorn-globals/-/acorn-globals-7.0.1.tgz. Extracting by manifest.
455 silly tarball no local data for abab@https://registry.npmjs.org/abab/-/abab-2.0.6.tgz. Extracting by manifest.
456 silly tarball no local data for @types/tough-cookie@https://registry.npmjs.org/@types/tough-cookie/-/tough-cookie-4.0.5.tgz. Extracting by manifest.
457 silly tarball no local data for @types/stack-utils@https://registry.npmjs.org/@types/stack-utils/-/stack-utils-2.0.3.tgz. Extracting by manifest.
458 silly tarball no local data for @types/react-reconciler@https://registry.npmjs.org/@types/react-reconciler/-/react-reconciler-0.33.0.tgz. Extracting by manifest.
459 silly tarball no local data for @types/jsdom@https://registry.npmjs.org/@types/jsdom/-/jsdom-20.0.1.tgz. Extracting by manifest.
460 silly tarball no local data for @types/graceful-fs@https://registry.npmjs.org/@types/graceful-fs/-/graceful-fs-4.1.9.tgz. Extracting by manifest.
461 silly tarball no local data for @types/jest@https://registry.npmjs.org/@types/jest/-/jest-30.0.0.tgz. Extracting by manifest.
462 silly tarball no local data for co@https://registry.npmjs.org/co/-/co-4.6.0.tgz. Extracting by manifest.
463 silly tarball no local data for @tootallnate/once@https://registry.npmjs.org/@tootallnate/once/-/once-2.0.1.tgz. Extracting by manifest.
464 silly tarball no local data for @testing-library/jest-native@https://registry.npmjs.org/@testing-library/jest-native/-/jest-native-5.4.3.tgz. Extracting by manifest.
465 silly tarball no local data for @testing-library/react-native@https://registry.npmjs.org/@testing-library/react-native/-/react-native-14.0.1.tgz. Extracting by manifest.
466 silly tarball no local data for @react-native/jest-preset@https://registry.npmjs.org/@react-native/jest-preset/-/jest-preset-0.85.3.tgz. Extracting by manifest.
467 silly tarball no local data for @jest/test-sequencer@https://registry.npmjs.org/@jest/test-sequencer/-/test-sequencer-29.7.0.tgz. Extracting by manifest.
468 silly tarball no local data for @sinonjs/fake-timers@https://registry.npmjs.org/@sinonjs/fake-timers/-/fake-timers-10.3.0.tgz. Extracting by manifest.
469 silly tarball no local data for @sinonjs/commons@https://registry.npmjs.org/@sinonjs/commons/-/commons-3.0.1.tgz. Extracting by manifest.
470 silly tarball no local data for @jest/transform@https://registry.npmjs.org/@jest/transform/-/transform-29.7.0.tgz. Extracting by manifest.
471 silly tarball no local data for @jest/test-result@https://registry.npmjs.org/@jest/test-result/-/test-result-29.7.0.tgz. Extracting by manifest.
472 silly tarball no local data for @jest/source-map@https://registry.npmjs.org/@jest/source-map/-/source-map-29.6.3.tgz. Extracting by manifest.
473 silly tarball no local data for @jest/get-type@https://registry.npmjs.org/@jest/get-type/-/get-type-30.1.0.tgz. Extracting by manifest.
474 silly tarball no local data for @jest/globals@https://registry.npmjs.org/@jest/globals/-/globals-29.7.0.tgz. Extracting by manifest.
475 silly tarball no local data for @jest/reporters@https://registry.npmjs.org/@jest/reporters/-/reporters-29.7.0.tgz. Extracting by manifest.
476 silly tarball no local data for @jest/pattern@https://registry.npmjs.org/@jest/pattern/-/pattern-30.4.0.tgz. Extracting by manifest.
477 silly tarball no local data for @jest/fake-timers@https://registry.npmjs.org/@jest/fake-timers/-/fake-timers-29.7.0.tgz. Extracting by manifest.
478 silly tarball no local data for @jest/expect-utils@https://registry.npmjs.org/@jest/expect-utils/-/expect-utils-30.4.1.tgz. Extracting by manifest.
479 silly tarball no local data for @jest/environment@https://registry.npmjs.org/@jest/environment/-/environment-29.7.0.tgz. Extracting by manifest.
480 silly tarball no local data for @jest/expect@https://registry.npmjs.org/@jest/expect/-/expect-29.7.0.tgz. Extracting by manifest.
481 silly tarball no local data for @jest/create-cache-key-function@https://registry.npmjs.org/@jest/create-cache-key-function/-/create-cache-key-function-29.7.0.tgz. Extracting by manifest.
482 silly tarball no local data for @jest/core@https://registry.npmjs.org/@jest/core/-/core-29.7.0.tgz. Extracting by manifest.
483 silly tarball no local data for @istanbuljs/schema@https://registry.npmjs.org/@istanbuljs/schema/-/schema-0.1.6.tgz. Extracting by manifest.
484 silly tarball no local data for @jest/diff-sequences@https://registry.npmjs.org/@jest/diff-sequences/-/diff-sequences-30.4.0.tgz. Extracting by manifest.
485 silly tarball no local data for @jest/console@https://registry.npmjs.org/@jest/console/-/console-29.7.0.tgz. Extracting by manifest.
486 silly tarball no local data for @babel/plugin-syntax-private-property-in-object@https://registry.npmjs.org/@babel/plugin-syntax-private-property-in-object/-/plugin-syntax-private-property-in-object-7.14.5.tgz. Extracting by manifest.
487 silly tarball no local data for @bcoe/v8-coverage@https://registry.npmjs.org/@bcoe/v8-coverage/-/v8-coverage-0.2.3.tgz. Extracting by manifest.
488 silly tarball no local data for @babel/plugin-syntax-optional-catch-binding@https://registry.npmjs.org/@babel/plugin-syntax-optional-catch-binding/-/plugin-syntax-optional-catch-binding-7.8.3.tgz. Extracting by manifest.
489 silly tarball no local data for @babel/plugin-syntax-object-rest-spread@https://registry.npmjs.org/@babel/plugin-syntax-object-rest-spread/-/plugin-syntax-object-rest-spread-7.8.3.tgz. Extracting by manifest.
490 silly tarball no local data for @babel/plugin-syntax-numeric-separator@https://registry.npmjs.org/@babel/plugin-syntax-numeric-separator/-/plugin-syntax-numeric-separator-7.10.4.tgz. Extracting by manifest.
491 silly tarball no local data for @babel/plugin-syntax-logical-assignment-operators@https://registry.npmjs.org/@babel/plugin-syntax-logical-assignment-operators/-/plugin-syntax-logical-assignment-operators-7.10.4.tgz. Extracting by manifest.
492 silly tarball no local data for @babel/plugin-syntax-json-strings@https://registry.npmjs.org/@babel/plugin-syntax-json-strings/-/plugin-syntax-json-strings-7.8.3.tgz. Extracting by manifest.
493 silly tarball no local data for @babel/plugin-syntax-import-attributes@https://registry.npmjs.org/@babel/plugin-syntax-import-attributes/-/plugin-syntax-import-attributes-7.29.7.tgz. Extracting by manifest.
494 silly tarball no local data for @babel/plugin-syntax-import-meta@https://registry.npmjs.org/@babel/plugin-syntax-import-meta/-/plugin-syntax-import-meta-7.10.4.tgz. Extracting by manifest.
495 silly tarball no local data for @babel/plugin-syntax-class-static-block@https://registry.npmjs.org/@babel/plugin-syntax-class-static-block/-/plugin-syntax-class-static-block-7.14.5.tgz. Extracting by manifest.
496 silly tarball no local data for @babel/plugin-syntax-class-properties@https://registry.npmjs.org/@babel/plugin-syntax-class-properties/-/plugin-syntax-class-properties-7.12.13.tgz. Extracting by manifest.
497 silly tarball no local data for @babel/plugin-syntax-bigint@https://registry.npmjs.org/@babel/plugin-syntax-bigint/-/plugin-syntax-bigint-7.8.3.tgz. Extracting by manifest.
498 silly tarball no local data for @babel/plugin-syntax-async-generators@https://registry.npmjs.org/@babel/plugin-syntax-async-generators/-/plugin-syntax-async-generators-7.8.4.tgz. Extracting by manifest.
499 silly tarball no local data for @emnapi/wasi-threads@https://registry.npmjs.org/@emnapi/wasi-threads/-/wasi-threads-1.2.2.tgz. Extracting by manifest.
500 silly tarball no local data for glob@https://registry.npmjs.org/glob/-/glob-7.2.3.tgz. Extracting by manifest.
501 silly tarball no local data for source-map@https://registry.npmjs.org/source-map/-/source-map-0.5.6.tgz. Extracting by manifest.
502 silly tarball no local data for p-locate@https://registry.npmjs.org/p-locate/-/p-locate-4.1.0.tgz. Extracting by manifest.
503 silly tarball no local data for escape-string-regexp@https://registry.npmjs.org/escape-string-regexp/-/escape-string-regexp-2.0.0.tgz. Extracting by manifest.
504 silly tarball no local data for @babel/plugin-syntax-top-level-await@https://registry.npmjs.org/@babel/plugin-syntax-top-level-await/-/plugin-syntax-top-level-await-7.14.5.tgz. Extracting by manifest.
505 silly tarball no local data for locate-path@https://registry.npmjs.org/locate-path/-/locate-path-5.0.0.tgz. Extracting by manifest.
506 silly tarball no local data for find-up@https://registry.npmjs.org/find-up/-/find-up-4.1.0.tgz. Extracting by manifest.
507 silly tarball no local data for whatwg-url@https://registry.npmjs.org/whatwg-url/-/whatwg-url-11.0.0.tgz. Extracting by manifest.
508 silly tarball no local data for p-limit@https://registry.npmjs.org/p-limit/-/p-limit-2.3.0.tgz. Extracting by manifest.
509 silly tarball no local data for ws@https://registry.npmjs.org/ws/-/ws-8.21.0.tgz. Extracting by manifest.
510 silly tarball no local data for webidl-conversions@https://registry.npmjs.org/webidl-conversions/-/webidl-conversions-7.0.0.tgz. Extracting by manifest.
511 silly tarball no local data for @istanbuljs/load-nyc-config@https://registry.npmjs.org/@istanbuljs/load-nyc-config/-/load-nyc-config-1.1.0.tgz. Extracting by manifest.
512 silly tarball no local data for strip-ansi@https://registry.npmjs.org/strip-ansi/-/strip-ansi-7.2.0.tgz. Extracting by manifest.
513 silly tarball no local data for tr46@https://registry.npmjs.org/tr46/-/tr46-3.0.0.tgz. Extracting by manifest.
514 silly tarball no local data for string-length@https://registry.npmjs.org/string-length/-/string-length-5.0.1.tgz. Extracting by manifest.
515 silly tarball no local data for slash@https://registry.npmjs.org/slash/-/slash-5.1.0.tgz. Extracting by manifest.
516 silly tarball no local data for jest-regex-util@https://registry.npmjs.org/jest-regex-util/-/jest-regex-util-29.6.3.tgz. Extracting by manifest.
517 silly tarball no local data for char-regex@https://registry.npmjs.org/char-regex/-/char-regex-2.0.2.tgz. Extracting by manifest.
518 silly tarball no local data for ansi-regex@https://registry.npmjs.org/ansi-regex/-/ansi-regex-6.2.2.tgz. Extracting by manifest.
519 silly tarball no local data for expect@https://registry.npmjs.org/expect/-/expect-29.7.0.tgz. Extracting by manifest.
520 silly tarball no local data for chalk@https://registry.npmjs.org/chalk/-/chalk-3.0.0.tgz. Extracting by manifest.
521 silly tarball no local data for jest-message-util@https://registry.npmjs.org/jest-message-util/-/jest-message-util-29.7.0.tgz. Extracting by manifest.
522 silly tarball no local data for strip-bom@https://registry.npmjs.org/strip-bom/-/strip-bom-4.0.0.tgz. Extracting by manifest.
523 silly tarball no local data for jest-regex-util@https://registry.npmjs.org/jest-regex-util/-/jest-regex-util-29.6.3.tgz. Extracting by manifest.
524 silly tarball no local data for ansi-escapes@https://registry.npmjs.org/ansi-escapes/-/ansi-escapes-6.2.1.tgz. Extracting by manifest.
525 silly tarball no local data for glob@https://registry.npmjs.org/glob/-/glob-7.2.3.tgz. Extracting by manifest.
526 silly tarball no local data for @jest/expect-utils@https://registry.npmjs.org/@jest/expect-utils/-/expect-utils-29.7.0.tgz. Extracting by manifest.
527 silly tarball no local data for source-map-support@https://registry.npmjs.org/source-map-support/-/source-map-support-0.5.13.tgz. Extracting by manifest.
528 silly tarball no local data for jest-message-util@https://registry.npmjs.org/jest-message-util/-/jest-message-util-29.7.0.tgz. Extracting by manifest.
529 silly tarball no local data for jest-regex-util@https://registry.npmjs.org/jest-regex-util/-/jest-regex-util-29.6.3.tgz. Extracting by manifest.
530 silly tarball no local data for jest-util@https://registry.npmjs.org/jest-util/-/jest-util-30.4.1.tgz. Extracting by manifest.
531 silly tarball no local data for jest-mock@https://registry.npmjs.org/jest-mock/-/jest-mock-29.7.0.tgz. Extracting by manifest.
532 silly tarball no local data for @sinclair/typebox@https://registry.npmjs.org/@sinclair/typebox/-/typebox-0.34.49.tgz. Extracting by manifest.
533 silly tarball no local data for jest-message-util@https://registry.npmjs.org/jest-message-util/-/jest-message-util-29.7.0.tgz. Extracting by manifest.
534 silly tarball no local data for ci-info@https://registry.npmjs.org/ci-info/-/ci-info-4.4.0.tgz. Extracting by manifest.
535 silly tarball no local data for pretty-format@https://registry.npmjs.org/pretty-format/-/pretty-format-30.4.1.tgz. Extracting by manifest.
536 silly tarball no local data for jest-util@https://registry.npmjs.org/jest-util/-/jest-util-30.4.1.tgz. Extracting by manifest.
537 silly tarball no local data for source-map@https://registry.npmjs.org/source-map/-/source-map-0.6.1.tgz. Extracting by manifest.
538 silly tarball no local data for ansi-styles@https://registry.npmjs.org/ansi-styles/-/ansi-styles-5.2.0.tgz. Extracting by manifest.
539 silly tarball no local data for ci-info@https://registry.npmjs.org/ci-info/-/ci-info-4.4.0.tgz. Extracting by manifest.
540 silly tarball no local data for @jest/schemas@https://registry.npmjs.org/@jest/schemas/-/schemas-30.4.1.tgz. Extracting by manifest.
541 silly tarball no local data for @jest/types@https://registry.npmjs.org/@jest/types/-/types-30.4.1.tgz. Extracting by manifest.
542 silly tarball no local data for @sinclair/typebox@https://registry.npmjs.org/@sinclair/typebox/-/typebox-0.34.49.tgz. Extracting by manifest.
543 silly tarball no local data for @jest/types@https://registry.npmjs.org/@jest/types/-/types-30.4.1.tgz. Extracting by manifest.
544 silly tarball no local data for @jest/schemas@https://registry.npmjs.org/@jest/schemas/-/schemas-30.4.1.tgz. Extracting by manifest.
545 silly tarball no local data for jest-mock@https://registry.npmjs.org/jest-mock/-/jest-mock-29.7.0.tgz. Extracting by manifest.
546 silly tarball no local data for jest-mock@https://registry.npmjs.org/jest-mock/-/jest-mock-29.7.0.tgz. Extracting by manifest.
547 silly tarball no local data for glob@https://registry.npmjs.org/glob/-/glob-7.2.3.tgz. Extracting by manifest.
548 silly tarball no local data for ci-info@https://registry.npmjs.org/ci-info/-/ci-info-3.9.0.tgz. Extracting by manifest.
549 silly tarball no local data for jest-regex-util@https://registry.npmjs.org/jest-regex-util/-/jest-regex-util-29.6.3.tgz. Extracting by manifest.
550 silly tarball no local data for source-map@https://registry.npmjs.org/source-map/-/source-map-0.6.1.tgz. Extracting by manifest.
551 silly tarball no local data for jest-message-util@https://registry.npmjs.org/jest-message-util/-/jest-message-util-29.7.0.tgz. Extracting by manifest.
552 silly tarball no local data for pretty-format@https://registry.npmjs.org/pretty-format/-/pretty-format-30.4.1.tgz. Extracting by manifest.
553 silly tarball no local data for jest-regex-util@https://registry.npmjs.org/jest-regex-util/-/jest-regex-util-29.6.3.tgz. Extracting by manifest.
554 silly tarball no local data for jest-matcher-utils@https://registry.npmjs.org/jest-matcher-utils/-/jest-matcher-utils-30.4.1.tgz. Extracting by manifest.
555 silly tarball no local data for jest-util@https://registry.npmjs.org/jest-util/-/jest-util-30.4.1.tgz. Extracting by manifest.
556 silly tarball no local data for ci-info@https://registry.npmjs.org/ci-info/-/ci-info-4.4.0.tgz. Extracting by manifest.
557 silly tarball no local data for ansi-styles@https://registry.npmjs.org/ansi-styles/-/ansi-styles-5.2.0.tgz. Extracting by manifest.
558 silly tarball no local data for jest-diff@https://registry.npmjs.org/jest-diff/-/jest-diff-30.4.1.tgz. Extracting by manifest.
559 silly tarball no local data for @jest/types@https://registry.npmjs.org/@jest/types/-/types-30.4.1.tgz. Extracting by manifest.
560 silly tarball no local data for @sinclair/typebox@https://registry.npmjs.org/@sinclair/typebox/-/typebox-0.34.49.tgz. Extracting by manifest.
561 silly tarball no local data for @jest/schemas@https://registry.npmjs.org/@jest/schemas/-/schemas-30.4.1.tgz. Extracting by manifest.
562 silly tarball no local data for source-map@https://registry.npmjs.org/source-map/-/source-map-0.6.1.tgz. Extracting by manifest.
563 silly tarball no local data for onetime@https://registry.npmjs.org/onetime/-/onetime-5.1.2.tgz. Extracting by manifest.
564 silly tarball no local data for is-arrayish@https://registry.npmjs.org/is-arrayish/-/is-arrayish-0.2.1.tgz. Extracting by manifest.
565 silly tarball no local data for mimic-fn@https://registry.npmjs.org/mimic-fn/-/mimic-fn-2.1.0.tgz. Extracting by manifest.
566 silly tarball no local data for webidl-conversions@https://registry.npmjs.org/webidl-conversions/-/webidl-conversions-7.0.0.tgz. Extracting by manifest.
567 silly tarball no local data for tr46@https://registry.npmjs.org/tr46/-/tr46-3.0.0.tgz. Extracting by manifest.
568 silly tarball no local data for whatwg-url@https://registry.npmjs.org/whatwg-url/-/whatwg-url-11.0.0.tgz. Extracting by manifest.
569 silly tarball no local data for cssom@https://registry.npmjs.org/cssom/-/cssom-0.3.8.tgz. Extracting by manifest.
570 silly tarball no local data for istanbul-lib-instrument@https://registry.npmjs.org/istanbul-lib-instrument/-/istanbul-lib-instrument-5.2.1.tgz. Extracting by manifest.
571 silly tarball no local data for webidl-conversions@https://registry.npmjs.org/webidl-conversions/-/webidl-conversions-7.0.0.tgz. Extracting by manifest.
572 silly tarball no local data for semver@https://registry.npmjs.org/semver/-/semver-6.3.1.tgz. Extracting by manifest.
573 silly tarball no local data for picomatch@https://registry.npmjs.org/picomatch/-/picomatch-2.3.2.tgz. Extracting by manifest.
574 silly tarball no local data for pretty-format@https://registry.npmjs.org/pretty-format/-/pretty-format-30.4.1.tgz. Extracting by manifest.
575 silly tarball no local data for pretty-format@https://registry.npmjs.org/pretty-format/-/pretty-format-30.4.1.tgz. Extracting by manifest.
576 silly tarball no local data for ansi-styles@https://registry.npmjs.org/ansi-styles/-/ansi-styles-5.2.0.tgz. Extracting by manifest.
577 silly tarball no local data for @jest/schemas@https://registry.npmjs.org/@jest/schemas/-/schemas-30.4.1.tgz. Extracting by manifest.
578 silly tarball no local data for @sinclair/typebox@https://registry.npmjs.org/@sinclair/typebox/-/typebox-0.34.49.tgz. Extracting by manifest.
579 silly tarball no local data for jest-matcher-utils@https://registry.npmjs.org/jest-matcher-utils/-/jest-matcher-utils-30.4.1.tgz. Extracting by manifest.
580 silly tarball no local data for jest-message-util@https://registry.npmjs.org/jest-message-util/-/jest-message-util-29.7.0.tgz. Extracting by manifest.
581 silly tarball no local data for jest-regex-util@https://registry.npmjs.org/jest-regex-util/-/jest-regex-util-29.6.3.tgz. Extracting by manifest.
582 silly tarball no local data for jest-diff@https://registry.npmjs.org/jest-diff/-/jest-diff-30.4.1.tgz. Extracting by manifest.
583 silly tarball no local data for ansi-styles@https://registry.npmjs.org/ansi-styles/-/ansi-styles-5.2.0.tgz. Extracting by manifest.
584 silly tarball no local data for jest-mock@https://registry.npmjs.org/jest-mock/-/jest-mock-29.7.0.tgz. Extracting by manifest.
585 silly tarball no local data for jest-message-util@https://registry.npmjs.org/jest-message-util/-/jest-message-util-29.7.0.tgz. Extracting by manifest.
586 silly tarball no local data for @jest/schemas@https://registry.npmjs.org/@jest/schemas/-/schemas-30.4.1.tgz. Extracting by manifest.
587 silly tarball no local data for jest-mock@https://registry.npmjs.org/jest-mock/-/jest-mock-29.7.0.tgz. Extracting by manifest.
588 silly tarball no local data for @sinclair/typebox@https://registry.npmjs.org/@sinclair/typebox/-/typebox-0.34.49.tgz. Extracting by manifest.
589 silly tarball no local data for jest-mock@https://registry.npmjs.org/jest-mock/-/jest-mock-29.7.0.tgz. Extracting by manifest.
590 silly tarball no local data for @jest/expect-utils@https://registry.npmjs.org/@jest/expect-utils/-/expect-utils-29.7.0.tgz. Extracting by manifest.
591 silly tarball no local data for jest-regex-util@https://registry.npmjs.org/jest-regex-util/-/jest-regex-util-29.6.3.tgz. Extracting by manifest.
592 silly tarball no local data for glob@https://registry.npmjs.org/glob/-/glob-7.2.3.tgz. Extracting by manifest.
593 silly tarball no local data for jest-message-util@https://registry.npmjs.org/jest-message-util/-/jest-message-util-29.7.0.tgz. Extracting by manifest.
594 silly tarball no local data for ci-info@https://registry.npmjs.org/ci-info/-/ci-info-3.9.0.tgz. Extracting by manifest.
595 silly tarball no local data for p-locate@https://registry.npmjs.org/p-locate/-/p-locate-4.1.0.tgz. Extracting by manifest.
596 silly tarball no local data for jest-message-util@https://registry.npmjs.org/jest-message-util/-/jest-message-util-29.7.0.tgz. Extracting by manifest.
597 silly tarball no local data for locate-path@https://registry.npmjs.org/locate-path/-/locate-path-5.0.0.tgz. Extracting by manifest.
598 silly tarball no local data for find-up@https://registry.npmjs.org/find-up/-/find-up-4.1.0.tgz. Extracting by manifest.
599 silly tarball no local data for p-limit@https://registry.npmjs.org/p-limit/-/p-limit-2.3.0.tgz. Extracting by manifest.
600 silly tarball no local data for js-yaml@https://registry.npmjs.org/js-yaml/-/js-yaml-3.15.0.tgz. Extracting by manifest.
601 silly tarball no local data for expect@https://registry.npmjs.org/expect/-/expect-29.7.0.tgz. Extracting by manifest.
602 silly tarball no local data for argparse@https://registry.npmjs.org/argparse/-/argparse-1.0.10.tgz. Extracting by manifest.
603 silly tarball no local data for camelcase@https://registry.npmjs.org/camelcase/-/camelcase-5.3.1.tgz. Extracting by manifest.
604 silly tarball no local data for jest-message-util@https://registry.npmjs.org/jest-message-util/-/jest-message-util-29.7.0.tgz. Extracting by manifest.
605 http fetch POST 200 https://registry.npmjs.org/-/npm/v1/security/advisories/bulk 1090ms
606 silly audit report {
606 silly audit report   uuid: [
606 silly audit report     {
606 silly audit report       id: 1119441,
606 silly audit report       url: 'https://github.com/advisories/GHSA-w5hq-g745-h8pq',
606 silly audit report       title: 'uuid: Missing buffer bounds check in v3/v5/v6 when buf is provided',
606 silly audit report       severity: 'moderate',
606 silly audit report       vulnerable_versions: '<11.1.1',
606 silly audit report       cwe: [Array],
606 silly audit report       cvss: [Object]
606 silly audit report     }
606 silly audit report   ]
606 silly audit report }
607 silly packumentCache corgi:https://registry.npmjs.org/uuid cache-miss
608 http fetch GET 200 https://registry.npmjs.org/test-exclude/-/test-exclude-6.0.0.tgz 969ms (cache miss)
609 http fetch GET 200 https://registry.npmjs.org/strip-final-newline/-/strip-final-newline-2.0.0.tgz 982ms (cache miss)
610 http fetch GET 200 https://registry.npmjs.org/universalify/-/universalify-0.2.0.tgz 1251ms (cache miss)
611 http fetch GET 200 https://registry.npmjs.org/wrappy/-/wrappy-1.0.2.tgz 1263ms (cache miss)
612 http fetch GET 200 https://registry.npmjs.org/write-file-atomic/-/write-file-atomic-4.0.2.tgz 1274ms (cache miss)
613 http fetch GET 200 https://registry.npmjs.org/xml-name-validator/-/xml-name-validator-4.0.0.tgz 1281ms (cache miss)
614 http fetch GET 200 https://registry.npmjs.org/string-length/-/string-length-4.0.2.tgz 1344ms (cache miss)
615 http fetch GET 200 https://registry.npmjs.org/slash/-/slash-3.0.0.tgz 1349ms (cache miss)
616 http fetch GET 200 https://registry.npmjs.org/stack-utils/-/stack-utils-2.0.6.tgz 1352ms (cache miss)
617 http fetch GET 200 https://registry.npmjs.org/type-detect/-/type-detect-4.0.8.tgz 1366ms (cache miss)
618 http fetch GET 200 https://registry.npmjs.org/resolve-cwd/-/resolve-cwd-3.0.0.tgz 1352ms (cache miss)
619 http fetch GET 200 https://registry.npmjs.org/whatwg-encoding/-/whatwg-encoding-2.0.0.tgz 1406ms (cache miss)
620 http fetch GET 200 https://registry.npmjs.org/requires-port/-/requires-port-1.0.0.tgz 1387ms (cache miss)
621 warn deprecated whatwg-encoding@2.0.0: Use @exodus/bytes instead for a more spec-conformant and faster implementation
622 http fetch GET 200 https://registry.npmjs.org/w3c-xmlserializer/-/w3c-xmlserializer-4.0.0.tgz 1433ms (cache miss)
623 http fetch GET 200 https://registry.npmjs.org/resolve.exports/-/resolve.exports-2.0.3.tgz 1409ms (cache miss)
624 http fetch GET 200 https://registry.npmjs.org/whatwg-mimetype/-/whatwg-mimetype-3.0.0.tgz 1443ms (cache miss)
625 http fetch GET 200 https://registry.npmjs.org/symbol-tree/-/symbol-tree-3.2.4.tgz 1450ms (cache miss)
626 http fetch GET 200 https://registry.npmjs.org/stack-generator/-/stack-generator-2.0.10.tgz 1450ms (cache miss)
627 http fetch GET 200 https://registry.npmjs.org/react-is/-/react-is-19.2.7.tgz 1450ms (cache miss)
628 http fetch GET 200 https://registry.npmjs.org/safer-buffer/-/safer-buffer-2.1.2.tgz 1480ms (cache miss)
629 http fetch GET 200 https://registry.npmjs.org/url-parse/-/url-parse-1.5.10.tgz 1508ms (cache miss)
630 http fetch GET 200 https://registry.npmjs.org/react-is/-/react-is-18.3.1.tgz 1483ms (cache miss)
631 http fetch GET 200 https://registry.npmjs.org/v8-to-istanbul/-/v8-to-istanbul-9.3.0.tgz 1526ms (cache miss)
632 http fetch GET 200 https://registry.npmjs.org/saxes/-/saxes-6.0.0.tgz 1520ms (cache miss)
633 http fetch GET 200 https://registry.npmjs.org/test-renderer/-/test-renderer-1.2.0.tgz 1566ms (cache miss)
634 http fetch GET 200 https://registry.npmjs.org/querystringify/-/querystringify-2.2.0.tgz 1548ms (cache miss)
635 http fetch GET 200 https://registry.npmjs.org/tough-cookie/-/tough-cookie-4.1.4.tgz 1594ms (cache miss)
636 http fetch GET 200 https://registry.npmjs.org/sprintf-js/-/sprintf-js-1.0.3.tgz 1582ms (cache miss)
637 http fetch GET 200 https://registry.npmjs.org/stacktrace-gps/-/stacktrace-gps-3.1.2.tgz 1659ms (cache miss)
638 http fetch GET 200 https://registry.npmjs.org/xmlchars/-/xmlchars-2.2.0.tgz 1803ms (cache miss)
639 http fetch GET 200 https://registry.npmjs.org/path-is-absolute/-/path-is-absolute-1.0.1.tgz 1759ms (cache miss)
640 http fetch GET 200 https://registry.npmjs.org/parse-json/-/parse-json-5.2.0.tgz 1765ms (cache miss)
641 http fetch GET 200 https://registry.npmjs.org/pkg-dir/-/pkg-dir-4.2.0.tgz 1781ms (cache miss)
642 http fetch GET 200 https://registry.npmjs.org/pirates/-/pirates-4.0.7.tgz 1832ms (cache miss)
643 http fetch GET 200 https://registry.npmjs.org/once/-/once-1.4.0.tgz 1849ms (cache miss)
644 http fetch GET 200 https://registry.npmjs.org/normalize-path/-/normalize-path-3.0.0.tgz 1855ms (cache miss)
645 http fetch GET 200 https://registry.npmjs.org/npm-run-path/-/npm-run-path-4.0.1.tgz 1856ms (cache miss)
646 http fetch GET 200 https://registry.npmjs.org/make-dir/-/make-dir-4.0.0.tgz 1876ms (cache miss)
647 http fetch GET 200 https://registry.npmjs.org/json-parse-even-better-errors/-/json-parse-even-better-errors-2.3.1.tgz 1898ms (cache miss)
648 http fetch GET 200 https://registry.npmjs.org/jest-watcher/-/jest-watcher-29.7.0.tgz 1960ms (cache miss)
649 http fetch GET 200 https://registry.npmjs.org/p-try/-/p-try-2.2.0.tgz 2038ms (cache miss)
650 http fetch GET 200 https://registry.npmjs.org/jest-watch-select-projects/-/jest-watch-select-projects-2.0.0.tgz 2024ms (cache miss)
651 http fetch GET 200 https://registry.npmjs.org/lines-and-columns/-/lines-and-columns-1.2.4.tgz 2046ms (cache miss)
652 http fetch GET 200 https://registry.npmjs.org/nwsapi/-/nwsapi-2.2.24.tgz 2068ms (cache miss)
653 http fetch GET 200 https://registry.npmjs.org/stacktrace-js/-/stacktrace-js-2.0.2.tgz 2115ms (cache miss)
654 http fetch GET 200 https://registry.npmjs.org/jest-pnp-resolver/-/jest-pnp-resolver-1.2.3.tgz 2037ms (cache miss)
655 http fetch GET 200 https://registry.npmjs.org/jest-resolve-dependencies/-/jest-resolve-dependencies-29.7.0.tgz 2073ms (cache miss)
656 http fetch GET 200 https://registry.npmjs.org/react-test-renderer/-/react-test-renderer-19.2.3.tgz 2145ms (cache miss)
657 http fetch GET 200 https://registry.npmjs.org/jest-leak-detector/-/jest-leak-detector-29.7.0.tgz 2119ms (cache miss)
658 http fetch GET 200 https://registry.npmjs.org/jest-regex-util/-/jest-regex-util-30.4.0.tgz 2130ms (cache miss)
659 http fetch GET 200 https://registry.npmjs.org/jest-message-util/-/jest-message-util-30.4.1.tgz 2155ms (cache miss)
660 http fetch GET 200 https://registry.npmjs.org/jest-runtime/-/jest-runtime-29.7.0.tgz 2210ms (cache miss)
661 http fetch GET 200 https://registry.npmjs.org/jest-matcher-utils/-/jest-matcher-utils-29.7.0.tgz 2287ms (cache miss)
662 http fetch GET 200 https://registry.npmjs.org/jest-runner/-/jest-runner-29.7.0.tgz 2330ms (cache miss)
663 http fetch GET 200 https://registry.npmjs.org/jest-each/-/jest-each-29.7.0.tgz 2339ms (cache miss)
664 http fetch GET 200 https://registry.npmjs.org/jest-environment-jsdom/-/jest-environment-jsdom-29.7.0.tgz 2364ms (cache miss)
665 http fetch GET 200 https://registry.npmjs.org/jest-environment-node/-/jest-environment-node-29.7.0.tgz 2409ms (cache miss)
666 http fetch GET 200 https://registry.npmjs.org/is-potential-custom-element-name/-/is-potential-custom-element-name-1.0.1.tgz 2386ms (cache miss)
667 http fetch GET 200 https://registry.npmjs.org/istanbul-lib-source-maps/-/istanbul-lib-source-maps-4.0.1.tgz 2433ms (cache miss)
668 http fetch GET 200 https://registry.npmjs.org/jest-docblock/-/jest-docblock-29.7.0.tgz 2451ms (cache miss)
669 http fetch GET 200 https://registry.npmjs.org/import-local/-/import-local-3.2.0.tgz 2439ms (cache miss)
670 http fetch GET 200 https://registry.npmjs.org/inflight/-/inflight-1.0.6.tgz 2447ms (cache miss)
671 http fetch GET 200 https://registry.npmjs.org/is-stream/-/is-stream-2.0.1.tgz 2483ms (cache miss)
672 warn deprecated inflight@1.0.6: This module is not supported, and leaks memory. Do not use it. Check out lru-cache if you want a good and tested way to coalesce async requests by a key value, which is much more comprehensive and powerful.
673 http fetch GET 200 https://registry.npmjs.org/jest-mock/-/jest-mock-30.4.1.tgz 2591ms (cache miss)
674 http fetch GET 200 https://registry.npmjs.org/jest/-/jest-29.7.0.tgz 2574ms (cache miss)
675 http fetch GET 200 https://registry.npmjs.org/get-package-type/-/get-package-type-0.1.0.tgz 2627ms (cache miss)
676 http fetch GET 200 https://registry.npmjs.org/is-generator-fn/-/is-generator-fn-2.1.0.tgz 2648ms (cache miss)
677 http fetch GET 200 https://registry.npmjs.org/get-stream/-/get-stream-6.0.1.tgz 2652ms (cache miss)
678 http fetch GET 200 https://registry.npmjs.org/html-encoding-sniffer/-/html-encoding-sniffer-3.0.0.tgz 2659ms (cache miss)
679 http fetch GET 200 https://registry.npmjs.org/error-ex/-/error-ex-1.3.4.tgz 2675ms (cache miss)
680 http fetch GET 200 https://registry.npmjs.org/exit/-/exit-0.1.2.tgz 2719ms (cache miss)
681 http fetch GET 200 https://registry.npmjs.org/fs.realpath/-/fs.realpath-1.0.0.tgz 2776ms (cache miss)
682 http fetch GET 200 https://registry.npmjs.org/domexception/-/domexception-4.0.0.tgz 2767ms (cache miss)
683 http fetch GET 200 https://registry.npmjs.org/detect-newline/-/detect-newline-3.1.0.tgz 2769ms (cache miss)
684 http fetch GET 200 https://registry.npmjs.org/babel-preset-jest/-/babel-preset-jest-29.6.3.tgz 2796ms (cache miss)
685 http fetch GET 200 https://registry.npmjs.org/babel-preset-current-node-syntax/-/babel-preset-current-node-syntax-1.2.0.tgz 2809ms (cache miss)
686 http fetch GET 200 https://registry.npmjs.org/collect-v8-coverage/-/collect-v8-coverage-1.0.3.tgz 2816ms (cache miss)
687 http fetch GET 200 https://registry.npmjs.org/cssom/-/cssom-0.5.0.tgz 2848ms (cache miss)
688 http fetch GET 200 https://registry.npmjs.org/char-regex/-/char-regex-1.0.2.tgz 2865ms (cache miss)
689 http fetch GET 200 https://registry.npmjs.org/@types/tough-cookie/-/tough-cookie-4.0.5.tgz 2867ms (cache miss)
690 http fetch GET 200 https://registry.npmjs.org/acorn-globals/-/acorn-globals-7.0.1.tgz 2870ms (cache miss)
691 http fetch GET 200 https://registry.npmjs.org/@types/stack-utils/-/stack-utils-2.0.3.tgz 2867ms (cache miss)
692 http fetch GET 200 https://registry.npmjs.org/abab/-/abab-2.0.6.tgz 2871ms (cache miss)
693 http fetch GET 200 https://registry.npmjs.org/babel-plugin-jest-hoist/-/babel-plugin-jest-hoist-29.6.3.tgz 2933ms (cache miss)
694 http fetch GET 200 https://registry.npmjs.org/data-urls/-/data-urls-3.0.2.tgz 2968ms (cache miss)
695 http fetch GET 200 https://registry.npmjs.org/@types/jsdom/-/jsdom-20.0.1.tgz 2945ms (cache miss)
696 http fetch GET 200 https://registry.npmjs.org/diff-sequences/-/diff-sequences-29.6.3.tgz 2977ms (cache miss)
697 http fetch GET 200 https://registry.npmjs.org/anymatch/-/anymatch-3.1.3.tgz 2956ms (cache miss)
698 http fetch GET 200 https://registry.npmjs.org/emittery/-/emittery-0.13.1.tgz 2999ms (cache miss)
699 http fetch GET 200 https://registry.npmjs.org/@types/graceful-fs/-/graceful-fs-4.1.9.tgz 3004ms (cache miss)
700 http fetch GET 200 https://registry.npmjs.org/@tootallnate/once/-/once-2.0.1.tgz 3001ms (cache miss)
701 http fetch GET 200 https://registry.npmjs.org/jest-cli/-/jest-cli-29.7.0.tgz 3152ms (cache miss)
702 http fetch GET 200 https://registry.npmjs.org/@jest/test-sequencer/-/test-sequencer-29.7.0.tgz 3068ms (cache miss)
703 http fetch GET 200 https://registry.npmjs.org/@jest/test-result/-/test-result-29.7.0.tgz 3071ms (cache miss)
704 http fetch GET 200 https://registry.npmjs.org/co/-/co-4.6.0.tgz 3087ms (cache miss)
705 http fetch GET 200 https://registry.npmjs.org/escodegen/-/escodegen-2.1.0.tgz 3134ms (cache miss)
706 http fetch GET 200 https://registry.npmjs.org/@jest/globals/-/globals-29.7.0.tgz 3094ms (cache miss)
707 http fetch GET 200 https://registry.npmjs.org/@sinonjs/commons/-/commons-3.0.1.tgz 3134ms (cache miss)
708 http fetch GET 200 https://registry.npmjs.org/@jest/fake-timers/-/fake-timers-29.7.0.tgz 3128ms (cache miss)
709 http fetch GET 200 https://registry.npmjs.org/@jest/source-map/-/source-map-29.6.3.tgz 3155ms (cache miss)
710 http fetch GET 200 https://registry.npmjs.org/babel-jest/-/babel-jest-29.7.0.tgz 3194ms (cache miss)
711 http fetch GET 200 https://registry.npmjs.org/@jest/get-type/-/get-type-30.1.0.tgz 3197ms (cache miss)
712 http fetch GET 200 https://registry.npmjs.org/expect/-/expect-30.4.1.tgz 3270ms (cache miss)
713 http fetch GET 200 https://registry.npmjs.org/http-proxy-agent/-/http-proxy-agent-5.0.0.tgz 3294ms (cache miss)
714 http fetch GET 200 https://registry.npmjs.org/@jest/expect-utils/-/expect-utils-30.4.1.tgz 3232ms (cache miss)
715 http fetch GET 200 https://registry.npmjs.org/jest-changed-files/-/jest-changed-files-29.7.0.tgz 3346ms (cache miss)
716 http fetch GET 200 https://registry.npmjs.org/@jest/expect/-/expect-29.7.0.tgz 3242ms (cache miss)
717 http fetch GET 200 https://registry.npmjs.org/@istanbuljs/schema/-/schema-0.1.6.tgz 3256ms (cache miss)
718 http fetch GET 200 https://registry.npmjs.org/jest-snapshot/-/jest-snapshot-29.7.0.tgz 3418ms (cache miss)
719 http fetch GET 200 https://registry.npmjs.org/@babel/plugin-syntax-optional-catch-binding/-/plugin-syntax-optional-catch-binding-7.8.3.tgz 3316ms (cache miss)
720 http fetch GET 200 https://registry.npmjs.org/babel-plugin-istanbul/-/babel-plugin-istanbul-6.1.1.tgz 3372ms (cache miss)
721 http fetch GET 200 https://registry.npmjs.org/@jest/create-cache-key-function/-/create-cache-key-function-29.7.0.tgz 3335ms (cache miss)
722 http fetch GET 200 https://registry.npmjs.org/@babel/plugin-syntax-private-property-in-object/-/plugin-syntax-private-property-in-object-7.14.5.tgz 3329ms (cache miss)
723 http fetch GET 200 https://registry.npmjs.org/@jest/diff-sequences/-/diff-sequences-30.4.0.tgz 3339ms (cache miss)
724 http fetch GET 200 https://registry.npmjs.org/@jest/console/-/console-29.7.0.tgz 3350ms (cache miss)
725 http fetch GET 200 https://registry.npmjs.org/@babel/plugin-syntax-logical-assignment-operators/-/plugin-syntax-logical-assignment-operators-7.10.4.tgz 3351ms (cache miss)
726 http fetch GET 200 https://registry.npmjs.org/@jest/environment/-/environment-29.7.0.tgz 3368ms (cache miss)
727 http fetch GET 200 https://registry.npmjs.org/@babel/plugin-syntax-object-rest-spread/-/plugin-syntax-object-rest-spread-7.8.3.tgz 3381ms (cache miss)
728 http fetch GET 200 https://registry.npmjs.org/@babel/plugin-syntax-class-static-block/-/plugin-syntax-class-static-block-7.14.5.tgz 3386ms (cache miss)
729 http fetch GET 200 https://registry.npmjs.org/@babel/plugin-syntax-import-meta/-/plugin-syntax-import-meta-7.10.4.tgz 3390ms (cache miss)
730 http fetch GET 200 https://registry.npmjs.org/html-escaper/-/html-escaper-2.0.2.tgz 3500ms (cache miss)
731 http fetch GET 200 https://registry.npmjs.org/jest-watch-typeahead/-/jest-watch-typeahead-2.2.1.tgz 3578ms (cache miss)
732 http fetch GET 200 https://registry.npmjs.org/@types/react-reconciler/-/react-reconciler-0.33.0.tgz 3447ms (cache miss)
733 http fetch GET 200 https://registry.npmjs.org/@babel/plugin-syntax-json-strings/-/plugin-syntax-json-strings-7.8.3.tgz 3443ms (cache miss)
734 http fetch GET 200 https://registry.npmjs.org/@babel/plugin-syntax-numeric-separator/-/plugin-syntax-numeric-separator-7.10.4.tgz 3447ms (cache miss)
735 warn deprecated abab@2.0.6: Use your platform's native atob() and btoa() methods instead
736 http fetch GET 200 https://registry.npmjs.org/form-data/-/form-data-4.0.6.tgz 3538ms (cache miss)
737 http fetch GET 200 https://registry.npmjs.org/cjs-module-lexer/-/cjs-module-lexer-1.4.3.tgz 3518ms (cache miss)
738 http fetch GET 200 https://registry.npmjs.org/@types/jest/-/jest-30.0.0.tgz 3497ms (cache miss)
739 http fetch GET 200 https://registry.npmjs.org/@babel/plugin-syntax-import-attributes/-/plugin-syntax-import-attributes-7.29.7.tgz 3454ms (cache miss)
740 http fetch GET 200 https://registry.npmjs.org/@babel/plugin-syntax-class-properties/-/plugin-syntax-class-properties-7.12.13.tgz 3461ms (cache miss)
741 http fetch GET 200 https://registry.npmjs.org/dedent/-/dedent-1.7.2.tgz 3555ms (cache miss)
742 http fetch GET 200 https://registry.npmjs.org/find-up/-/find-up-4.1.0.tgz 3465ms (cache miss)
743 http fetch GET 200 https://registry.npmjs.org/@babel/plugin-syntax-top-level-await/-/plugin-syntax-top-level-await-7.14.5.tgz 3469ms (cache miss)
744 http fetch GET 200 https://registry.npmjs.org/p-locate/-/p-locate-4.1.0.tgz 3473ms (cache miss)
745 http fetch GET 200 https://registry.npmjs.org/locate-path/-/locate-path-5.0.0.tgz 3480ms (cache miss)
746 http fetch GET 200 https://registry.npmjs.org/webidl-conversions/-/webidl-conversions-7.0.0.tgz 3477ms (cache miss)
747 http fetch GET 200 https://registry.npmjs.org/acorn-walk/-/acorn-walk-8.3.5.tgz 3571ms (cache miss)
748 http fetch GET 200 https://registry.npmjs.org/@babel/plugin-syntax-bigint/-/plugin-syntax-bigint-7.8.3.tgz 3505ms (cache miss)
749 http fetch GET 200 https://registry.npmjs.org/@babel/plugin-syntax-async-generators/-/plugin-syntax-async-generators-7.8.4.tgz 3540ms (cache miss)
750 http fetch GET 200 https://registry.npmjs.org/glob/-/glob-7.2.3.tgz 3538ms (cache miss)
751 http fetch GET 200 https://registry.npmjs.org/@sinonjs/fake-timers/-/fake-timers-10.3.0.tgz 3599ms (cache miss)
752 http fetch GET 200 https://registry.npmjs.org/escape-string-regexp/-/escape-string-regexp-2.0.0.tgz 3558ms (cache miss)
753 http fetch GET 200 https://registry.npmjs.org/strip-ansi/-/strip-ansi-7.2.0.tgz 3545ms (cache miss)
754 http fetch GET 200 https://registry.npmjs.org/slash/-/slash-5.1.0.tgz 3545ms (cache miss)
755 http fetch GET 200 https://registry.npmjs.org/char-regex/-/char-regex-2.0.2.tgz 3542ms (cache miss)
756 http fetch GET 200 https://registry.npmjs.org/jest-regex-util/-/jest-regex-util-29.6.3.tgz 3555ms (cache miss)
757 http fetch GET 200 https://registry.npmjs.org/chalk/-/chalk-3.0.0.tgz 3550ms (cache miss)
758 http fetch GET 200 https://registry.npmjs.org/jest-message-util/-/jest-message-util-29.7.0.tgz 3552ms (cache miss)
759 http fetch GET 200 https://registry.npmjs.org/strip-bom/-/strip-bom-4.0.0.tgz 3555ms (cache miss)
760 http fetch GET 200 https://registry.npmjs.org/p-limit/-/p-limit-2.3.0.tgz 3582ms (cache miss)
761 http fetch GET 200 https://registry.npmjs.org/ansi-regex/-/ansi-regex-6.2.2.tgz 3562ms (cache miss)
762 http fetch GET 200 https://registry.npmjs.org/string-length/-/string-length-5.0.1.tgz 3598ms (cache miss)
763 http fetch GET 200 https://registry.npmjs.org/@istanbuljs/load-nyc-config/-/load-nyc-config-1.1.0.tgz 3607ms (cache miss)
764 http fetch GET 200 https://registry.npmjs.org/glob/-/glob-7.2.3.tgz 3585ms (cache miss)
765 http fetch GET 200 https://registry.npmjs.org/istanbul-lib-instrument/-/istanbul-lib-instrument-6.0.3.tgz 3765ms (cache miss)
766 http fetch GET 200 https://registry.npmjs.org/ansi-escapes/-/ansi-escapes-6.2.1.tgz 3595ms (cache miss)
767 http fetch GET 200 https://registry.npmjs.org/@jest/expect-utils/-/expect-utils-29.7.0.tgz 3610ms (cache miss)
768 http fetch GET 200 https://registry.npmjs.org/jest-regex-util/-/jest-regex-util-29.6.3.tgz 3632ms (cache miss)
769 http fetch GET 200 https://registry.npmjs.org/jest-regex-util/-/jest-regex-util-29.6.3.tgz 3624ms (cache miss)
770 http fetch GET 200 https://registry.npmjs.org/istanbul-lib-coverage/-/istanbul-lib-coverage-3.2.2.tgz 3768ms (cache miss)
771 http fetch GET 200 https://registry.npmjs.org/jest-message-util/-/jest-message-util-29.7.0.tgz 3630ms (cache miss)
772 http fetch GET 200 https://registry.npmjs.org/react-reconciler/-/react-reconciler-0.33.0.tgz 3926ms (cache miss)
773 http fetch GET 200 https://registry.npmjs.org/jest-resolve/-/jest-resolve-29.7.0.tgz 3874ms (cache miss)
774 http fetch GET 200 https://registry.npmjs.org/jest-mock/-/jest-mock-29.7.0.tgz 3645ms (cache miss)
775 http fetch GET 200 https://registry.npmjs.org/ansi-styles/-/ansi-styles-5.2.0.tgz 3652ms (cache miss)
776 http fetch GET 200 https://registry.npmjs.org/jest-mock/-/jest-mock-29.7.0.tgz 3661ms (cache miss)
777 http fetch GET 200 https://registry.npmjs.org/@jest/schemas/-/schemas-30.4.1.tgz 3672ms (cache miss)
778 http fetch GET 200 https://registry.npmjs.org/istanbul-lib-report/-/istanbul-lib-report-3.0.1.tgz 3898ms (cache miss)
779 http fetch GET 200 https://registry.npmjs.org/glob/-/glob-7.2.3.tgz 3685ms (cache miss)
780 http fetch GET 200 https://registry.npmjs.org/jest-util/-/jest-util-30.4.1.tgz 3706ms (cache miss)
781 http fetch GET 200 https://registry.npmjs.org/@jest/types/-/types-30.4.1.tgz 3700ms (cache miss)
782 warn deprecated glob@7.2.3: Old versions of glob are not supported, and contain widely publicized security vulnerabilities, which have been fixed in the current version. Please update. Support for old versions may be purchased (at exorbitant rates) by contacting i@izs.me
783 http fetch GET 200 https://registry.npmjs.org/ci-info/-/ci-info-3.9.0.tgz 3709ms (cache miss)
784 http fetch GET 200 https://registry.npmjs.org/execa/-/execa-5.1.1.tgz 3895ms (cache miss)
785 warn deprecated domexception@4.0.0: Use your platform's native DOMException instead
786 http fetch GET 200 https://registry.npmjs.org/@jest/schemas/-/schemas-30.4.1.tgz 3770ms (cache miss)
787 http fetch GET 200 https://registry.npmjs.org/jest-regex-util/-/jest-regex-util-29.6.3.tgz 3764ms (cache miss)
788 http fetch GET 200 https://registry.npmjs.org/@jest/types/-/types-30.4.1.tgz 3776ms (cache miss)
789 http fetch GET 200 https://registry.npmjs.org/jest-message-util/-/jest-message-util-29.7.0.tgz 3794ms (cache miss)
790 http fetch GET 200 https://registry.npmjs.org/decimal.js/-/decimal.js-10.6.0.tgz 3944ms (cache miss)
791 http fetch GET 200 https://registry.npmjs.org/jest-message-util/-/jest-message-util-29.7.0.tgz 3777ms (cache miss)
792 http fetch GET 200 https://registry.npmjs.org/jest-diff/-/jest-diff-29.7.0.tgz 4024ms (cache miss)
793 http fetch GET 200 https://registry.npmjs.org/jest-mock/-/jest-mock-29.7.0.tgz 3877ms (cache miss)
794 http fetch GET 200 https://registry.npmjs.org/esprima/-/esprima-4.0.1.tgz 4057ms (cache miss)
795 warn deprecated glob@7.2.3: Old versions of glob are not supported, and contain widely publicized security vulnerabilities, which have been fixed in the current version. Please update. Support for old versions may be purchased (at exorbitant rates) by contacting i@izs.me
796 http fetch GET 200 https://registry.npmjs.org/@jest/transform/-/transform-29.7.0.tgz 4006ms (cache miss)
797 http fetch GET 200 https://registry.npmjs.org/psl/-/psl-1.15.0.tgz 4199ms (cache miss)
798 http fetch GET 200 https://registry.npmjs.org/ci-info/-/ci-info-4.4.0.tgz 3934ms (cache miss)
799 http fetch GET 200 https://registry.npmjs.org/jest-regex-util/-/jest-regex-util-29.6.3.tgz 3907ms (cache miss)
800 http fetch GET 200 https://registry.npmjs.org/ansi-styles/-/ansi-styles-5.2.0.tgz 3902ms (cache miss)
801 http fetch GET 200 https://registry.npmjs.org/ci-info/-/ci-info-4.4.0.tgz 3905ms (cache miss)
802 http fetch GET 200 https://registry.npmjs.org/create-jest/-/create-jest-29.7.0.tgz 4101ms (cache miss)
803 http fetch GET 200 https://registry.npmjs.org/jest-util/-/jest-util-30.4.1.tgz 3969ms (cache miss)
804 http fetch GET 200 https://registry.npmjs.org/ci-info/-/ci-info-4.4.0.tgz 3971ms (cache miss)
805 warn deprecated glob@7.2.3: Old versions of glob are not supported, and contain widely publicized security vulnerabilities, which have been fixed in the current version. Please update. Support for old versions may be purchased (at exorbitant rates) by contacting i@izs.me
806 http fetch GET 200 https://registry.npmjs.org/jest-matcher-utils/-/jest-matcher-utils-30.4.1.tgz 3961ms (cache miss)
807 http fetch GET 200 https://registry.npmjs.org/pretty-format/-/pretty-format-30.4.1.tgz 4006ms (cache miss)
808 http fetch GET 200 https://registry.npmjs.org/source-map-support/-/source-map-support-0.5.13.tgz 4106ms (cache miss)
809 http fetch GET 200 https://registry.npmjs.org/pretty-format/-/pretty-format-30.4.1.tgz 4066ms (cache miss)
810 http fetch GET 200 https://registry.npmjs.org/is-arrayish/-/is-arrayish-0.2.1.tgz 4054ms (cache miss)
811 http fetch GET 200 https://registry.npmjs.org/tr46/-/tr46-3.0.0.tgz 4140ms (cache miss)
812 http fetch GET 200 https://registry.npmjs.org/@jest/schemas/-/schemas-30.4.1.tgz 4061ms (cache miss)
813 http fetch GET 200 https://registry.npmjs.org/onetime/-/onetime-5.1.2.tgz 4069ms (cache miss)
814 http fetch GET 200 https://registry.npmjs.org/mimic-fn/-/mimic-fn-2.1.0.tgz 4072ms (cache miss)
815 http fetch GET 200 https://registry.npmjs.org/@jest/pattern/-/pattern-30.4.0.tgz 4250ms (cache miss)
816 http fetch GET 200 https://registry.npmjs.org/human-signals/-/human-signals-2.1.0.tgz 4363ms (cache miss)
817 http fetch GET 200 https://registry.npmjs.org/jest-util/-/jest-util-30.4.1.tgz 4158ms (cache miss)
818 http fetch GET 200 https://registry.npmjs.org/webidl-conversions/-/webidl-conversions-7.0.0.tgz 4172ms (cache miss)
819 http fetch GET 200 https://registry.npmjs.org/webidl-conversions/-/webidl-conversions-7.0.0.tgz 4167ms (cache miss)
820 http fetch GET 200 https://registry.npmjs.org/jest-diff/-/jest-diff-30.4.1.tgz 4189ms (cache miss)
821 http fetch GET 200 https://registry.npmjs.org/cssom/-/cssom-0.3.8.tgz 4175ms (cache miss)
822 http fetch GET 200 https://registry.npmjs.org/@jest/types/-/types-30.4.1.tgz 4194ms (cache miss)
823 http fetch GET 200 https://registry.npmjs.org/jest-circus/-/jest-circus-29.7.0.tgz 4479ms (cache miss)
824 http fetch GET 200 https://registry.npmjs.org/ansi-styles/-/ansi-styles-5.2.0.tgz 4273ms (cache miss)
825 http fetch GET 200 https://registry.npmjs.org/pretty-format/-/pretty-format-30.4.1.tgz 4275ms (cache miss)
826 http fetch GET 200 https://registry.npmjs.org/@jest/schemas/-/schemas-30.4.1.tgz 4273ms (cache miss)
827 http fetch GET 200 https://registry.npmjs.org/jest-matcher-utils/-/jest-matcher-utils-30.4.1.tgz 4272ms (cache miss)
828 http fetch GET 200 https://registry.npmjs.org/jest-message-util/-/jest-message-util-29.7.0.tgz 4423ms (cache miss)
829 http fetch GET 200 https://registry.npmjs.org/jest-regex-util/-/jest-regex-util-29.6.3.tgz 4430ms (cache miss)
830 http fetch GET 200 https://registry.npmjs.org/jest-regex-util/-/jest-regex-util-29.6.3.tgz 4417ms (cache miss)
831 http fetch GET 200 https://registry.npmjs.org/ansi-styles/-/ansi-styles-5.2.0.tgz 4429ms (cache miss)
832 http fetch GET 200 https://registry.npmjs.org/jest-message-util/-/jest-message-util-29.7.0.tgz 4432ms (cache miss)
833 http fetch GET 200 https://registry.npmjs.org/@jest/schemas/-/schemas-30.4.1.tgz 4432ms (cache miss)
834 http fetch GET 200 https://registry.npmjs.org/jest-mock/-/jest-mock-29.7.0.tgz 4445ms (cache miss)
835 http fetch GET 200 https://registry.npmjs.org/semver/-/semver-6.3.1.tgz 4468ms (cache miss)
836 http fetch GET 200 https://registry.npmjs.org/pretty-format/-/pretty-format-30.4.1.tgz 4507ms (cache miss)
837 http fetch GET 200 https://registry.npmjs.org/ci-info/-/ci-info-3.9.0.tgz 4480ms (cache miss)
838 http fetch GET 200 https://registry.npmjs.org/expect/-/expect-29.7.0.tgz 4682ms (cache miss)
839 http fetch GET 200 https://registry.npmjs.org/jest-mock/-/jest-mock-29.7.0.tgz 4648ms (cache miss)
840 http fetch GET 200 https://registry.npmjs.org/jest-mock/-/jest-mock-29.7.0.tgz 4684ms (cache miss)
841 http fetch GET 200 https://registry.npmjs.org/tr46/-/tr46-3.0.0.tgz 4739ms (cache miss)
842 http fetch GET 200 https://registry.npmjs.org/glob/-/glob-7.2.3.tgz 4725ms (cache miss)
843 http fetch GET 200 https://registry.npmjs.org/jest-diff/-/jest-diff-30.4.1.tgz 4754ms (cache miss)
844 warn deprecated glob@7.2.3: Old versions of glob are not supported, and contain widely publicized security vulnerabilities, which have been fixed in the current version. Please update. Support for old versions may be purchased (at exorbitant rates) by contacting i@izs.me
845 http fetch GET 200 https://registry.npmjs.org/uuid 4393ms (cache revalidated)
846 silly packumentCache corgi:https://registry.npmjs.org/uuid set size:82973 disposed:false
847 silly packumentCache corgi:https://registry.npmjs.org/xcode cache-miss
848 http fetch GET 200 https://registry.npmjs.org/jest-haste-map/-/jest-haste-map-29.7.0.tgz 5083ms (cache miss)
849 http fetch GET 200 https://registry.npmjs.org/@emnapi/wasi-threads/-/wasi-threads-1.2.2.tgz 4946ms (cache miss)
850 http fetch GET 200 https://registry.npmjs.org/whatwg-url/-/whatwg-url-11.0.0.tgz 4936ms (cache miss)
851 http fetch GET 200 https://registry.npmjs.org/istanbul-lib-instrument/-/istanbul-lib-instrument-5.2.1.tgz 4833ms (cache miss)
852 http fetch GET 200 https://registry.npmjs.org/jest-message-util/-/jest-message-util-29.7.0.tgz 4803ms (cache miss)
853 http fetch GET 200 https://registry.npmjs.org/picomatch/-/picomatch-2.3.2.tgz 4863ms (cache miss)
854 http fetch GET 200 https://registry.npmjs.org/locate-path/-/locate-path-5.0.0.tgz 4835ms (cache miss)
855 http fetch GET 200 https://registry.npmjs.org/p-limit/-/p-limit-2.3.0.tgz 4839ms (cache miss)
856 http fetch GET 200 https://registry.npmjs.org/find-up/-/find-up-4.1.0.tgz 4841ms (cache miss)
857 http fetch GET 200 https://registry.npmjs.org/p-locate/-/p-locate-4.1.0.tgz 4849ms (cache miss)
858 http fetch GET 200 https://registry.npmjs.org/jest-message-util/-/jest-message-util-29.7.0.tgz 4826ms (cache miss)
859 http fetch GET 200 https://registry.npmjs.org/jest-message-util/-/jest-message-util-29.7.0.tgz 4852ms (cache miss)
860 http fetch GET 200 https://registry.npmjs.org/camelcase/-/camelcase-5.3.1.tgz 4850ms (cache miss)
861 http fetch GET 200 https://registry.npmjs.org/jest-config/-/jest-config-29.7.0.tgz 5151ms (cache miss)
862 http fetch GET 200 https://registry.npmjs.org/ws/-/ws-8.21.0.tgz 5076ms (cache miss)
863 http fetch GET 200 https://registry.npmjs.org/@jest/expect-utils/-/expect-utils-29.7.0.tgz 4949ms (cache miss)
864 http fetch GET 200 https://registry.npmjs.org/whatwg-url/-/whatwg-url-11.0.0.tgz 5199ms (cache miss)
865 http fetch GET 200 https://registry.npmjs.org/xcode 411ms (cache revalidated)
866 silly packumentCache corgi:https://registry.npmjs.org/xcode set size:1850340 disposed:false
867 silly packumentCache corgi:https://registry.npmjs.org/@expo%2fconfig-plugins cache-miss
868 http fetch GET 200 https://registry.npmjs.org/@jest/reporters/-/reporters-29.7.0.tgz 5451ms (cache miss)
869 http fetch GET 200 https://registry.npmjs.org/source-map/-/source-map-0.5.6.tgz 5532ms (cache miss)
870 http fetch GET 200 https://registry.npmjs.org/expect/-/expect-29.7.0.tgz 5382ms (cache miss)
871 http fetch GET 200 https://registry.npmjs.org/source-map/-/source-map-0.6.1.tgz 5589ms (cache miss)
872 http fetch GET 200 https://registry.npmjs.org/source-map/-/source-map-0.6.1.tgz 5590ms (cache miss)
873 http fetch GET 200 https://registry.npmjs.org/@expo%2fconfig-plugins 293ms (cache revalidated)
874 silly packumentCache corgi:https://registry.npmjs.org/@expo%2fconfig-plugins set size:420720 disposed:false
875 silly packumentCache corgi:https://registry.npmjs.org/@expo%2fconfig cache-miss
876 silly packumentCache corgi:https://registry.npmjs.org/@expo%2finline-modules cache-miss
877 silly packumentCache corgi:https://registry.npmjs.org/@expo%2fprebuild-config cache-miss
878 silly packumentCache corgi:https://registry.npmjs.org/expo cache-miss
879 silly packumentCache corgi:https://registry.npmjs.org/expo-splash-screen cache-miss
880 silly packumentCache corgi:https://registry.npmjs.org/@expo%2fcli cache-miss
881 http fetch GET 200 https://registry.npmjs.org/source-map/-/source-map-0.6.1.tgz 5748ms (cache miss)
882 http fetch GET 200 https://registry.npmjs.org/jest-expo/-/jest-expo-57.0.0.tgz 6120ms (cache miss)
883 http fetch GET 200 https://registry.npmjs.org/iconv-lite/-/iconv-lite-0.6.3.tgz 6191ms (cache miss)
884 http fetch GET 200 https://registry.npmjs.org/expo-splash-screen 364ms (cache revalidated)
885 silly packumentCache corgi:https://registry.npmjs.org/expo-splash-screen set size:287473 disposed:false
886 http fetch GET 200 https://registry.npmjs.org/expo 385ms (cache revalidated)
887 silly packumentCache corgi:https://registry.npmjs.org/expo set size:1789723 disposed:false
888 http fetch GET 200 https://registry.npmjs.org/@react-native/jest-preset/-/jest-preset-0.85.3.tgz 6188ms (cache miss)
889 http fetch GET 200 https://registry.npmjs.org/@testing-library/jest-native/-/jest-native-5.4.3.tgz 6233ms (cache miss)
890 http fetch GET 200 https://registry.npmjs.org/@expo%2finline-modules 483ms (cache revalidated)
891 silly packumentCache corgi:https://registry.npmjs.org/@expo%2finline-modules set size:25306 disposed:false
892 http fetch GET 200 https://registry.npmjs.org/@expo%2fconfig 493ms (cache revalidated)
893 silly packumentCache corgi:https://registry.npmjs.org/@expo%2fconfig set size:549659 disposed:false
894 http fetch GET 200 https://registry.npmjs.org/@expo%2fcli 499ms (cache revalidated)
895 silly packumentCache corgi:https://registry.npmjs.org/@expo%2fcli set size:1675688 disposed:false
896 http fetch GET 200 https://registry.npmjs.org/@expo%2fprebuild-config 548ms (cache revalidated)
897 silly packumentCache corgi:https://registry.npmjs.org/@expo%2fprebuild-config set size:393528 disposed:false
898 silly packumentCache corgi:https://registry.npmjs.org/@expo%2fdom-webview cache-miss
899 silly packumentCache corgi:https://registry.npmjs.org/@expo%2flog-box cache-miss
900 silly packumentCache corgi:https://registry.npmjs.org/@expo%2fmetro-config cache-miss
901 silly packumentCache corgi:https://registry.npmjs.org/@expo%2fmetro-runtime cache-miss
902 silly packumentCache corgi:https://registry.npmjs.org/@expo%2fui cache-miss
903 silly packumentCache corgi:https://registry.npmjs.org/babel-preset-expo cache-miss
904 silly packumentCache corgi:https://registry.npmjs.org/expo-asset cache-miss
905 silly packumentCache corgi:https://registry.npmjs.org/expo-constants cache-miss
906 silly packumentCache corgi:https://registry.npmjs.org/expo-device cache-miss
907 silly packumentCache corgi:https://registry.npmjs.org/expo-file-system cache-miss
908 silly packumentCache corgi:https://registry.npmjs.org/expo-font cache-miss
909 silly packumentCache corgi:https://registry.npmjs.org/expo-glass-effect cache-miss
910 silly packumentCache corgi:https://registry.npmjs.org/expo-image cache-miss
911 silly packumentCache corgi:https://registry.npmjs.org/expo-keep-awake cache-miss
912 silly packumentCache corgi:https://registry.npmjs.org/expo-router cache-miss
913 silly packumentCache corgi:https://registry.npmjs.org/expo-secure-store cache-miss
914 silly packumentCache corgi:https://registry.npmjs.org/expo-status-bar cache-miss
915 silly packumentCache corgi:https://registry.npmjs.org/expo-symbols cache-miss
916 silly packumentCache corgi:https://registry.npmjs.org/expo-system-ui cache-miss
917 silly packumentCache corgi:https://registry.npmjs.org/expo-web-browser cache-miss
918 silly packumentCache corgi:https://registry.npmjs.org/@expo%2frouter-server cache-miss
919 silly packumentCache corgi:https://registry.npmjs.org/jest-expo cache-miss
920 warn deprecated @testing-library/jest-native@5.4.3: DEPRECATED: This package is no longer maintained.
920 warn deprecated Please use the built-in Jest matchers available in @testing-library/react-native v12.4+.
920 warn deprecated
920 warn deprecated See migration guide: https://callstack.github.io/react-native-testing-library/docs/migration/jest-matchers
921 http fetch GET 200 https://registry.npmjs.org/expo-file-system 336ms (cache revalidated)
922 silly packumentCache corgi:https://registry.npmjs.org/expo-file-system set size:298359 disposed:false
923 http fetch GET 200 https://registry.npmjs.org/expo-constants 382ms (cache revalidated)
924 silly packumentCache corgi:https://registry.npmjs.org/expo-constants set size:297170 disposed:false
925 http fetch GET 200 https://registry.npmjs.org/babel-preset-expo 397ms (cache revalidated)
926 silly packumentCache corgi:https://registry.npmjs.org/babel-preset-expo set size:568509 disposed:false
927 http fetch GET 200 https://registry.npmjs.org/expo-font 399ms (cache revalidated)
928 silly packumentCache corgi:https://registry.npmjs.org/expo-font set size:249168 disposed:false
929 http fetch GET 200 https://registry.npmjs.org/expo-asset 416ms (cache revalidated)
930 silly packumentCache corgi:https://registry.npmjs.org/expo-asset set size:312394 disposed:false
931 http fetch GET 200 https://registry.npmjs.org/expo-keep-awake 412ms (cache revalidated)
932 silly packumentCache corgi:https://registry.npmjs.org/expo-keep-awake set size:195500 disposed:false
933 http fetch GET 200 https://registry.npmjs.org/expo-status-bar 409ms (cache revalidated)
934 silly packumentCache corgi:https://registry.npmjs.org/expo-status-bar set size:199602 disposed:false
935 http fetch GET 200 https://registry.npmjs.org/@expo%2fmetro-config 479ms (cache revalidated)
936 silly packumentCache corgi:https://registry.npmjs.org/@expo%2fmetro-config set size:595438 disposed:false
937 http fetch GET 200 https://registry.npmjs.org/expo-system-ui 459ms (cache revalidated)
938 silly packumentCache corgi:https://registry.npmjs.org/expo-system-ui set size:209264 disposed:false
939 http fetch GET 200 https://registry.npmjs.org/@expo%2fmetro-runtime 498ms (cache revalidated)
940 silly packumentCache corgi:https://registry.npmjs.org/@expo%2fmetro-runtime set size:203170 disposed:false
941 http fetch GET 200 https://registry.npmjs.org/@expo%2flog-box 506ms (cache revalidated)
942 silly packumentCache corgi:https://registry.npmjs.org/@expo%2flog-box set size:92993 disposed:false
943 http fetch GET 200 https://registry.npmjs.org/argparse/-/argparse-1.0.10.tgz 6897ms (cache miss)
944 http fetch GET 200 https://registry.npmjs.org/expo-web-browser 495ms (cache revalidated)
945 silly packumentCache corgi:https://registry.npmjs.org/expo-web-browser set size:213419 disposed:false
946 http fetch GET 200 https://registry.npmjs.org/expo-symbols 509ms (cache revalidated)
947 silly packumentCache corgi:https://registry.npmjs.org/expo-symbols set size:152513 disposed:false
948 http fetch GET 200 https://registry.npmjs.org/expo-router 529ms (cache revalidated)
949 silly packumentCache corgi:https://registry.npmjs.org/expo-router set size:956982 disposed:false
950 http fetch GET 200 https://registry.npmjs.org/@expo%2frouter-server 531ms (cache revalidated)
951 silly packumentCache corgi:https://registry.npmjs.org/@expo%2frouter-server set size:112905 disposed:false
952 http fetch GET 200 https://registry.npmjs.org/expo-device 574ms (cache revalidated)
953 silly packumentCache corgi:https://registry.npmjs.org/expo-device set size:186236 disposed:false
954 http fetch GET 200 https://registry.npmjs.org/expo-image 574ms (cache revalidated)
955 silly packumentCache corgi:https://registry.npmjs.org/expo-image set size:238148 disposed:false
956 http fetch GET 200 https://registry.npmjs.org/@expo%2fui 595ms (cache revalidated)
957 silly packumentCache corgi:https://registry.npmjs.org/@expo%2fui set size:160010 disposed:false
958 http fetch GET 200 https://registry.npmjs.org/expo-glass-effect 589ms (cache revalidated)
959 silly packumentCache corgi:https://registry.npmjs.org/expo-glass-effect set size:87197 disposed:false
960 http fetch GET 200 https://registry.npmjs.org/@jest/core/-/core-29.7.0.tgz 7204ms (cache miss)
961 http fetch GET 200 https://registry.npmjs.org/jest-expo 593ms (cache miss)
962 silly packumentCache corgi:https://registry.npmjs.org/jest-expo set size:undefined disposed:false
963 http fetch GET 200 https://registry.npmjs.org/expo-secure-store 948ms (cache revalidated)
964 silly packumentCache corgi:https://registry.npmjs.org/expo-secure-store set size:187210 disposed:false
965 http fetch GET 200 https://registry.npmjs.org/@expo%2fdom-webview 999ms (cache revalidated)
966 silly packumentCache corgi:https://registry.npmjs.org/@expo%2fdom-webview set size:101008 disposed:false
967 http fetch GET 200 https://registry.npmjs.org/istanbul-reports/-/istanbul-reports-3.2.0.tgz 7702ms (cache miss)
968 silly packumentCache corgi:https://registry.npmjs.org/@expo%2flocal-build-cache-provider cache-miss
969 http fetch GET 200 https://registry.npmjs.org/@expo%2flocal-build-cache-provider 223ms (cache revalidated)
970 silly packumentCache corgi:https://registry.npmjs.org/@expo%2flocal-build-cache-provider set size:55372 disposed:false
971 http fetch GET 200 https://registry.npmjs.org/js-yaml/-/js-yaml-3.15.0.tgz 7715ms (cache miss)
972 http fetch GET 200 https://registry.npmjs.org/@bcoe/v8-coverage/-/v8-coverage-0.2.3.tgz 7991ms (cache miss)
973 http fetch GET 200 https://registry.npmjs.org/parse5/-/parse5-7.3.0.tgz 8359ms (cache miss)
974 http fetch GET 200 https://registry.npmjs.org/pure-rand/-/pure-rand-6.1.0.tgz 8484ms (cache miss)
975 http fetch GET 200 https://registry.npmjs.org/cssstyle/-/cssstyle-2.3.0.tgz 9217ms (cache miss)
976 http fetch GET 200 https://registry.npmjs.org/entities/-/entities-6.0.1.tgz 9236ms (cache miss)
977 http fetch GET 200 https://registry.npmjs.org/@testing-library/react-native/-/react-native-14.0.1.tgz 12793ms (cache miss)
978 http fetch GET 200 https://registry.npmjs.org/lodash/-/lodash-4.18.1.tgz 16741ms (cache miss)
979 http fetch GET 200 https://registry.npmjs.org/jsdom/-/jsdom-20.0.3.tgz 17143ms (cache miss)
980 http fetch GET 200 https://registry.npmjs.org/@sinclair/typebox/-/typebox-0.34.49.tgz 24083ms (cache miss)
981 http fetch GET 200 https://registry.npmjs.org/@sinclair/typebox/-/typebox-0.34.49.tgz 24079ms (cache miss)
982 http fetch GET 200 https://registry.npmjs.org/@sinclair/typebox/-/typebox-0.34.49.tgz 24230ms (cache miss)
983 http fetch GET 200 https://registry.npmjs.org/@sinclair/typebox/-/typebox-0.34.49.tgz 24282ms (cache miss)
984 http fetch GET 200 https://registry.npmjs.org/@sinclair/typebox/-/typebox-0.34.49.tgz 24270ms (cache miss)
985 silly ADD node_modules/xmlchars
986 silly ADD node_modules/xml-name-validator
987 silly ADD node_modules/write-file-atomic
988 silly ADD node_modules/wrappy
989 silly ADD node_modules/whatwg-mimetype
990 silly ADD node_modules/whatwg-encoding
991 silly ADD node_modules/w3c-xmlserializer
992 silly ADD node_modules/v8-to-istanbul
993 silly ADD node_modules/url-parse
994 silly ADD node_modules/universalify
995 silly ADD node_modules/type-detect
996 silly ADD node_modules/tough-cookie
997 silly ADD node_modules/test-renderer
998 silly ADD node_modules/test-exclude
999 silly ADD node_modules/test-exclude/node_modules/glob
1000 silly ADD node_modules/symbol-tree
1001 silly ADD node_modules/strip-final-newline
1002 silly ADD node_modules/string-length
1003 silly ADD node_modules/stacktrace-js
1004 silly ADD node_modules/stacktrace-gps
1005 silly ADD node_modules/stacktrace-gps/node_modules/source-map
1006 silly ADD node_modules/stack-utils
1007 silly ADD node_modules/stack-utils/node_modules/escape-string-regexp
1008 silly ADD node_modules/stack-generator
1009 silly ADD node_modules/sprintf-js
1010 silly ADD node_modules/slash
1011 silly ADD node_modules/saxes
1012 silly ADD node_modules/safer-buffer
1013 silly ADD node_modules/resolve.exports
1014 silly ADD node_modules/resolve-cwd
1015 silly ADD node_modules/requires-port
1016 silly ADD node_modules/react-test-renderer
1017 silly ADD node_modules/react-reconciler
1018 silly ADD node_modules/react-is-19
1019 silly ADD node_modules/react-is-18
1020 silly ADD node_modules/querystringify
1021 silly ADD node_modules/pure-rand
1022 silly ADD node_modules/psl
1023 silly ADD node_modules/pkg-dir
1024 silly ADD node_modules/pkg-dir/node_modules/p-locate
1025 silly ADD node_modules/pkg-dir/node_modules/p-limit
1026 silly ADD node_modules/pkg-dir/node_modules/locate-path
1027 silly ADD node_modules/pkg-dir/node_modules/find-up
1028 silly ADD node_modules/pirates
1029 silly ADD node_modules/path-is-absolute
1030 silly ADD node_modules/parse5
1031 silly ADD node_modules/parse-json
1032 silly ADD node_modules/p-try
1033 silly ADD node_modules/once
1034 silly ADD node_modules/nwsapi
1035 silly ADD node_modules/npm-run-path
1036 silly ADD node_modules/normalize-path
1037 silly ADD node_modules/make-dir
1038 silly ADD node_modules/lodash
1039 silly ADD node_modules/lines-and-columns
1040 silly ADD node_modules/json-parse-even-better-errors
1041 silly ADD node_modules/jsdom
1042 silly ADD node_modules/jsdom/node_modules/ws
1043 silly ADD node_modules/jsdom/node_modules/whatwg-url
1044 silly ADD node_modules/jsdom/node_modules/webidl-conversions
1045 silly ADD node_modules/jsdom/node_modules/tr46
1046 silly ADD node_modules/jsdom/node_modules/https-proxy-agent
1047 silly ADD node_modules/jsdom/node_modules/agent-base
1048 silly ADD node_modules/jest-watcher
1049 silly ADD node_modules/jest-watch-typeahead
1050 silly ADD node_modules/jest-watch-typeahead/node_modules/strip-ansi
1051 silly ADD node_modules/jest-watch-typeahead/node_modules/string-length
1052 silly ADD node_modules/jest-watch-typeahead/node_modules/string-length/node_modules/char-regex
1053 silly ADD node_modules/jest-watch-typeahead/node_modules/slash
1054 silly ADD node_modules/jest-watch-typeahead/node_modules/jest-regex-util
1055 silly ADD node_modules/jest-watch-typeahead/node_modules/ansi-regex
1056 silly ADD node_modules/jest-watch-typeahead/node_modules/ansi-escapes
1057 silly ADD node_modules/jest-watch-select-projects
1058 silly ADD node_modules/jest-watch-select-projects/node_modules/chalk
1059 silly ADD node_modules/jest-snapshot
1060 silly ADD node_modules/jest-snapshot/node_modules/jest-message-util
1061 silly ADD node_modules/jest-snapshot/node_modules/expect
1062 silly ADD node_modules/jest-snapshot/node_modules/@jest/expect-utils
1063 silly ADD node_modules/jest-runtime
1064 silly ADD node_modules/jest-runtime/node_modules/strip-bom
1065 silly ADD node_modules/jest-runtime/node_modules/jest-regex-util
1066 silly ADD node_modules/jest-runtime/node_modules/jest-mock
1067 silly ADD node_modules/jest-runtime/node_modules/jest-message-util
1068 silly ADD node_modules/jest-runtime/node_modules/glob
1069 silly ADD node_modules/jest-runner
1070 silly ADD node_modules/jest-runner/node_modules/source-map-support
1071 silly ADD node_modules/jest-runner/node_modules/source-map
1072 silly ADD node_modules/jest-runner/node_modules/jest-message-util
1073 silly ADD node_modules/jest-resolve-dependencies
1074 silly ADD node_modules/jest-resolve-dependencies/node_modules/jest-regex-util
1075 silly ADD node_modules/jest-resolve
1076 silly ADD node_modules/jest-regex-util
1077 silly ADD node_modules/jest-pnp-resolver
1078 silly ADD node_modules/jest-mock
1079 silly ADD node_modules/jest-mock/node_modules/jest-util
1080 silly ADD node_modules/jest-mock/node_modules/ci-info
1081 silly ADD node_modules/jest-mock/node_modules/@sinclair/typebox
1082 silly ADD node_modules/jest-mock/node_modules/@jest/types
1083 silly ADD node_modules/jest-mock/node_modules/@jest/schemas
1084 silly ADD node_modules/jest-message-util
1085 silly ADD node_modules/jest-message-util/node_modules/pretty-format
1086 silly ADD node_modules/jest-message-util/node_modules/jest-util
1087 silly ADD node_modules/jest-message-util/node_modules/ci-info
1088 silly ADD node_modules/jest-message-util/node_modules/ansi-styles
1089 silly ADD node_modules/jest-message-util/node_modules/@sinclair/typebox
1090 silly ADD node_modules/jest-message-util/node_modules/@jest/types
1091 silly ADD node_modules/jest-message-util/node_modules/@jest/schemas
1092 silly ADD node_modules/jest-matcher-utils
1093 silly ADD node_modules/jest-leak-detector
1094 silly ADD node_modules/jest-haste-map
1095 silly ADD node_modules/jest-haste-map/node_modules/jest-regex-util
1096 silly ADD node_modules/jest-expo
1097 silly ADD node_modules/jest-environment-node
1098 silly ADD node_modules/jest-environment-node/node_modules/jest-mock
1099 silly ADD node_modules/jest-environment-jsdom
1100 silly ADD node_modules/jest-environment-jsdom/node_modules/jest-mock
1101 silly ADD node_modules/jest-each
1102 silly ADD node_modules/jest-docblock
1103 silly ADD node_modules/jest-diff
1104 silly ADD node_modules/jest-config
1105 silly ADD node_modules/jest-config/node_modules/jest-regex-util
1106 silly ADD node_modules/jest-config/node_modules/glob
1107 silly ADD node_modules/jest-config/node_modules/ci-info
1108 silly ADD node_modules/jest-cli
1109 silly ADD node_modules/jest-circus
1110 silly ADD node_modules/jest-circus/node_modules/jest-message-util
1111 silly ADD node_modules/jest-changed-files
1112 silly ADD node_modules/jest
1113 silly ADD node_modules/istanbul-reports
1114 silly ADD node_modules/istanbul-lib-source-maps
1115 silly ADD node_modules/istanbul-lib-source-maps/node_modules/source-map
1116 silly ADD node_modules/istanbul-lib-report
1117 silly ADD node_modules/istanbul-lib-instrument
1118 silly ADD node_modules/istanbul-lib-coverage
1119 silly ADD node_modules/is-stream
1120 silly ADD node_modules/is-potential-custom-element-name
1121 silly ADD node_modules/is-generator-fn
1122 silly ADD node_modules/inflight
1123 silly ADD node_modules/import-local
1124 silly ADD node_modules/iconv-lite
1125 silly ADD node_modules/human-signals
1126 silly ADD node_modules/http-proxy-agent
1127 silly ADD node_modules/http-proxy-agent/node_modules/agent-base
1128 silly ADD node_modules/html-escaper
1129 silly ADD node_modules/html-encoding-sniffer
1130 silly ADD node_modules/get-stream
1131 silly ADD node_modules/get-package-type
1132 silly ADD node_modules/fs.realpath
1133 silly ADD node_modules/form-data
1134 silly ADD node_modules/form-data/node_modules/mime-types
1135 silly ADD node_modules/form-data/node_modules/mime-db
1136 silly ADD node_modules/expect
1137 silly ADD node_modules/expect/node_modules/pretty-format
1138 silly ADD node_modules/expect/node_modules/jest-util
1139 silly ADD node_modules/expect/node_modules/jest-matcher-utils
1140 silly ADD node_modules/expect/node_modules/jest-diff
1141 silly ADD node_modules/expect/node_modules/ci-info
1142 silly ADD node_modules/expect/node_modules/ansi-styles
1143 silly ADD node_modules/expect/node_modules/@sinclair/typebox
1144 silly ADD node_modules/expect/node_modules/@jest/types
1145 silly ADD node_modules/expect/node_modules/@jest/schemas
1146 silly ADD node_modules/exit
1147 silly ADD node_modules/execa
1148 silly ADD node_modules/execa/node_modules/onetime
1149 silly ADD node_modules/execa/node_modules/mimic-fn
1150 silly ADD node_modules/esprima
1151 silly ADD node_modules/escodegen
1152 silly ADD node_modules/escodegen/node_modules/source-map
1153 silly ADD node_modules/error-ex
1154 silly ADD node_modules/error-ex/node_modules/is-arrayish
1155 silly ADD node_modules/entities
1156 silly ADD node_modules/emittery
1157 silly ADD node_modules/domexception
1158 silly ADD node_modules/domexception/node_modules/webidl-conversions
1159 silly ADD node_modules/diff-sequences
1160 silly ADD node_modules/detect-newline
1161 silly ADD node_modules/delayed-stream
1162 silly ADD node_modules/dedent
1163 silly ADD node_modules/decimal.js
1164 silly ADD node_modules/data-urls
1165 silly ADD node_modules/data-urls/node_modules/whatwg-url
1166 silly ADD node_modules/data-urls/node_modules/webidl-conversions
1167 silly ADD node_modules/data-urls/node_modules/tr46
1168 silly ADD node_modules/cssstyle
1169 silly ADD node_modules/cssstyle/node_modules/cssom
1170 silly ADD node_modules/cssom
1171 silly ADD node_modules/create-jest
1172 silly ADD node_modules/combined-stream
1173 silly ADD node_modules/collect-v8-coverage
1174 silly ADD node_modules/co
1175 silly ADD node_modules/cjs-module-lexer
1176 silly ADD node_modules/char-regex
1177 silly ADD node_modules/babel-preset-jest
1178 silly ADD node_modules/babel-preset-current-node-syntax
1179 silly ADD node_modules/babel-plugin-jest-hoist
1180 silly ADD node_modules/babel-plugin-istanbul
1181 silly ADD node_modules/babel-plugin-istanbul/node_modules/semver
1182 silly ADD node_modules/babel-plugin-istanbul/node_modules/istanbul-lib-instrument
1183 silly ADD node_modules/babel-jest
1184 silly ADD node_modules/asynckit
1185 silly ADD node_modules/anymatch
1186 silly ADD node_modules/anymatch/node_modules/picomatch
1187 silly ADD node_modules/acorn-walk
1188 silly ADD node_modules/acorn-globals
1189 silly ADD node_modules/abab
1190 silly ADD node_modules/@types/tough-cookie
1191 silly ADD node_modules/@types/stack-utils
1192 silly ADD node_modules/@types/react-reconciler
1193 silly ADD node_modules/@types/jsdom
1194 silly ADD node_modules/@types/jest
1195 silly ADD node_modules/@types/jest/node_modules/pretty-format
1196 silly ADD node_modules/@types/jest/node_modules/ansi-styles
1197 silly ADD node_modules/@types/jest/node_modules/@sinclair/typebox
1198 silly ADD node_modules/@types/jest/node_modules/@jest/schemas
1199 silly ADD node_modules/@types/graceful-fs
1200 silly ADD node_modules/@types/babel__traverse
1201 silly ADD node_modules/@types/babel__template
1202 silly ADD node_modules/@types/babel__generator
1203 silly ADD node_modules/@types/babel__core
1204 silly ADD node_modules/@tootallnate/once
1205 silly ADD node_modules/@testing-library/react-native
1206 silly ADD node_modules/@testing-library/react-native/node_modules/pretty-format
1207 silly ADD node_modules/@testing-library/react-native/node_modules/jest-matcher-utils
1208 silly ADD node_modules/@testing-library/react-native/node_modules/jest-diff
1209 silly ADD node_modules/@testing-library/react-native/node_modules/ansi-styles
1210 silly ADD node_modules/@testing-library/react-native/node_modules/@sinclair/typebox
1211 silly ADD node_modules/@testing-library/react-native/node_modules/@jest/schemas
1212 silly ADD node_modules/@testing-library/jest-native
1213 silly ADD node_modules/@sinonjs/fake-timers
1214 silly ADD node_modules/@sinonjs/commons
1215 silly ADD node_modules/@react-native/jest-preset
1216 silly ADD node_modules/@jest/transform
1217 silly ADD node_modules/@jest/transform/node_modules/jest-regex-util
1218 silly ADD node_modules/@jest/test-sequencer
1219 silly ADD node_modules/@jest/test-result
1220 silly ADD node_modules/@jest/source-map
1221 silly ADD node_modules/@jest/reporters
1222 silly ADD node_modules/@jest/reporters/node_modules/jest-message-util
1223 silly ADD node_modules/@jest/reporters/node_modules/glob
1224 silly ADD node_modules/@jest/pattern
1225 silly ADD node_modules/@jest/globals
1226 silly ADD node_modules/@jest/globals/node_modules/jest-mock
1227 silly ADD node_modules/@jest/get-type
1228 silly ADD node_modules/@jest/fake-timers
1229 silly ADD node_modules/@jest/fake-timers/node_modules/jest-mock
1230 silly ADD node_modules/@jest/fake-timers/node_modules/jest-message-util
1231 silly ADD node_modules/@jest/expect-utils
1232 silly ADD node_modules/@jest/expect
1233 silly ADD node_modules/@jest/expect/node_modules/jest-message-util
1234 silly ADD node_modules/@jest/expect/node_modules/expect
1235 silly ADD node_modules/@jest/expect/node_modules/@jest/expect-utils
1236 silly ADD node_modules/@jest/environment
1237 silly ADD node_modules/@jest/environment/node_modules/jest-mock
1238 silly ADD node_modules/@jest/diff-sequences
1239 silly ADD node_modules/@jest/create-cache-key-function
1240 silly ADD node_modules/@jest/core
1241 silly ADD node_modules/@jest/core/node_modules/jest-regex-util
1242 silly ADD node_modules/@jest/core/node_modules/jest-message-util
1243 silly ADD node_modules/@jest/core/node_modules/ci-info
1244 silly ADD node_modules/@jest/console
1245 silly ADD node_modules/@jest/console/node_modules/jest-message-util
1246 silly ADD node_modules/@istanbuljs/schema
1247 silly ADD node_modules/@istanbuljs/load-nyc-config
1248 silly ADD node_modules/@istanbuljs/load-nyc-config/node_modules/p-locate
1249 silly ADD node_modules/@istanbuljs/load-nyc-config/node_modules/p-limit
1250 silly ADD node_modules/@istanbuljs/load-nyc-config/node_modules/locate-path
1251 silly ADD node_modules/@istanbuljs/load-nyc-config/node_modules/js-yaml
1252 silly ADD node_modules/@istanbuljs/load-nyc-config/node_modules/find-up
1253 silly ADD node_modules/@istanbuljs/load-nyc-config/node_modules/camelcase
1254 silly ADD node_modules/@istanbuljs/load-nyc-config/node_modules/argparse
1255 silly ADD node_modules/@bcoe/v8-coverage
1256 silly ADD node_modules/@babel/plugin-syntax-top-level-await
1257 silly ADD node_modules/@babel/plugin-syntax-private-property-in-object
1258 silly ADD node_modules/@babel/plugin-syntax-optional-catch-binding
1259 silly ADD node_modules/@babel/plugin-syntax-object-rest-spread
1260 silly ADD node_modules/@babel/plugin-syntax-numeric-separator
1261 silly ADD node_modules/@babel/plugin-syntax-logical-assignment-operators
1262 silly ADD node_modules/@babel/plugin-syntax-json-strings
1263 silly ADD node_modules/@babel/plugin-syntax-import-meta
1264 silly ADD node_modules/@babel/plugin-syntax-import-attributes
1265 silly ADD node_modules/@babel/plugin-syntax-class-static-block
1266 silly ADD node_modules/@babel/plugin-syntax-class-properties
1267 silly ADD node_modules/@babel/plugin-syntax-bigint
1268 silly ADD node_modules/@babel/plugin-syntax-async-generators
1269 silly CHANGE node_modules/@emnapi/wasi-threads
1270 verbose cwd C:\Users\SAMSUNG\Desktop\TreinAI\TreinAI\front
1271 verbose os Windows_NT 10.0.22631
1272 verbose node v24.11.1
1273 verbose npm  v11.6.2
1274 verbose exit 0
1275 info ok
