0 verbose cli C:\Program Files\nodejs\node.exe C:\Program Files\nodejs\node_modules\npm\bin\npm-cli.js
1 info using npm@11.6.2
2 info using node@v24.11.1
3 silly config load:file:C:\Program Files\nodejs\node_modules\npm\npmrc
4 silly config load:file:C:\Users\SAMSUNG\Desktop\TreinAI\TreinAI\mobile\.npmrc
5 silly config load:file:C:\Users\SAMSUNG\.npmrc
6 silly config load:file:C:\Users\SAMSUNG\AppData\Roaming\npm\etc\npmrc
7 verbose title npm install
8 verbose argv "install" "--cache" ".\\.npm-cache"
9 verbose logfile logs-max:10 dir:C:\Users\SAMSUNG\Desktop\TreinAI\TreinAI\mobile\.npm-cache\_logs\2026-06-10T18_05_09_023Z-
10 verbose logfile C:\Users\SAMSUNG\Desktop\TreinAI\TreinAI\mobile\.npm-cache\_logs\2026-06-10T18_05_09_023Z-debug-0.log
11 silly logfile done cleaning log files
12 silly packumentCache heap:2348810240 maxSize:587202560 maxEntrySize:293601280
13 silly idealTree buildDeps
14 silly fetch manifest expo@~56.0.6
15 silly packumentCache full:https://registry.npmjs.org/expo cache-miss
16 http fetch GET 200 https://registry.npmjs.org/npm 568ms
17 http fetch GET 200 https://registry.npmjs.org/expo 538ms (cache miss)
18 silly packumentCache full:https://registry.npmjs.org/expo set size:undefined disposed:false
19 silly fetch manifest @expo/metro-runtime@*
20 silly packumentCache full:https://registry.npmjs.org/@expo%2fmetro-runtime cache-miss
21 http fetch GET 200 https://registry.npmjs.org/@expo%2fmetro-runtime 314ms (cache miss)
22 silly packumentCache full:https://registry.npmjs.org/@expo%2fmetro-runtime set size:undefined disposed:false
23 silly fetch manifest react@19.2.3
24 silly packumentCache full:https://registry.npmjs.org/react cache-miss
25 http fetch GET 200 https://registry.npmjs.org/react 257ms (cache miss)
26 silly packumentCache full:https://registry.npmjs.org/react set size:undefined disposed:false
27 silly fetch manifest react-dom@19.2.3
28 silly packumentCache full:https://registry.npmjs.org/react-dom cache-miss
29 http fetch GET 200 https://registry.npmjs.org/react-dom 348ms (cache miss)
30 silly packumentCache full:https://registry.npmjs.org/react-dom set size:undefined disposed:false
31 silly fetch manifest react-native@0.85.3
32 silly packumentCache full:https://registry.npmjs.org/react-native cache-miss
33 http fetch GET 200 https://registry.npmjs.org/react-native 373ms (cache miss)
34 silly packumentCache full:https://registry.npmjs.org/react-native set size:undefined disposed:false
35 silly fetch manifest @react-native/jest-preset@0.85.3
36 silly packumentCache full:https://registry.npmjs.org/@react-native%2fjest-preset cache-miss
37 http fetch GET 200 https://registry.npmjs.org/@react-native%2fjest-preset 119ms (cache miss)
38 silly packumentCache full:https://registry.npmjs.org/@react-native%2fjest-preset set size:undefined disposed:false
39 silly fetch manifest @types/react@~19.2.2
40 silly packumentCache full:https://registry.npmjs.org/@types%2freact cache-miss
41 http fetch GET 200 https://registry.npmjs.org/@types%2freact 172ms (cache miss)
42 silly packumentCache full:https://registry.npmjs.org/@types%2freact set size:undefined disposed:false
43 silly fetch manifest react-native-web@~0.21.0
44 silly packumentCache full:https://registry.npmjs.org/react-native-web cache-miss
45 http fetch GET 200 https://registry.npmjs.org/react-native-web 124ms (cache miss)
46 silly packumentCache full:https://registry.npmjs.org/react-native-web set size:undefined disposed:false
47 silly fetch manifest react-native-webview@*
48 silly packumentCache full:https://registry.npmjs.org/react-native-webview cache-miss
49 http fetch GET 200 https://registry.npmjs.org/react-native-webview 120ms (cache miss)
50 silly packumentCache full:https://registry.npmjs.org/react-native-webview set size:undefined disposed:false
51 silly fetch manifest expo-status-bar@~56.0.4
52 silly packumentCache full:https://registry.npmjs.org/expo-status-bar cache-miss
53 http fetch GET 200 https://registry.npmjs.org/expo-status-bar 106ms (cache miss)
54 silly packumentCache full:https://registry.npmjs.org/expo-status-bar set size:undefined disposed:false
55 silly fetch manifest typescript@~6.0.3
56 silly packumentCache full:https://registry.npmjs.org/typescript cache-miss
57 http fetch GET 200 https://registry.npmjs.org/typescript 340ms (cache miss)
58 silly packumentCache full:https://registry.npmjs.org/typescript set size:undefined disposed:false
59 silly placeDep ROOT @types/react@19.2.17 OK for: treinai-mobile@0.1.0 want: ~19.2.2
60 silly placeDep ROOT expo@56.0.9 OK for: treinai-mobile@0.1.0 want: ~56.0.6
61 silly placeDep ROOT react@19.2.3 OK for: expo@56.0.9 want: *
62 silly placeDep ROOT react-native@0.85.3 OK for: expo@56.0.9 want: *
63 silly placeDep ROOT expo-status-bar@56.0.4 OK for: treinai-mobile@0.1.0 want: ~56.0.4
64 silly placeDep ROOT react-dom@19.2.3 OK for: treinai-mobile@0.1.0 want: 19.2.3
65 silly placeDep ROOT react-native-web@0.21.2 OK for: treinai-mobile@0.1.0 want: ~0.21.0
66 silly placeDep ROOT typescript@6.0.3 OK for: treinai-mobile@0.1.0 want: ~6.0.3
67 silly fetch manifest csstype@^3.2.2
68 silly packumentCache full:https://registry.npmjs.org/csstype cache-miss
69 silly fetch manifest @expo/cli@^56.1.14
70 silly packumentCache full:https://registry.npmjs.org/@expo%2fcli cache-miss
71 silly fetch manifest expo-font@~56.0.5
72 silly packumentCache full:https://registry.npmjs.org/expo-font cache-miss
73 silly fetch manifest expo-asset@~56.0.16
74 silly packumentCache full:https://registry.npmjs.org/expo-asset cache-miss
75 silly fetch manifest @expo/metro@~56.0.0
76 silly packumentCache full:https://registry.npmjs.org/@expo%2fmetro cache-miss
77 silly fetch manifest @expo/config@~56.0.9
78 silly packumentCache full:https://registry.npmjs.org/@expo%2fconfig cache-miss
79 silly fetch manifest @expo/log-box@^56.0.12
80 silly packumentCache full:https://registry.npmjs.org/@expo%2flog-box cache-miss
81 silly fetch manifest pretty-format@^29.7.0
82 silly packumentCache full:https://registry.npmjs.org/pretty-format cache-miss
83 silly fetch manifest react-refresh@^0.14.2
84 silly packumentCache full:https://registry.npmjs.org/react-refresh cache-miss
85 silly fetch manifest @babel/runtime@^7.20.0
86 silly packumentCache full:https://registry.npmjs.org/@babel%2fruntime cache-miss
87 silly fetch manifest @expo/devtools@~56.0.2
88 silly packumentCache full:https://registry.npmjs.org/@expo%2fdevtools cache-miss
89 http fetch GET 200 https://registry.npmjs.org/csstype 126ms (cache miss)
90 silly packumentCache full:https://registry.npmjs.org/csstype set size:undefined disposed:false
91 silly fetch manifest expo-constants@~56.0.17
92 silly packumentCache full:https://registry.npmjs.org/expo-constants cache-miss
93 http fetch GET 200 https://registry.npmjs.org/expo-constants 130ms (cache miss)
94 silly packumentCache full:https://registry.npmjs.org/expo-constants set size:undefined disposed:false
95 silly fetch manifest expo-keep-awake@~56.0.3
96 silly packumentCache full:https://registry.npmjs.org/expo-keep-awake cache-miss
97 http fetch GET 200 https://registry.npmjs.org/@expo%2fmetro 333ms (cache miss)
98 silly packumentCache full:https://registry.npmjs.org/@expo%2fmetro set size:undefined disposed:false
99 silly fetch manifest expo-file-system@~56.0.7
100 silly packumentCache full:https://registry.npmjs.org/expo-file-system cache-miss
101 http fetch GET 200 https://registry.npmjs.org/@expo%2fdevtools 348ms (cache miss)
102 silly packumentCache full:https://registry.npmjs.org/@expo%2fdevtools set size:undefined disposed:false
103 silly fetch manifest @expo/dom-webview@~56.0.5
104 silly packumentCache full:https://registry.npmjs.org/@expo%2fdom-webview cache-miss
105 http fetch GET 200 https://registry.npmjs.org/expo-keep-awake 119ms (cache miss)
106 silly packumentCache full:https://registry.npmjs.org/expo-keep-awake set size:undefined disposed:false
107 silly fetch manifest @expo/fingerprint@^0.19.4
108 silly packumentCache full:https://registry.npmjs.org/@expo%2ffingerprint cache-miss
109 http fetch GET 200 https://registry.npmjs.org/expo-asset 403ms (cache miss)
110 silly packumentCache full:https://registry.npmjs.org/expo-asset set size:undefined disposed:false
111 silly fetch manifest babel-preset-expo@~56.0.14
112 silly packumentCache full:https://registry.npmjs.org/babel-preset-expo cache-miss
113 http fetch GET 200 https://registry.npmjs.org/pretty-format 446ms (cache miss)
114 silly packumentCache full:https://registry.npmjs.org/pretty-format set size:undefined disposed:false
115 silly fetch manifest expo-modules-core@~56.0.15
116 silly packumentCache full:https://registry.npmjs.org/expo-modules-core cache-miss
117 http fetch GET 200 https://registry.npmjs.org/expo-font 480ms (cache miss)
118 silly packumentCache full:https://registry.npmjs.org/expo-font set size:undefined disposed:false
119 silly fetch manifest @expo/metro-config@~56.0.13
120 silly packumentCache full:https://registry.npmjs.org/@expo%2fmetro-config cache-miss
121 http fetch GET 200 https://registry.npmjs.org/@expo%2fconfig 512ms (cache miss)
122 silly packumentCache full:https://registry.npmjs.org/@expo%2fconfig set size:undefined disposed:false
123 silly fetch manifest whatwg-url-minimum@^0.1.2
124 silly packumentCache full:https://registry.npmjs.org/whatwg-url-minimum cache-miss
125 http fetch GET 200 https://registry.npmjs.org/@expo%2fcli 579ms (cache miss)
126 silly packumentCache full:https://registry.npmjs.org/@expo%2fcli set size:undefined disposed:false
127 silly fetch manifest @expo/config-plugins@~56.0.8
128 silly packumentCache full:https://registry.npmjs.org/@expo%2fconfig-plugins cache-miss
129 http fetch GET 200 https://registry.npmjs.org/@expo%2flog-box 617ms (cache miss)
130 silly packumentCache full:https://registry.npmjs.org/@expo%2flog-box set size:undefined disposed:false
131 silly fetch manifest @ungap/structured-clone@^1.3.0
132 silly packumentCache full:https://registry.npmjs.org/@ungap%2fstructured-clone cache-miss
133 http fetch GET 200 https://registry.npmjs.org/@expo%2fdom-webview 277ms (cache miss)
134 silly packumentCache full:https://registry.npmjs.org/@expo%2fdom-webview set size:undefined disposed:false
135 silly fetch manifest expo-modules-autolinking@~56.0.15
136 silly packumentCache full:https://registry.npmjs.org/expo-modules-autolinking cache-miss
137 http fetch GET 200 https://registry.npmjs.org/expo-file-system 312ms (cache miss)
138 silly packumentCache full:https://registry.npmjs.org/expo-file-system set size:undefined disposed:false
139 silly fetch manifest @expo/local-build-cache-provider@^56.0.8
140 silly packumentCache full:https://registry.npmjs.org/@expo%2flocal-build-cache-provider cache-miss
141 http fetch GET 200 https://registry.npmjs.org/babel-preset-expo 251ms (cache miss)
142 silly packumentCache full:https://registry.npmjs.org/babel-preset-expo set size:undefined disposed:false
143 silly fetch manifest ws@^7.5.10
144 silly packumentCache full:https://registry.npmjs.org/ws cache-miss
145 http fetch GET 200 https://registry.npmjs.org/expo-modules-core 234ms (cache miss)
146 silly packumentCache full:https://registry.npmjs.org/expo-modules-core set size:undefined disposed:false
147 silly fetch manifest anser@^1.4.9
148 silly packumentCache full:https://registry.npmjs.org/anser cache-miss
149 http fetch GET 200 https://registry.npmjs.org/whatwg-url-minimum 165ms (cache miss)
150 silly packumentCache full:https://registry.npmjs.org/whatwg-url-minimum set size:undefined disposed:false
151 silly fetch manifest yargs@^17.6.2
152 silly packumentCache full:https://registry.npmjs.org/yargs cache-miss
153 http fetch GET 200 https://registry.npmjs.org/@babel%2fruntime 723ms (cache miss)
154 silly packumentCache full:https://registry.npmjs.org/@babel%2fruntime set size:undefined disposed:false
155 silly fetch manifest semver@^7.1.3
156 silly packumentCache full:https://registry.npmjs.org/semver cache-miss
157 http fetch GET 200 https://registry.npmjs.org/@expo%2ffingerprint 382ms (cache miss)
158 silly packumentCache full:https://registry.npmjs.org/@expo%2ffingerprint set size:undefined disposed:false
159 silly fetch manifest promise@^8.3.0
160 silly packumentCache full:https://registry.npmjs.org/promise cache-miss
161 http fetch GET 200 https://registry.npmjs.org/@ungap%2fstructured-clone 165ms (cache miss)
162 silly packumentCache full:https://registry.npmjs.org/@ungap%2fstructured-clone set size:undefined disposed:false
163 silly fetch manifest base64-js@^1.5.1
164 silly packumentCache full:https://registry.npmjs.org/base64-js cache-miss
165 http fetch GET 200 https://registry.npmjs.org/@expo%2fmetro-config 312ms (cache miss)
166 silly packumentCache full:https://registry.npmjs.org/@expo%2fmetro-config set size:undefined disposed:false
167 silly fetch manifest commander@^12.0.0
168 silly packumentCache full:https://registry.npmjs.org/commander cache-miss
169 http fetch GET 200 https://registry.npmjs.org/react-refresh 810ms (cache miss)
170 silly packumentCache full:https://registry.npmjs.org/react-refresh set size:undefined disposed:false
171 silly fetch manifest invariant@^2.2.4
172 silly packumentCache full:https://registry.npmjs.org/invariant cache-miss
173 http fetch GET 200 https://registry.npmjs.org/@expo%2fconfig-plugins 264ms (cache miss)
174 silly packumentCache full:https://registry.npmjs.org/@expo%2fconfig-plugins set size:undefined disposed:false
175 silly fetch manifest scheduler@0.27.0
176 silly packumentCache full:https://registry.npmjs.org/scheduler cache-miss
177 http fetch GET 200 https://registry.npmjs.org/anser 183ms (cache miss)
178 silly packumentCache full:https://registry.npmjs.org/anser set size:undefined disposed:false
179 silly fetch manifest ansi-regex@^5.0.0
180 silly packumentCache full:https://registry.npmjs.org/ansi-regex cache-miss
181 http fetch GET 200 https://registry.npmjs.org/promise 107ms (cache miss)
182 silly packumentCache full:https://registry.npmjs.org/promise set size:undefined disposed:false
183 silly fetch manifest nullthrows@^1.1.1
184 silly packumentCache full:https://registry.npmjs.org/nullthrows cache-miss
185 http fetch GET 200 https://registry.npmjs.org/@expo%2flocal-build-cache-provider 236ms (cache miss)
186 silly packumentCache full:https://registry.npmjs.org/@expo%2flocal-build-cache-provider set size:undefined disposed:false
187 silly fetch manifest tinyglobby@^0.2.15
188 silly packumentCache full:https://registry.npmjs.org/tinyglobby cache-miss
189 http fetch GET 200 https://registry.npmjs.org/semver 160ms (cache miss)
190 silly packumentCache full:https://registry.npmjs.org/semver set size:undefined disposed:false
191 silly fetch manifest memoize-one@^5.0.0
192 silly packumentCache full:https://registry.npmjs.org/memoize-one cache-miss
193 http fetch GET 200 https://registry.npmjs.org/expo-modules-autolinking 274ms (cache miss)
194 silly packumentCache full:https://registry.npmjs.org/expo-modules-autolinking set size:undefined disposed:false
195 silly fetch manifest whatwg-fetch@^3.0.0
196 silly packumentCache full:https://registry.npmjs.org/whatwg-fetch cache-miss
197 http fetch GET 200 https://registry.npmjs.org/ws 236ms (cache miss)
198 silly packumentCache full:https://registry.npmjs.org/ws set size:undefined disposed:false
199 silly fetch manifest metro-runtime@^0.84.3
200 silly packumentCache full:https://registry.npmjs.org/metro-runtime cache-miss
201 http fetch GET 200 https://registry.npmjs.org/base64-js 138ms (cache miss)
202 silly packumentCache full:https://registry.npmjs.org/base64-js set size:undefined disposed:false
203 silly fetch manifest react-refresh@^0.14.0
204 silly packumentCache full:https://registry.npmjs.org/react-refresh cache-miss
205 http fetch GET 200 https://registry.npmjs.org/yargs 216ms (cache miss)
206 silly packumentCache full:https://registry.npmjs.org/yargs set size:undefined disposed:false
207 silly fetch manifest hermes-compiler@250829098.0.10
208 silly packumentCache full:https://registry.npmjs.org/hermes-compiler cache-miss
209 http fetch GET 200 https://registry.npmjs.org/invariant 98ms (cache miss)
210 silly packumentCache full:https://registry.npmjs.org/invariant set size:undefined disposed:false
211 silly fetch manifest abort-controller@^3.0.0
212 silly packumentCache full:https://registry.npmjs.org/abort-controller cache-miss
213 http cache https://registry.npmjs.org/react-refresh 41ms (cache hit)
214 silly packumentCache full:https://registry.npmjs.org/react-refresh set size:6363009 disposed:false
215 silly fetch manifest metro-source-map@^0.84.3
216 silly packumentCache full:https://registry.npmjs.org/metro-source-map cache-miss
217 http fetch GET 200 https://registry.npmjs.org/commander 241ms (cache miss)
218 silly packumentCache full:https://registry.npmjs.org/commander set size:undefined disposed:false
219 silly fetch manifest stacktrace-parser@^0.1.10
220 silly packumentCache full:https://registry.npmjs.org/stacktrace-parser cache-miss
221 http fetch GET 200 https://registry.npmjs.org/ansi-regex 183ms (cache miss)
222 silly packumentCache full:https://registry.npmjs.org/ansi-regex set size:undefined disposed:false
223 silly fetch manifest flow-enums-runtime@^0.0.6
224 silly packumentCache full:https://registry.npmjs.org/flow-enums-runtime cache-miss
225 http fetch GET 200 https://registry.npmjs.org/tinyglobby 178ms (cache miss)
226 silly packumentCache full:https://registry.npmjs.org/tinyglobby set size:undefined disposed:false
227 silly fetch manifest react-devtools-core@^6.1.5
228 silly packumentCache full:https://registry.npmjs.org/react-devtools-core cache-miss
229 http fetch GET 200 https://registry.npmjs.org/nullthrows 191ms (cache miss)
230 silly packumentCache full:https://registry.npmjs.org/nullthrows set size:undefined disposed:false
231 silly fetch manifest regenerator-runtime@^0.13.2
232 silly packumentCache full:https://registry.npmjs.org/regenerator-runtime cache-miss
233 http fetch GET 200 https://registry.npmjs.org/hermes-compiler 149ms (cache miss)
234 silly packumentCache full:https://registry.npmjs.org/hermes-compiler set size:undefined disposed:false
235 silly fetch manifest @react-native/codegen@0.85.3
236 silly packumentCache full:https://registry.npmjs.org/@react-native%2fcodegen cache-miss
237 http fetch GET 200 https://registry.npmjs.org/memoize-one 187ms (cache miss)
238 silly packumentCache full:https://registry.npmjs.org/memoize-one set size:undefined disposed:false
239 silly fetch manifest @react-native/js-polyfills@0.85.3
240 silly packumentCache full:https://registry.npmjs.org/@react-native%2fjs-polyfills cache-miss
241 http fetch GET 200 https://registry.npmjs.org/whatwg-fetch 190ms (cache miss)
242 silly packumentCache full:https://registry.npmjs.org/whatwg-fetch set size:undefined disposed:false
243 silly fetch manifest @react-native/gradle-plugin@0.85.3
244 silly packumentCache full:https://registry.npmjs.org/@react-native%2fgradle-plugin cache-miss
245 http fetch GET 200 https://registry.npmjs.org/metro-runtime 189ms (cache miss)
246 silly packumentCache full:https://registry.npmjs.org/metro-runtime set size:undefined disposed:false
247 silly fetch manifest @react-native/assets-registry@0.85.3
248 silly packumentCache full:https://registry.npmjs.org/@react-native%2fassets-registry cache-miss
249 http fetch GET 200 https://registry.npmjs.org/abort-controller 188ms (cache miss)
250 silly packumentCache full:https://registry.npmjs.org/abort-controller set size:undefined disposed:false
251 silly fetch manifest @react-native/normalize-colors@0.85.3
252 silly packumentCache full:https://registry.npmjs.org/@react-native%2fnormalize-colors cache-miss
253 http fetch GET 200 https://registry.npmjs.org/metro-source-map 144ms (cache miss)
254 silly packumentCache full:https://registry.npmjs.org/metro-source-map set size:undefined disposed:false
255 silly fetch manifest @react-native/virtualized-lists@0.85.3
256 silly packumentCache full:https://registry.npmjs.org/@react-native%2fvirtualized-lists cache-miss
257 http fetch GET 200 https://registry.npmjs.org/flow-enums-runtime 164ms (cache miss)
258 silly packumentCache full:https://registry.npmjs.org/flow-enums-runtime set size:undefined disposed:false
259 silly fetch manifest babel-plugin-syntax-hermes-parser@0.33.3
260 silly packumentCache full:https://registry.npmjs.org/babel-plugin-syntax-hermes-parser cache-miss
261 http fetch GET 200 https://registry.npmjs.org/regenerator-runtime 161ms (cache miss)
262 silly packumentCache full:https://registry.npmjs.org/regenerator-runtime set size:undefined disposed:false
263 silly fetch manifest @react-native/community-cli-plugin@0.85.3
264 silly packumentCache full:https://registry.npmjs.org/@react-native%2fcommunity-cli-plugin cache-miss
265 http fetch GET 200 https://registry.npmjs.org/stacktrace-parser 192ms (cache miss)
266 silly packumentCache full:https://registry.npmjs.org/stacktrace-parser set size:undefined disposed:false
267 silly fetch manifest scheduler@^0.27.0
268 silly packumentCache full:https://registry.npmjs.org/scheduler cache-miss
269 http fetch GET 200 https://registry.npmjs.org/scheduler 382ms (cache miss)
270 silly packumentCache full:https://registry.npmjs.org/scheduler set size:undefined disposed:false
271 silly fetch manifest fbjs@^3.0.4
272 silly packumentCache full:https://registry.npmjs.org/fbjs cache-miss
273 http fetch GET 200 https://registry.npmjs.org/react-devtools-core 227ms (cache miss)
274 silly packumentCache full:https://registry.npmjs.org/react-devtools-core set size:undefined disposed:false
275 silly fetch manifest styleq@^0.1.3
276 silly packumentCache full:https://registry.npmjs.org/styleq cache-miss
277 http fetch GET 200 https://registry.npmjs.org/babel-plugin-syntax-hermes-parser 109ms (cache miss)
278 silly packumentCache full:https://registry.npmjs.org/babel-plugin-syntax-hermes-parser set size:undefined disposed:false
279 silly fetch manifest memoize-one@^6.0.0
280 silly packumentCache full:https://registry.npmjs.org/memoize-one cache-miss
281 http cache https://registry.npmjs.org/memoize-one 17ms (cache hit)
282 silly packumentCache full:https://registry.npmjs.org/memoize-one set size:217155 disposed:false
283 silly fetch manifest @babel/runtime@^7.18.6
284 silly packumentCache full:https://registry.npmjs.org/@babel%2fruntime cache-miss
285 http cache https://registry.npmjs.org/@babel%2fruntime 22ms (cache hit)
286 silly packumentCache full:https://registry.npmjs.org/@babel%2fruntime set size:3455431 disposed:false
287 silly fetch manifest postcss-value-parser@^4.2.0
288 silly packumentCache full:https://registry.npmjs.org/postcss-value-parser cache-miss
289 http fetch GET 200 https://registry.npmjs.org/@react-native%2fassets-registry 313ms (cache miss)
290 silly packumentCache full:https://registry.npmjs.org/@react-native%2fassets-registry set size:undefined disposed:false
291 silly fetch manifest inline-style-prefixer@^7.0.1
292 silly packumentCache full:https://registry.npmjs.org/inline-style-prefixer cache-miss
293 http fetch GET 200 https://registry.npmjs.org/@react-native%2fnormalize-colors 319ms (cache miss)
294 silly packumentCache full:https://registry.npmjs.org/@react-native%2fnormalize-colors set size:undefined disposed:false
295 silly fetch manifest @react-native/normalize-colors@^0.74.1
296 silly packumentCache full:https://registry.npmjs.org/@react-native%2fnormalize-colors cache-miss
297 http fetch GET 200 https://registry.npmjs.org/@react-native%2fcodegen 390ms (cache miss)
298 silly packumentCache full:https://registry.npmjs.org/@react-native%2fcodegen set size:undefined disposed:false
299 http cache https://registry.npmjs.org/@react-native%2fnormalize-colors 48ms (cache hit)
300 silly packumentCache full:https://registry.npmjs.org/@react-native%2fnormalize-colors set size:1895839 disposed:false
301 http fetch GET 200 https://registry.npmjs.org/@react-native%2fjs-polyfills 438ms (cache miss)
302 silly packumentCache full:https://registry.npmjs.org/@react-native%2fjs-polyfills set size:undefined disposed:false
303 http fetch GET 200 https://registry.npmjs.org/styleq 241ms (cache miss)
304 silly packumentCache full:https://registry.npmjs.org/styleq set size:undefined disposed:false
305 http fetch GET 200 https://registry.npmjs.org/postcss-value-parser 141ms (cache miss)
306 silly packumentCache full:https://registry.npmjs.org/postcss-value-parser set size:undefined disposed:false
307 http fetch GET 200 https://registry.npmjs.org/inline-style-prefixer 119ms (cache miss)
308 silly packumentCache full:https://registry.npmjs.org/inline-style-prefixer set size:undefined disposed:false
309 http fetch GET 200 https://registry.npmjs.org/@react-native%2fvirtualized-lists 422ms (cache miss)
310 silly packumentCache full:https://registry.npmjs.org/@react-native%2fvirtualized-lists set size:undefined disposed:false
311 http fetch GET 200 https://registry.npmjs.org/@react-native%2fcommunity-cli-plugin 372ms (cache miss)
312 silly packumentCache full:https://registry.npmjs.org/@react-native%2fcommunity-cli-plugin set size:undefined disposed:false
313 http fetch GET 200 https://registry.npmjs.org/scheduler 500ms (cache miss)
314 silly packumentCache full:https://registry.npmjs.org/scheduler set size:undefined disposed:false
315 http fetch GET 200 https://registry.npmjs.org/fbjs 520ms (cache miss)
316 silly packumentCache full:https://registry.npmjs.org/fbjs set size:undefined disposed:false
317 http fetch GET 200 https://registry.npmjs.org/@react-native%2fgradle-plugin 985ms (cache miss)
318 silly packumentCache full:https://registry.npmjs.org/@react-native%2fgradle-plugin set size:undefined disposed:false
319 silly placeDep ROOT csstype@3.2.3 OK for: @types/react@19.2.17 want: ^3.2.2
320 silly fetch manifest expo@*
321 silly packumentCache full:https://registry.npmjs.org/expo cache-miss
322 http cache https://registry.npmjs.org/expo 47ms (cache hit)
323 silly packumentCache full:https://registry.npmjs.org/expo set size:3830052 disposed:false
324 silly fetch manifest react@*
325 silly packumentCache full:https://registry.npmjs.org/react cache-miss
326 http cache https://registry.npmjs.org/react 37ms (cache hit)
327 silly packumentCache full:https://registry.npmjs.org/react set size:6693019 disposed:false
328 silly fetch manifest react-dom@*
329 silly packumentCache full:https://registry.npmjs.org/react-dom cache-miss
330 http cache https://registry.npmjs.org/react-dom 33ms (cache hit)
331 silly packumentCache full:https://registry.npmjs.org/react-dom set size:8937624 disposed:false
332 silly fetch manifest react-native@*
333 silly packumentCache full:https://registry.npmjs.org/react-native cache-miss
334 http cache https://registry.npmjs.org/react-native 43ms (cache hit)
335 silly packumentCache full:https://registry.npmjs.org/react-native set size:15353811 disposed:false
336 silly fetch manifest @react-native/jest-preset@0.86.0
337 silly packumentCache full:https://registry.npmjs.org/@react-native%2fjest-preset cache-miss
338 http cache https://registry.npmjs.org/@react-native%2fjest-preset 28ms (cache hit)
339 silly packumentCache full:https://registry.npmjs.org/@react-native%2fjest-preset set size:197947 disposed:false
340 silly fetch manifest @types/react@^19.1.1
341 silly packumentCache full:https://registry.npmjs.org/@types%2freact cache-miss
342 http cache https://registry.npmjs.org/@types%2freact 19ms (cache hit)
343 silly packumentCache full:https://registry.npmjs.org/@types%2freact set size:2632776 disposed:false
344 silly fetch manifest react-native-web@*
345 silly packumentCache full:https://registry.npmjs.org/react-native-web cache-miss
346 http cache https://registry.npmjs.org/react-native-web 11ms (cache hit)
347 silly packumentCache full:https://registry.npmjs.org/react-native-web set size:1090416 disposed:false
348 silly fetch manifest expo-router@*
349 silly packumentCache full:https://registry.npmjs.org/expo-router cache-miss
350 http fetch GET 200 https://registry.npmjs.org/expo-router 345ms (cache miss)
351 silly packumentCache full:https://registry.npmjs.org/expo-router set size:undefined disposed:false
352 silly fetch manifest @testing-library/react-native@>= 13.2.0
353 silly packumentCache full:https://registry.npmjs.org/@testing-library%2freact-native cache-miss
354 http fetch GET 200 https://registry.npmjs.org/@testing-library%2freact-native 119ms (cache miss)
355 silly packumentCache full:https://registry.npmjs.org/@testing-library%2freact-native set size:undefined disposed:false
356 silly fetch manifest jest@>=29.0.0
357 silly packumentCache full:https://registry.npmjs.org/jest cache-miss
358 http fetch GET 200 https://registry.npmjs.org/jest 136ms (cache miss)
359 silly packumentCache full:https://registry.npmjs.org/jest set size:undefined disposed:false
360 silly fetch manifest node-notifier@^8.0.1 || ^9.0.0 || ^10.0.0
361 silly packumentCache full:https://registry.npmjs.org/node-notifier cache-miss
362 http fetch GET 200 https://registry.npmjs.org/node-notifier 100ms (cache miss)
363 silly packumentCache full:https://registry.npmjs.org/node-notifier set size:undefined disposed:false
364 silly fetch manifest test-renderer@^1.0.0
365 silly packumentCache full:https://registry.npmjs.org/test-renderer cache-miss
366 http fetch GET 200 https://registry.npmjs.org/test-renderer 84ms (cache miss)
367 silly packumentCache full:https://registry.npmjs.org/test-renderer set size:undefined disposed:false
368 silly fetch manifest expo-linking@^56.0.13
369 silly packumentCache full:https://registry.npmjs.org/expo-linking cache-miss
370 http fetch GET 200 https://registry.npmjs.org/expo-linking 107ms (cache miss)
371 silly packumentCache full:https://registry.npmjs.org/expo-linking set size:undefined disposed:false
372 silly fetch manifest react-native-gesture-handler@*
373 silly packumentCache full:https://registry.npmjs.org/react-native-gesture-handler cache-miss
374 http fetch GET 200 https://registry.npmjs.org/react-native-gesture-handler 120ms (cache miss)
375 silly packumentCache full:https://registry.npmjs.org/react-native-gesture-handler set size:undefined disposed:false
376 silly fetch manifest react-native-reanimated@*
377 silly packumentCache full:https://registry.npmjs.org/react-native-reanimated cache-miss
378 http fetch GET 200 https://registry.npmjs.org/react-native-reanimated 297ms (cache miss)
379 silly packumentCache full:https://registry.npmjs.org/react-native-reanimated set size:undefined disposed:false
380 silly fetch manifest react-native-worklets@0.9.x
381 silly packumentCache full:https://registry.npmjs.org/react-native-worklets cache-miss
382 http fetch GET 200 https://registry.npmjs.org/react-native-worklets 143ms (cache miss)
383 silly packumentCache full:https://registry.npmjs.org/react-native-worklets set size:undefined disposed:false
384 silly fetch manifest @babel/core@*
385 silly packumentCache full:https://registry.npmjs.org/@babel%2fcore cache-miss
386 http fetch GET 200 https://registry.npmjs.org/@babel%2fcore 205ms (cache miss)
387 silly packumentCache full:https://registry.npmjs.org/@babel%2fcore set size:undefined disposed:false
388 silly fetch manifest @react-native/metro-config@*
389 silly packumentCache full:https://registry.npmjs.org/@react-native%2fmetro-config cache-miss
390 http fetch GET 200 https://registry.npmjs.org/@react-native%2fmetro-config 323ms (cache miss)
391 silly packumentCache full:https://registry.npmjs.org/@react-native%2fmetro-config set size:undefined disposed:false
392 silly fetch manifest react-native-safe-area-context@>= 5.4.0
393 silly packumentCache full:https://registry.npmjs.org/react-native-safe-area-context cache-miss
394 http fetch GET 200 https://registry.npmjs.org/react-native-safe-area-context 204ms (cache miss)
395 silly packumentCache full:https://registry.npmjs.org/react-native-safe-area-context set size:undefined disposed:false
396 silly fetch manifest react-server-dom-webpack@~19.0.4 || ~19.1.5 || ~19.2.4
397 silly packumentCache full:https://registry.npmjs.org/react-server-dom-webpack cache-miss
398 http fetch GET 200 https://registry.npmjs.org/react-server-dom-webpack 245ms (cache miss)
399 silly packumentCache full:https://registry.npmjs.org/react-server-dom-webpack set size:undefined disposed:false
400 silly fetch manifest webpack@^5.59.0
401 silly packumentCache full:https://registry.npmjs.org/webpack cache-miss
402 http fetch GET 200 https://registry.npmjs.org/webpack 206ms (cache miss)
403 silly packumentCache full:https://registry.npmjs.org/webpack set size:undefined disposed:false
404 silly fetch manifest expo-widgets@^56.0.16
405 silly packumentCache full:https://registry.npmjs.org/expo-widgets cache-miss
406 http fetch GET 200 https://registry.npmjs.org/expo-widgets 93ms (cache miss)
407 silly packumentCache full:https://registry.npmjs.org/expo-widgets set size:undefined disposed:false
408 silly fetch manifest react-native-worklets@^0.7.4 || ^0.8.0
409 silly packumentCache full:https://registry.npmjs.org/react-native-worklets cache-miss
410 http cache https://registry.npmjs.org/react-native-worklets 15ms (cache hit)
411 silly packumentCache full:https://registry.npmjs.org/react-native-worklets set size:2697798 disposed:false
412 silly fetch manifest react-native@0.81 - 0.85
413 silly packumentCache full:https://registry.npmjs.org/react-native cache-miss
414 http cache https://registry.npmjs.org/react-native 46ms (cache hit)
415 silly packumentCache full:https://registry.npmjs.org/react-native set size:15353811 disposed:false
416 silly fetch manifest react@^19.2.3
417 silly packumentCache full:https://registry.npmjs.org/react cache-miss
418 http cache https://registry.npmjs.org/react 45ms (cache hit)
419 silly packumentCache full:https://registry.npmjs.org/react set size:6693019 disposed:false
420 silly placeDep ROOT @babel/runtime@7.29.7 OK for: expo@56.0.9 want: ^7.20.0
421 silly placeDep node_modules/expo @expo/cli@56.1.14 CONFLICT for: expo@56.0.9 want: ^56.1.14
422 silly placeDep ROOT @expo/config@56.0.9 OK for: expo@56.0.9 want: ~56.0.9
423 silly placeDep ROOT @expo/config-plugins@56.0.8 OK for: expo@56.0.9 want: ~56.0.8
424 silly placeDep ROOT @expo/devtools@56.0.2 OK for: expo@56.0.9 want: ~56.0.2
425 silly placeDep ROOT @expo/dom-webview@56.0.5 OK for: expo@56.0.9 want: ~56.0.5
426 silly placeDep ROOT @expo/fingerprint@0.19.4 OK for: expo@56.0.9 want: ^0.19.4
427 silly placeDep ROOT @expo/local-build-cache-provider@56.0.8 OK for: expo@56.0.9 want: ^56.0.8
428 silly placeDep ROOT @expo/log-box@56.0.12 OK for: expo@56.0.9 want: ^56.0.12
429 silly placeDep ROOT @expo/metro@56.0.0 OK for: expo@56.0.9 want: ~56.0.0
430 silly placeDep ROOT @expo/metro-config@56.0.13 OK for: expo@56.0.9 want: ~56.0.13
431 silly placeDep ROOT @ungap/structured-clone@1.3.1 OK for: expo@56.0.9 want: ^1.3.0
432 silly placeDep ROOT babel-preset-expo@56.0.14 OK for: expo@56.0.9 want: ~56.0.14
433 silly placeDep ROOT react-refresh@0.14.2 OK for: babel-preset-expo@56.0.14 want: >=0.14.0 <1.0.0
434 silly placeDep ROOT expo-asset@56.0.16 OK for: expo@56.0.9 want: ~56.0.16
435 silly placeDep ROOT expo-constants@56.0.17 OK for: expo@56.0.9 want: ~56.0.17
436 silly placeDep ROOT expo-file-system@56.0.7 OK for: expo@56.0.9 want: ~56.0.7
437 silly placeDep ROOT expo-font@56.0.5 OK for: expo@56.0.9 want: ~56.0.5
438 silly placeDep ROOT expo-keep-awake@56.0.3 OK for: expo@56.0.9 want: ~56.0.3
439 silly placeDep ROOT expo-modules-autolinking@56.0.15 OK for: expo@56.0.9 want: ~56.0.15
440 silly placeDep ROOT expo-modules-core@56.0.15 OK for: expo@56.0.9 want: ~56.0.15
441 silly placeDep ROOT pretty-format@29.7.0 OK for: expo@56.0.9 want: ^29.7.0
442 silly placeDep ROOT whatwg-url-minimum@0.1.2 OK for: expo@56.0.9 want: ^0.1.2
443 silly fetch manifest ws@^8.12.1
444 silly packumentCache full:https://registry.npmjs.org/ws cache-miss
445 silly fetch manifest arg@^5.0.2
446 silly packumentCache full:https://registry.npmjs.org/arg cache-miss
447 silly fetch manifest ora@^3.4.0
448 silly packumentCache full:https://registry.npmjs.org/ora cache-miss
449 silly fetch manifest zod@^3.25.76
450 silly packumentCache full:https://registry.npmjs.org/zod cache-miss
451 silly fetch manifest glob@^13.0.0
452 silly packumentCache full:https://registry.npmjs.org/glob cache-miss
453 silly fetch manifest send@^0.19.0
454 silly packumentCache full:https://registry.npmjs.org/send cache-miss
455 silly fetch manifest toqr@^0.1.1
456 silly packumentCache full:https://registry.npmjs.org/toqr cache-miss
457 silly fetch manifest chalk@^4.0.0
458 silly packumentCache full:https://registry.npmjs.org/chalk cache-miss
459 silly fetch manifest debug@^4.3.4
460 silly packumentCache full:https://registry.npmjs.org/debug cache-miss
461 silly fetch manifest getenv@^2.0.0
462 silly packumentCache full:https://registry.npmjs.org/getenv cache-miss
463 silly fetch manifest semver@^7.6.0
464 silly packumentCache full:https://registry.npmjs.org/semver cache-miss
465 http cache https://registry.npmjs.org/semver 28ms (cache hit)
466 silly packumentCache full:https://registry.npmjs.org/semver set size:243512 disposed:false
467 silly fetch manifest accepts@^1.3.8
468 silly packumentCache full:https://registry.npmjs.org/accepts cache-miss
469 http cache https://registry.npmjs.org/ws 44ms (cache hit)
470 silly packumentCache full:https://registry.npmjs.org/ws set size:427091 disposed:false
471 silly fetch manifest ci-info@^3.3.0
472 silly packumentCache full:https://registry.npmjs.org/ci-info cache-miss
473 http fetch GET 200 https://registry.npmjs.org/toqr 120ms (cache miss)
474 silly packumentCache full:https://registry.npmjs.org/toqr set size:undefined disposed:false
475 silly fetch manifest connect@^3.7.0
476 silly packumentCache full:https://registry.npmjs.org/connect cache-miss
477 http fetch GET 200 https://registry.npmjs.org/getenv 128ms (cache miss)
478 silly packumentCache full:https://registry.npmjs.org/getenv set size:undefined disposed:false
479 silly fetch manifest prompts@^2.3.2
480 silly packumentCache full:https://registry.npmjs.org/prompts cache-miss
481 http fetch GET 200 https://registry.npmjs.org/arg 138ms (cache miss)
482 silly packumentCache full:https://registry.npmjs.org/arg set size:undefined disposed:false
483 silly fetch manifest slugify@^1.3.4
484 silly packumentCache full:https://registry.npmjs.org/slugify cache-miss
485 http fetch GET 200 https://registry.npmjs.org/ora 150ms (cache miss)
486 silly packumentCache full:https://registry.npmjs.org/ora set size:undefined disposed:false
487 silly fetch manifest progress@^2.0.3
488 silly packumentCache full:https://registry.npmjs.org/progress cache-miss
489 http fetch GET 200 https://registry.npmjs.org/debug 151ms (cache miss)
490 silly packumentCache full:https://registry.npmjs.org/debug set size:undefined disposed:false
491 silly fetch manifest @expo/env@~2.3.0
492 silly packumentCache full:https://registry.npmjs.org/@expo%2fenv cache-miss
493 http fetch GET 200 https://registry.npmjs.org/send 160ms (cache miss)
494 silly packumentCache full:https://registry.npmjs.org/send set size:undefined disposed:false
495 silly fetch manifest multitars@^1.0.0
496 silly packumentCache full:https://registry.npmjs.org/multitars cache-miss
497 http fetch GET 200 https://registry.npmjs.org/chalk 172ms (cache miss)
498 silly packumentCache full:https://registry.npmjs.org/chalk set size:undefined disposed:false
499 silly fetch manifest picomatch@^4.0.4
500 silly packumentCache full:https://registry.npmjs.org/picomatch cache-miss
501 http fetch GET 200 https://registry.npmjs.org/ci-info 137ms (cache miss)
502 silly packumentCache full:https://registry.npmjs.org/ci-info set size:undefined disposed:false
503 silly fetch manifest wrap-ansi@^7.0.0
504 silly packumentCache full:https://registry.npmjs.org/wrap-ansi cache-miss
505 http fetch GET 200 https://registry.npmjs.org/accepts 151ms (cache miss)
506 silly packumentCache full:https://registry.npmjs.org/accepts set size:undefined disposed:false
507 silly fetch manifest node-forge@^1.3.3
508 silly packumentCache full:https://registry.npmjs.org/node-forge cache-miss
509 http fetch GET 200 https://registry.npmjs.org/glob 197ms (cache miss)
510 silly packumentCache full:https://registry.npmjs.org/glob set size:undefined disposed:false
511 silly fetch manifest @expo/plist@^0.7.0
512 silly packumentCache full:https://registry.npmjs.org/@expo%2fplist cache-miss
513 http fetch GET 200 https://registry.npmjs.org/prompts 117ms (cache miss)
514 silly packumentCache full:https://registry.npmjs.org/prompts set size:undefined disposed:false
515 silly fetch manifest compression@^1.7.4
516 silly packumentCache full:https://registry.npmjs.org/compression cache-miss
517 http fetch GET 200 https://registry.npmjs.org/connect 134ms (cache miss)
518 silly packumentCache full:https://registry.npmjs.org/connect set size:undefined disposed:false
519 silly fetch manifest expo-server@^56.0.5
520 silly packumentCache full:https://registry.npmjs.org/expo-server cache-miss
521 http fetch GET 200 https://registry.npmjs.org/slugify 140ms (cache miss)
522 silly packumentCache full:https://registry.npmjs.org/slugify set size:undefined disposed:false
523 silly fetch manifest lan-network@^0.2.1
524 silly packumentCache full:https://registry.npmjs.org/lan-network cache-miss
525 http fetch GET 200 https://registry.npmjs.org/progress 145ms (cache miss)
526 silly packumentCache full:https://registry.npmjs.org/progress set size:undefined disposed:false
527 silly fetch manifest resolve-from@^5.0.0
528 silly packumentCache full:https://registry.npmjs.org/resolve-from cache-miss
529 http fetch GET 200 https://registry.npmjs.org/multitars 146ms (cache miss)
530 silly packumentCache full:https://registry.npmjs.org/multitars set size:undefined disposed:false
531 silly fetch manifest @expo/devcert@^1.2.1
532 silly packumentCache full:https://registry.npmjs.org/@expo%2fdevcert cache-miss
533 http fetch GET 200 https://registry.npmjs.org/picomatch 138ms (cache miss)
534 silly packumentCache full:https://registry.npmjs.org/picomatch set size:undefined disposed:false
535 silly fetch manifest bplist-parser@^0.3.1
536 silly packumentCache full:https://registry.npmjs.org/bplist-parser cache-miss
537 http fetch GET 200 https://registry.npmjs.org/wrap-ansi 141ms (cache miss)
538 silly packumentCache full:https://registry.npmjs.org/wrap-ansi set size:undefined disposed:false
539 silly fetch manifest terminal-link@^2.1.1
540 silly packumentCache full:https://registry.npmjs.org/terminal-link cache-miss
541 http fetch GET 200 https://registry.npmjs.org/node-forge 140ms (cache miss)
542 silly packumentCache full:https://registry.npmjs.org/node-forge set size:undefined disposed:false
543 silly fetch manifest @expo/xcpretty@^4.4.4
544 silly packumentCache full:https://registry.npmjs.org/@expo%2fxcpretty cache-miss
545 http fetch GET 200 https://registry.npmjs.org/@expo%2fenv 197ms (cache miss)
546 silly packumentCache full:https://registry.npmjs.org/@expo%2fenv set size:undefined disposed:false
547 silly fetch manifest bplist-creator@0.1.0
548 silly packumentCache full:https://registry.npmjs.org/bplist-creator cache-miss
549 http fetch GET 200 https://registry.npmjs.org/zod 377ms (cache miss)
550 silly packumentCache full:https://registry.npmjs.org/zod set size:undefined disposed:false
551 silly fetch manifest fetch-nodeshim@^0.4.10
552 silly packumentCache full:https://registry.npmjs.org/fetch-nodeshim cache-miss
553 http fetch GET 200 https://registry.npmjs.org/compression 162ms (cache miss)
554 silly packumentCache full:https://registry.npmjs.org/compression set size:undefined disposed:false
555 silly fetch manifest @expo/json-file@^10.2.0
556 silly packumentCache full:https://registry.npmjs.org/@expo%2fjson-file cache-miss
557 http fetch GET 200 https://registry.npmjs.org/lan-network 138ms (cache miss)
558 silly packumentCache full:https://registry.npmjs.org/lan-network set size:undefined disposed:false
559 silly fetch manifest @expo/osascript@^2.6.0
560 silly packumentCache full:https://registry.npmjs.org/@expo%2fosascript cache-miss
561 http fetch GET 200 https://registry.npmjs.org/resolve-from 130ms (cache miss)
562 silly packumentCache full:https://registry.npmjs.org/resolve-from set size:undefined disposed:false
563 silly fetch manifest @expo/ws-tunnel@^1.0.1
564 silly packumentCache full:https://registry.npmjs.org/@expo%2fws-tunnel cache-miss
565 http fetch GET 200 https://registry.npmjs.org/bplist-parser 116ms (cache miss)
566 silly packumentCache full:https://registry.npmjs.org/bplist-parser set size:undefined disposed:false
567 silly fetch manifest dnssd-advertise@^1.1.4
568 silly packumentCache full:https://registry.npmjs.org/dnssd-advertise cache-miss
569 http fetch GET 200 https://registry.npmjs.org/terminal-link 120ms (cache miss)
570 silly packumentCache full:https://registry.npmjs.org/terminal-link set size:undefined disposed:false
571 silly fetch manifest npm-package-arg@^11.0.0
572 silly packumentCache full:https://registry.npmjs.org/npm-package-arg cache-miss
573 http fetch GET 200 https://registry.npmjs.org/@expo%2fxcpretty 119ms (cache miss)
574 silly packumentCache full:https://registry.npmjs.org/@expo%2fxcpretty set size:undefined disposed:false
575 silly fetch manifest @expo/image-utils@^0.10.1
576 silly packumentCache full:https://registry.npmjs.org/@expo%2fimage-utils cache-miss
577 http fetch GET 200 https://registry.npmjs.org/bplist-creator 104ms (cache miss)
578 silly packumentCache full:https://registry.npmjs.org/bplist-creator set size:undefined disposed:false
579 silly fetch manifest @expo/spawn-async@^1.8.0
580 silly packumentCache full:https://registry.npmjs.org/@expo%2fspawn-async cache-miss
581 http fetch GET 200 https://registry.npmjs.org/fetch-nodeshim 95ms (cache miss)
582 silly packumentCache full:https://registry.npmjs.org/fetch-nodeshim set size:undefined disposed:false
583 silly fetch manifest @expo/schema-utils@^56.0.0
584 silly packumentCache full:https://registry.npmjs.org/@expo%2fschema-utils cache-miss
585 http fetch GET 200 https://registry.npmjs.org/@expo%2fws-tunnel 114ms (cache miss)
586 silly packumentCache full:https://registry.npmjs.org/@expo%2fws-tunnel set size:undefined disposed:false
587 silly fetch manifest structured-headers@^0.4.1
588 silly packumentCache full:https://registry.npmjs.org/structured-headers cache-miss
589 http fetch GET 200 https://registry.npmjs.org/dnssd-advertise 116ms (cache miss)
590 silly packumentCache full:https://registry.npmjs.org/dnssd-advertise set size:undefined disposed:false
591 silly fetch manifest @expo/require-utils@^56.1.3
592 silly packumentCache full:https://registry.npmjs.org/@expo%2frequire-utils cache-miss
593 http fetch GET 200 https://registry.npmjs.org/@expo%2fplist 356ms (cache miss)
594 silly packumentCache full:https://registry.npmjs.org/@expo%2fplist set size:undefined disposed:false
595 silly fetch manifest @expo/router-server@^56.0.13
596 silly packumentCache full:https://registry.npmjs.org/@expo%2frouter-server cache-miss
597 http fetch GET 200 https://registry.npmjs.org/npm-package-arg 117ms (cache miss)
598 silly packumentCache full:https://registry.npmjs.org/npm-package-arg set size:undefined disposed:false
599 silly fetch manifest @expo/inline-modules@^0.0.11
600 silly packumentCache full:https://registry.npmjs.org/@expo%2finline-modules cache-miss
601 http fetch GET 200 https://registry.npmjs.org/@expo%2fosascript 163ms (cache miss)
602 silly packumentCache full:https://registry.npmjs.org/@expo%2fosascript set size:undefined disposed:false
603 silly fetch manifest @expo/metro-file-map@^56.0.3
604 silly packumentCache full:https://registry.npmjs.org/@expo%2fmetro-file-map cache-miss
605 http fetch GET 200 https://registry.npmjs.org/@expo%2fjson-file 186ms (cache miss)
606 silly packumentCache full:https://registry.npmjs.org/@expo%2fjson-file set size:undefined disposed:false
607 silly fetch manifest @expo/package-manager@^1.12.1
608 silly packumentCache full:https://registry.npmjs.org/@expo%2fpackage-manager cache-miss
609 http fetch GET 200 https://registry.npmjs.org/expo-server 354ms (cache miss)
610 silly packumentCache full:https://registry.npmjs.org/expo-server set size:undefined disposed:false
611 silly fetch manifest @expo/prebuild-config@^56.0.15
612 silly packumentCache full:https://registry.npmjs.org/@expo%2fprebuild-config cache-miss
613 http fetch GET 200 https://registry.npmjs.org/@expo%2fspawn-async 171ms (cache miss)
614 silly packumentCache full:https://registry.npmjs.org/@expo%2fspawn-async set size:undefined disposed:false
615 silly fetch manifest @react-native/dev-middleware@0.85.3
616 silly packumentCache full:https://registry.npmjs.org/@react-native%2fdev-middleware cache-miss
617 http fetch GET 200 https://registry.npmjs.org/@expo%2fdevcert 330ms (cache miss)
618 silly packumentCache full:https://registry.npmjs.org/@expo%2fdevcert set size:undefined disposed:false
619 silly fetch manifest @expo/code-signing-certificates@^0.0.6
620 silly packumentCache full:https://registry.npmjs.org/@expo%2fcode-signing-certificates cache-miss
621 http fetch GET 200 https://registry.npmjs.org/@expo%2fimage-utils 199ms (cache miss)
622 silly packumentCache full:https://registry.npmjs.org/@expo%2fimage-utils set size:undefined disposed:false
623 silly fetch manifest deepmerge@^4.3.1
624 silly packumentCache full:https://registry.npmjs.org/deepmerge cache-miss
625 http fetch GET 200 https://registry.npmjs.org/structured-headers 124ms (cache miss)
626 silly packumentCache full:https://registry.npmjs.org/structured-headers set size:undefined disposed:false
627 silly fetch manifest @expo/config-types@^56.0.5
628 silly packumentCache full:https://registry.npmjs.org/@expo%2fconfig-types cache-miss
629 http fetch GET 200 https://registry.npmjs.org/@expo%2fschema-utils 169ms (cache miss)
630 silly packumentCache full:https://registry.npmjs.org/@expo%2fschema-utils set size:undefined disposed:false
631 silly fetch manifest @expo/require-utils@^56.1.3
632 silly packumentCache full:https://registry.npmjs.org/@expo%2frequire-utils cache-miss
633 http fetch GET 200 https://registry.npmjs.org/@expo%2frequire-utils 126ms (cache miss)
634 silly packumentCache full:https://registry.npmjs.org/@expo%2frequire-utils set size:undefined disposed:false
635 silly fetch manifest resolve-workspace-root@^2.0.0
636 silly packumentCache full:https://registry.npmjs.org/resolve-workspace-root cache-miss
637 http cache https://registry.npmjs.org/@expo%2frequire-utils 16ms (cache hit)
638 silly packumentCache full:https://registry.npmjs.org/@expo%2frequire-utils set size:119120 disposed:false
639 silly fetch manifest chalk@^4.1.2
640 silly packumentCache full:https://registry.npmjs.org/chalk cache-miss
641 http fetch GET 200 https://registry.npmjs.org/@expo%2finline-modules 128ms (cache miss)
642 silly packumentCache full:https://registry.npmjs.org/@expo%2finline-modules set size:undefined disposed:false
643 silly fetch manifest debug@^4.3.5
644 silly packumentCache full:https://registry.npmjs.org/debug cache-miss
645 http fetch GET 200 https://registry.npmjs.org/@expo%2fmetro-file-map 118ms (cache miss)
646 silly packumentCache full:https://registry.npmjs.org/@expo%2fmetro-file-map set size:undefined disposed:false
647 silly fetch manifest xcode@^3.0.1
648 silly packumentCache full:https://registry.npmjs.org/xcode cache-miss
649 http cache https://registry.npmjs.org/chalk 18ms (cache hit)
650 silly packumentCache full:https://registry.npmjs.org/chalk set size:117861 disposed:false
651 silly fetch manifest semver@^7.5.4
652 silly packumentCache full:https://registry.npmjs.org/semver cache-hit
653 silly fetch manifest xml2js@0.6.0
654 silly packumentCache full:https://registry.npmjs.org/xml2js cache-miss
655 http cache https://registry.npmjs.org/debug 25ms (cache hit)
656 silly packumentCache full:https://registry.npmjs.org/debug set size:195840 disposed:false
657 silly fetch manifest slugify@^1.6.6
658 silly packumentCache full:https://registry.npmjs.org/slugify cache-miss
659 http cache https://registry.npmjs.org/slugify 12ms (cache hit)
660 silly packumentCache full:https://registry.npmjs.org/slugify set size:103522 disposed:false
661 silly fetch manifest @expo/json-file@~10.2.0
662 silly packumentCache full:https://registry.npmjs.org/@expo%2fjson-file cache-miss
663 http cache https://registry.npmjs.org/@expo%2fjson-file 17ms (cache hit)
664 silly packumentCache full:https://registry.npmjs.org/@expo%2fjson-file set size:760821 disposed:false
665 silly fetch manifest @expo/config-types@^56.0.5
666 silly packumentCache full:https://registry.npmjs.org/@expo%2fconfig-types cache-miss
667 http fetch GET 200 https://registry.npmjs.org/@expo%2fpackage-manager 170ms (cache miss)
668 silly packumentCache full:https://registry.npmjs.org/@expo%2fpackage-manager set size:undefined disposed:false
669 silly fetch manifest @expo/sdk-runtime-versions@^1.0.0
670 silly packumentCache full:https://registry.npmjs.org/@expo%2fsdk-runtime-versions cache-miss
671 http fetch GET 200 https://registry.npmjs.org/resolve-workspace-root 129ms (cache miss)
672 silly packumentCache full:https://registry.npmjs.org/resolve-workspace-root set size:undefined disposed:false
673 silly fetch manifest ignore@^5.3.1
674 silly packumentCache full:https://registry.npmjs.org/ignore cache-miss
675 http fetch GET 200 https://registry.npmjs.org/@expo%2fcode-signing-certificates 178ms (cache miss)
676 silly packumentCache full:https://registry.npmjs.org/@expo%2fcode-signing-certificates set size:undefined disposed:false
677 silly fetch manifest @expo/env@^2.3.0
678 silly packumentCache full:https://registry.npmjs.org/@expo%2fenv cache-miss
679 http fetch GET 200 https://registry.npmjs.org/xml2js 127ms (cache miss)
680 silly packumentCache full:https://registry.npmjs.org/xml2js set size:undefined disposed:false
681 silly fetch manifest minimatch@^10.2.2
682 silly packumentCache full:https://registry.npmjs.org/minimatch cache-miss
683 http cache https://registry.npmjs.org/@expo%2fenv 35ms (cache hit)
684 silly packumentCache full:https://registry.npmjs.org/@expo%2fenv set size:566336 disposed:false
685 silly fetch manifest metro@0.84.4
686 silly packumentCache full:https://registry.npmjs.org/metro cache-miss
687 http fetch GET 200 https://registry.npmjs.org/deepmerge 211ms (cache miss)
688 silly packumentCache full:https://registry.npmjs.org/deepmerge set size:undefined disposed:false
689 silly fetch manifest metro-core@0.84.4
690 silly packumentCache full:https://registry.npmjs.org/metro-core cache-miss
691 http fetch GET 200 https://registry.npmjs.org/@expo%2fconfig-types 237ms (cache miss)
692 silly packumentCache full:https://registry.npmjs.org/@expo%2fconfig-types set size:undefined disposed:false
693 silly fetch manifest metro-cache@0.84.4
694 silly packumentCache full:https://registry.npmjs.org/metro-cache cache-miss
695 http fetch GET 200 https://registry.npmjs.org/@expo%2fsdk-runtime-versions 136ms (cache miss)
696 silly packumentCache full:https://registry.npmjs.org/@expo%2fsdk-runtime-versions set size:undefined disposed:false
697 silly fetch manifest metro-config@0.84.4
698 silly packumentCache full:https://registry.npmjs.org/metro-config cache-miss
699 http fetch GET 200 https://registry.npmjs.org/@expo%2frouter-server 369ms (cache miss)
700 silly packumentCache full:https://registry.npmjs.org/@expo%2frouter-server set size:undefined disposed:false
701 silly fetch manifest metro-runtime@0.84.4
702 silly packumentCache full:https://registry.npmjs.org/metro-runtime cache-miss
703 http fetch GET 200 https://registry.npmjs.org/ignore 144ms (cache miss)
704 silly packumentCache full:https://registry.npmjs.org/ignore set size:undefined disposed:false
705 silly fetch manifest metro-file-map@0.84.4
706 silly packumentCache full:https://registry.npmjs.org/metro-file-map cache-miss
707 http cache https://registry.npmjs.org/metro-runtime 32ms (cache hit)
708 silly packumentCache full:https://registry.npmjs.org/metro-runtime set size:217103 disposed:false
709 silly fetch manifest metro-resolver@0.84.4
710 silly packumentCache full:https://registry.npmjs.org/metro-resolver cache-miss
711 http fetch GET 200 https://registry.npmjs.org/@expo%2fconfig-types 200ms (cache miss)
712 silly packumentCache full:https://registry.npmjs.org/@expo%2fconfig-types set size:undefined disposed:false
713 silly fetch manifest metro-cache-key@0.84.4
714 silly packumentCache full:https://registry.npmjs.org/metro-cache-key cache-miss
715 http fetch GET 200 https://registry.npmjs.org/@react-native%2fdev-middleware 375ms (cache miss)
716 silly packumentCache full:https://registry.npmjs.org/@react-native%2fdev-middleware set size:undefined disposed:false
717 silly fetch manifest metro-source-map@0.84.4
718 silly packumentCache full:https://registry.npmjs.org/metro-source-map cache-miss
719 http fetch GET 200 https://registry.npmjs.org/metro-core 160ms (cache miss)
720 silly packumentCache full:https://registry.npmjs.org/metro-core set size:undefined disposed:false
721 silly fetch manifest metro-symbolicate@0.84.4
722 silly packumentCache full:https://registry.npmjs.org/metro-symbolicate cache-miss
723 http fetch GET 200 https://registry.npmjs.org/@expo%2fprebuild-config 438ms (cache miss)
724 silly packumentCache full:https://registry.npmjs.org/@expo%2fprebuild-config set size:undefined disposed:false
725 silly fetch manifest metro-minify-terser@0.84.4
726 silly packumentCache full:https://registry.npmjs.org/metro-minify-terser cache-miss
727 http cache https://registry.npmjs.org/metro-source-map 72ms (cache hit)
728 silly packumentCache full:https://registry.npmjs.org/metro-source-map set size:424782 disposed:false
729 silly fetch manifest metro-transform-worker@0.84.4
730 silly packumentCache full:https://registry.npmjs.org/metro-transform-worker cache-miss
731 http fetch GET 200 https://registry.npmjs.org/metro-file-map 163ms (cache miss)
732 silly packumentCache full:https://registry.npmjs.org/metro-file-map set size:undefined disposed:false
733 silly fetch manifest metro-babel-transformer@0.84.4
734 silly packumentCache full:https://registry.npmjs.org/metro-babel-transformer cache-miss
735 http fetch GET 200 https://registry.npmjs.org/metro-cache-key 151ms (cache miss)
736 silly packumentCache full:https://registry.npmjs.org/metro-cache-key set size:undefined disposed:false
737 silly fetch manifest metro-transform-plugins@0.84.4
738 silly packumentCache full:https://registry.npmjs.org/metro-transform-plugins cache-miss
739 http fetch GET 200 https://registry.npmjs.org/metro-cache 226ms (cache miss)
740 silly packumentCache full:https://registry.npmjs.org/metro-cache set size:undefined disposed:false
741 silly fetch manifest chalk@^4.1.0
742 silly packumentCache full:https://registry.npmjs.org/chalk cache-hit
743 silly fetch manifest debug@^4.3.2
744 silly packumentCache full:https://registry.npmjs.org/debug cache-hit
745 silly fetch manifest postcss@^8.5.14
746 silly packumentCache full:https://registry.npmjs.org/postcss cache-miss
747 http fetch GET 200 https://registry.npmjs.org/metro-config 221ms (cache miss)
748 silly packumentCache full:https://registry.npmjs.org/metro-config set size:undefined disposed:false
749 silly fetch manifest msgpackr@^2.0.1
750 silly packumentCache full:https://registry.npmjs.org/msgpackr cache-miss
751 http fetch GET 200 https://registry.npmjs.org/metro-resolver 185ms (cache miss)
752 silly packumentCache full:https://registry.npmjs.org/metro-resolver set size:undefined disposed:false
753 silly fetch manifest @babel/core@^7.20.0
754 silly packumentCache full:https://registry.npmjs.org/@babel%2fcore cache-miss
755 http cache https://registry.npmjs.org/@babel%2fcore 16ms (cache hit)
756 silly packumentCache full:https://registry.npmjs.org/@babel%2fcore set size:779631 disposed:false
757 silly fetch manifest browserslist@^4.25.0
758 silly packumentCache full:https://registry.npmjs.org/browserslist cache-miss
759 http fetch GET 200 https://registry.npmjs.org/metro-symbolicate 149ms (cache miss)
760 silly packumentCache full:https://registry.npmjs.org/metro-symbolicate set size:undefined disposed:false
761 silly fetch manifest jsc-safe-url@^0.2.4
762 silly packumentCache full:https://registry.npmjs.org/jsc-safe-url cache-miss
763 http fetch GET 200 https://registry.npmjs.org/metro-minify-terser 140ms (cache miss)
764 silly packumentCache full:https://registry.npmjs.org/metro-minify-terser set size:undefined disposed:false
765 silly fetch manifest lightningcss@^1.30.1
766 silly packumentCache full:https://registry.npmjs.org/lightningcss cache-miss
767 http fetch GET 200 https://registry.npmjs.org/metro-transform-worker 121ms (cache miss)
768 silly packumentCache full:https://registry.npmjs.org/metro-transform-worker set size:undefined disposed:false
769 silly fetch manifest hermes-parser@^0.33.3
770 silly packumentCache full:https://registry.npmjs.org/hermes-parser cache-miss
771 http fetch GET 200 https://registry.npmjs.org/metro-transform-plugins 136ms (cache miss)
772 silly packumentCache full:https://registry.npmjs.org/metro-transform-plugins set size:undefined disposed:false
773 silly fetch manifest @babel/generator@^7.20.5
774 silly packumentCache full:https://registry.npmjs.org/@babel%2fgenerator cache-miss
775 http fetch GET 200 https://registry.npmjs.org/metro-babel-transformer 151ms (cache miss)
776 silly packumentCache full:https://registry.npmjs.org/metro-babel-transformer set size:undefined disposed:false
777 silly fetch manifest @babel/code-frame@^7.20.0
778 silly packumentCache full:https://registry.npmjs.org/@babel%2fcode-frame cache-miss
779 http fetch GET 200 https://registry.npmjs.org/xcode 603ms (cache miss)
780 silly packumentCache full:https://registry.npmjs.org/xcode set size:undefined disposed:false
781 silly fetch manifest @jridgewell/remapping@^2.3.5
782 silly packumentCache full:https://registry.npmjs.org/@jridgewell%2fremapping cache-miss
783 http fetch GET 200 https://registry.npmjs.org/jsc-safe-url 165ms (cache miss)
784 silly packumentCache full:https://registry.npmjs.org/jsc-safe-url set size:undefined disposed:false
785 silly fetch manifest @jridgewell/gen-mapping@^0.3.13
786 silly packumentCache full:https://registry.npmjs.org/@jridgewell%2fgen-mapping cache-miss
787 http fetch GET 200 https://registry.npmjs.org/msgpackr 231ms (cache miss)
788 silly packumentCache full:https://registry.npmjs.org/msgpackr set size:undefined disposed:false
789 silly fetch manifest @jridgewell/sourcemap-codec@^1.5.5
790 silly packumentCache full:https://registry.npmjs.org/@jridgewell%2fsourcemap-codec cache-miss
791 http fetch GET 200 https://registry.npmjs.org/postcss 246ms (cache miss)
792 silly packumentCache full:https://registry.npmjs.org/postcss set size:undefined disposed:false
793 silly fetch manifest @babel/generator@^7.20.5
794 silly packumentCache full:https://registry.npmjs.org/@babel%2fgenerator cache-miss
795 http fetch GET 200 https://registry.npmjs.org/lightningcss 188ms (cache miss)
796 silly packumentCache full:https://registry.npmjs.org/lightningcss set size:undefined disposed:false
797 silly fetch manifest @babel/preset-typescript@^7.23.0
798 silly packumentCache full:https://registry.npmjs.org/@babel%2fpreset-typescript cache-miss
799 http fetch GET 200 https://registry.npmjs.org/minimatch 561ms (cache miss)
800 silly packumentCache full:https://registry.npmjs.org/minimatch set size:undefined disposed:false
801 silly fetch manifest babel-plugin-react-compiler@^1.0.0
802 silly packumentCache full:https://registry.npmjs.org/babel-plugin-react-compiler cache-miss
803 http fetch GET 200 https://registry.npmjs.org/hermes-parser 182ms (cache miss)
804 silly packumentCache full:https://registry.npmjs.org/hermes-parser set size:undefined disposed:false
805 silly fetch manifest @babel/helper-module-imports@^7.25.9
806 silly packumentCache full:https://registry.npmjs.org/@babel%2fhelper-module-imports cache-miss
807 http fetch GET 200 https://registry.npmjs.org/metro 563ms (cache miss)
808 silly packumentCache full:https://registry.npmjs.org/metro set size:undefined disposed:false
809 silly fetch manifest babel-plugin-react-native-web@~0.21.0
810 silly packumentCache full:https://registry.npmjs.org/babel-plugin-react-native-web cache-miss
811 http fetch GET 200 https://registry.npmjs.org/browserslist 255ms (cache miss)
812 silly packumentCache full:https://registry.npmjs.org/browserslist set size:undefined disposed:false
813 silly fetch manifest @babel/plugin-transform-for-of@^7.24.7
814 silly packumentCache full:https://registry.npmjs.org/@babel%2fplugin-transform-for-of cache-miss
815 http fetch GET 200 https://registry.npmjs.org/@babel%2fcode-frame 180ms (cache miss)
816 silly packumentCache full:https://registry.npmjs.org/@babel%2fcode-frame set size:undefined disposed:false
817 silly fetch manifest @babel/plugin-transform-classes@^7.25.4
818 silly packumentCache full:https://registry.npmjs.org/@babel%2fplugin-transform-classes cache-miss
819 http fetch GET 200 https://registry.npmjs.org/@babel%2fgenerator 197ms (cache miss)
820 silly packumentCache full:https://registry.npmjs.org/@babel%2fgenerator set size:undefined disposed:false
821 silly fetch manifest @babel/plugin-transform-runtime@^7.24.7
822 silly packumentCache full:https://registry.npmjs.org/@babel%2fplugin-transform-runtime cache-miss
823 http fetch GET 200 https://registry.npmjs.org/@jridgewell%2fremapping 131ms (cache miss)
824 silly packumentCache full:https://registry.npmjs.org/@jridgewell%2fremapping set size:undefined disposed:false
825 silly fetch manifest @babel/plugin-proposal-decorators@^7.12.9
826 silly packumentCache full:https://registry.npmjs.org/@babel%2fplugin-proposal-decorators cache-miss
827 http fetch GET 200 https://registry.npmjs.org/@jridgewell%2fgen-mapping 119ms (cache miss)
828 silly packumentCache full:https://registry.npmjs.org/@jridgewell%2fgen-mapping set size:undefined disposed:false
829 silly fetch manifest @babel/plugin-transform-react-jsx@^7.28.6
830 silly packumentCache full:https://registry.npmjs.org/@babel%2fplugin-transform-react-jsx cache-miss
831 http fetch GET 200 https://registry.npmjs.org/@jridgewell%2fsourcemap-codec 108ms (cache miss)
832 silly packumentCache full:https://registry.npmjs.org/@jridgewell%2fsourcemap-codec set size:undefined disposed:false
833 silly fetch manifest babel-plugin-syntax-hermes-parser@^0.33.3
834 silly packumentCache full:https://registry.npmjs.org/babel-plugin-syntax-hermes-parser cache-miss
835 http cache https://registry.npmjs.org/babel-plugin-syntax-hermes-parser 11ms (cache hit)
836 silly packumentCache full:https://registry.npmjs.org/babel-plugin-syntax-hermes-parser set size:105499 disposed:false
837 silly fetch manifest babel-plugin-transform-flow-enums@^0.0.2
838 silly packumentCache full:https://registry.npmjs.org/babel-plugin-transform-flow-enums cache-miss
839 http fetch GET 200 https://registry.npmjs.org/@babel%2fpreset-typescript 131ms (cache miss)
840 silly packumentCache full:https://registry.npmjs.org/@babel%2fpreset-typescript set size:undefined disposed:false
841 silly fetch manifest @babel/plugin-transform-parameters@^7.24.7
842 silly packumentCache full:https://registry.npmjs.org/@babel%2fplugin-transform-parameters cache-miss
843 http fetch GET 200 https://registry.npmjs.org/@babel%2fgenerator 149ms (cache miss)
844 silly packumentCache full:https://registry.npmjs.org/@babel%2fgenerator set size:undefined disposed:false
845 silly fetch manifest @babel/plugin-transform-typescript@^7.25.2
846 silly packumentCache full:https://registry.npmjs.org/@babel%2fplugin-transform-typescript cache-miss
847 http fetch GET 200 https://registry.npmjs.org/@babel%2fhelper-module-imports 142ms (cache miss)
848 silly packumentCache full:https://registry.npmjs.org/@babel%2fhelper-module-imports set size:undefined disposed:false
849 silly fetch manifest @react-native/babel-plugin-codegen@0.85.3
850 silly packumentCache full:https://registry.npmjs.org/@react-native%2fbabel-plugin-codegen cache-miss
851 http fetch GET 200 https://registry.npmjs.org/@babel%2fplugin-transform-for-of 147ms (cache miss)
852 silly packumentCache full:https://registry.npmjs.org/@babel%2fplugin-transform-for-of set size:undefined disposed:false
853 silly fetch manifest @babel/plugin-syntax-dynamic-import@^7.8.3
854 silly packumentCache full:https://registry.npmjs.org/@babel%2fplugin-syntax-dynamic-import cache-miss
855 http fetch GET 200 https://registry.npmjs.org/babel-plugin-react-native-web 171ms (cache miss)
856 silly packumentCache full:https://registry.npmjs.org/babel-plugin-react-native-web set size:undefined disposed:false
857 silly fetch manifest @babel/plugin-transform-block-scoping@^7.25.0
858 silly packumentCache full:https://registry.npmjs.org/@babel%2fplugin-transform-block-scoping cache-miss
859 http fetch GET 200 https://registry.npmjs.org/babel-plugin-transform-flow-enums 102ms (cache miss)
860 silly packumentCache full:https://registry.npmjs.org/babel-plugin-transform-flow-enums set size:undefined disposed:false
861 silly fetch manifest @babel/plugin-transform-destructuring@^7.24.8
862 silly packumentCache full:https://registry.npmjs.org/@babel%2fplugin-transform-destructuring cache-miss
863 http fetch GET 200 https://registry.npmjs.org/@babel%2fplugin-transform-classes 152ms (cache miss)
864 silly packumentCache full:https://registry.npmjs.org/@babel%2fplugin-transform-classes set size:undefined disposed:false
865 silly fetch manifest @babel/plugin-transform-unicode-regex@^7.24.7
866 silly packumentCache full:https://registry.npmjs.org/@babel%2fplugin-transform-unicode-regex cache-miss
867 http fetch GET 200 https://registry.npmjs.org/babel-plugin-react-compiler 215ms (cache miss)
868 silly packumentCache full:https://registry.npmjs.org/babel-plugin-react-compiler set size:undefined disposed:false
869 silly fetch manifest @babel/plugin-syntax-optional-chaining@^7.8.3
870 silly packumentCache full:https://registry.npmjs.org/@babel%2fplugin-syntax-optional-chaining cache-miss
871 http fetch GET 200 https://registry.npmjs.org/@babel%2fplugin-proposal-decorators 165ms (cache miss)
872 silly packumentCache full:https://registry.npmjs.org/@babel%2fplugin-proposal-decorators set size:undefined disposed:false
873 silly fetch manifest @babel/plugin-transform-private-methods@^7.24.7
874 silly packumentCache full:https://registry.npmjs.org/@babel%2fplugin-transform-private-methods cache-miss
875 http fetch GET 200 https://registry.npmjs.org/@babel%2fplugin-transform-runtime 183ms (cache miss)
876 silly packumentCache full:https://registry.npmjs.org/@babel%2fplugin-transform-runtime set size:undefined disposed:false
877 silly fetch manifest @babel/plugin-syntax-export-default-from@^7.24.7
878 silly packumentCache full:https://registry.npmjs.org/@babel%2fplugin-syntax-export-default-from cache-miss
879 http fetch GET 200 https://registry.npmjs.org/@babel%2fplugin-transform-react-jsx 184ms (cache miss)
880 silly packumentCache full:https://registry.npmjs.org/@babel%2fplugin-transform-react-jsx set size:undefined disposed:false
881 silly fetch manifest @babel/plugin-transform-class-properties@^7.25.4
882 silly packumentCache full:https://registry.npmjs.org/@babel%2fplugin-transform-class-properties cache-miss
883 http fetch GET 200 https://registry.npmjs.org/@babel%2fplugin-transform-parameters 138ms (cache miss)
884 silly packumentCache full:https://registry.npmjs.org/@babel%2fplugin-transform-parameters set size:undefined disposed:false
885 silly fetch manifest @babel/plugin-transform-flow-strip-types@^7.25.2
886 silly packumentCache full:https://registry.npmjs.org/@babel%2fplugin-transform-flow-strip-types cache-miss
887 http fetch GET 200 https://registry.npmjs.org/@babel%2fplugin-transform-typescript 143ms (cache miss)
888 silly packumentCache full:https://registry.npmjs.org/@babel%2fplugin-transform-typescript set size:undefined disposed:false
889 silly fetch manifest @babel/plugin-transform-modules-commonjs@^7.24.8
890 silly packumentCache full:https://registry.npmjs.org/@babel%2fplugin-transform-modules-commonjs cache-miss
891 http fetch GET 200 https://registry.npmjs.org/@babel%2fplugin-syntax-dynamic-import 122ms (cache miss)
892 silly packumentCache full:https://registry.npmjs.org/@babel%2fplugin-syntax-dynamic-import set size:undefined disposed:false
893 silly fetch manifest @babel/plugin-transform-optional-chaining@^7.24.8
894 silly packumentCache full:https://registry.npmjs.org/@babel%2fplugin-transform-optional-chaining cache-miss
895 http fetch GET 200 https://registry.npmjs.org/@babel%2fplugin-transform-unicode-regex 128ms (cache miss)
896 silly packumentCache full:https://registry.npmjs.org/@babel%2fplugin-transform-unicode-regex set size:undefined disposed:false
897 silly fetch manifest @babel/plugin-proposal-export-default-from@^7.24.7
898 silly packumentCache full:https://registry.npmjs.org/@babel%2fplugin-proposal-export-default-from cache-miss
899 http fetch GET 200 https://registry.npmjs.org/@babel%2fplugin-syntax-optional-chaining 115ms (cache miss)
900 silly packumentCache full:https://registry.npmjs.org/@babel%2fplugin-syntax-optional-chaining set size:undefined disposed:false
901 silly fetch manifest @babel/plugin-transform-async-to-generator@^7.24.7
902 silly packumentCache full:https://registry.npmjs.org/@babel%2fplugin-transform-async-to-generator cache-miss
903 http fetch GET 200 https://registry.npmjs.org/@babel%2fplugin-transform-block-scoping 150ms (cache miss)
904 silly packumentCache full:https://registry.npmjs.org/@babel%2fplugin-transform-block-scoping set size:undefined disposed:false
905 silly fetch manifest @babel/plugin-transform-class-static-block@^7.27.1
906 silly packumentCache full:https://registry.npmjs.org/@babel%2fplugin-transform-class-static-block cache-miss
907 http fetch GET 200 https://registry.npmjs.org/@babel%2fplugin-transform-destructuring 164ms (cache miss)
908 silly packumentCache full:https://registry.npmjs.org/@babel%2fplugin-transform-destructuring set size:undefined disposed:false
909 silly fetch manifest @babel/plugin-transform-object-rest-spread@^7.24.7
910 silly packumentCache full:https://registry.npmjs.org/@babel%2fplugin-transform-object-rest-spread cache-miss
911 http fetch GET 200 https://registry.npmjs.org/@babel%2fplugin-syntax-export-default-from 129ms (cache miss)
912 silly packumentCache full:https://registry.npmjs.org/@babel%2fplugin-syntax-export-default-from set size:undefined disposed:false
913 silly fetch manifest @babel/plugin-transform-react-display-name@^7.24.7
914 silly packumentCache full:https://registry.npmjs.org/@babel%2fplugin-transform-react-display-name cache-miss
915 http fetch GET 200 https://registry.npmjs.org/@babel%2fplugin-transform-class-properties 138ms (cache miss)
916 silly packumentCache full:https://registry.npmjs.org/@babel%2fplugin-transform-class-properties set size:undefined disposed:false
917 silly fetch manifest @babel/plugin-transform-export-namespace-from@^7.25.9
918 silly packumentCache full:https://registry.npmjs.org/@babel%2fplugin-transform-export-namespace-from cache-miss
919 http fetch GET 200 https://registry.npmjs.org/@babel%2fplugin-transform-private-methods 179ms (cache miss)
920 silly packumentCache full:https://registry.npmjs.org/@babel%2fplugin-transform-private-methods set size:undefined disposed:false
921 silly fetch manifest @babel/plugin-transform-react-jsx-development@^7.27.1
922 silly packumentCache full:https://registry.npmjs.org/@babel%2fplugin-transform-react-jsx-development cache-miss
923 http fetch GET 200 https://registry.npmjs.org/@babel%2fplugin-transform-optional-chaining 124ms (cache miss)
924 silly packumentCache full:https://registry.npmjs.org/@babel%2fplugin-transform-optional-chaining set size:undefined disposed:false
925 silly fetch manifest @babel/plugin-transform-optional-catch-binding@^7.24.7
926 silly packumentCache full:https://registry.npmjs.org/@babel%2fplugin-transform-optional-catch-binding cache-miss
927 http fetch GET 200 https://registry.npmjs.org/@babel%2fplugin-transform-flow-strip-types 164ms (cache miss)
928 silly packumentCache full:https://registry.npmjs.org/@babel%2fplugin-transform-flow-strip-types set size:undefined disposed:false
929 silly fetch manifest @babel/plugin-transform-react-pure-annotations@^7.27.1
930 silly packumentCache full:https://registry.npmjs.org/@babel%2fplugin-transform-react-pure-annotations cache-miss
931 http fetch GET 200 https://registry.npmjs.org/@babel%2fplugin-transform-modules-commonjs 153ms (cache miss)
932 silly packumentCache full:https://registry.npmjs.org/@babel%2fplugin-transform-modules-commonjs set size:undefined disposed:false
933 silly fetch manifest @babel/plugin-syntax-nullish-coalescing-operator@^7.8.3
934 silly packumentCache full:https://registry.npmjs.org/@babel%2fplugin-syntax-nullish-coalescing-operator cache-miss
935 http fetch GET 200 https://registry.npmjs.org/@react-native%2fbabel-plugin-codegen 305ms (cache miss)
936 silly packumentCache full:https://registry.npmjs.org/@react-native%2fbabel-plugin-codegen set size:undefined disposed:false
937 silly fetch manifest @babel/plugin-transform-async-generator-functions@^7.25.4
938 silly packumentCache full:https://registry.npmjs.org/@babel%2fplugin-transform-async-generator-functions cache-miss
939 http fetch GET 200 https://registry.npmjs.org/@babel%2fplugin-proposal-export-default-from 162ms (cache miss)
940 silly packumentCache full:https://registry.npmjs.org/@babel%2fplugin-proposal-export-default-from set size:undefined disposed:false
941 silly fetch manifest @babel/plugin-transform-private-property-in-object@^7.24.7
942 silly packumentCache full:https://registry.npmjs.org/@babel%2fplugin-transform-private-property-in-object cache-miss
943 http fetch GET 200 https://registry.npmjs.org/@babel%2fplugin-transform-class-static-block 165ms (cache miss)
944 silly packumentCache full:https://registry.npmjs.org/@babel%2fplugin-transform-class-static-block set size:undefined disposed:false
945 silly fetch manifest @babel/plugin-transform-nullish-coalescing-operator@^7.24.7
946 silly packumentCache full:https://registry.npmjs.org/@babel%2fplugin-transform-nullish-coalescing-operator cache-miss
947 http fetch GET 200 https://registry.npmjs.org/@babel%2fplugin-transform-async-to-generator 174ms (cache miss)
948 silly packumentCache full:https://registry.npmjs.org/@babel%2fplugin-transform-async-to-generator set size:undefined disposed:false
949 silly fetch manifest @babel/plugin-transform-logical-assignment-operators@^7.24.7
950 silly packumentCache full:https://registry.npmjs.org/@babel%2fplugin-transform-logical-assignment-operators cache-miss
951 http fetch GET 200 https://registry.npmjs.org/@babel%2fplugin-transform-object-rest-spread 159ms (cache miss)
952 silly packumentCache full:https://registry.npmjs.org/@babel%2fplugin-transform-object-rest-spread set size:undefined disposed:false
953 silly fetch manifest @babel/plugin-transform-named-capturing-groups-regex@^7.24.7
954 silly packumentCache full:https://registry.npmjs.org/@babel%2fplugin-transform-named-capturing-groups-regex cache-miss
955 http fetch GET 200 https://registry.npmjs.org/@babel%2fplugin-transform-export-namespace-from 128ms (cache miss)
956 silly packumentCache full:https://registry.npmjs.org/@babel%2fplugin-transform-export-namespace-from set size:undefined disposed:false
957 silly fetch manifest fontfaceobserver@^2.1.0
958 silly packumentCache full:https://registry.npmjs.org/fontfaceobserver cache-miss
959 http fetch GET 200 https://registry.npmjs.org/@babel%2fplugin-transform-react-display-name 150ms (cache miss)
960 silly packumentCache full:https://registry.npmjs.org/@babel%2fplugin-transform-react-display-name set size:undefined disposed:false
961 silly fetch manifest commander@^7.2.0
962 silly packumentCache full:https://registry.npmjs.org/commander cache-miss
963 http cache https://registry.npmjs.org/commander 11ms (cache hit)
964 silly packumentCache full:https://registry.npmjs.org/commander set size:353115 disposed:false
965 silly fetch manifest expo-modules-jsi@~56.0.8
966 silly packumentCache full:https://registry.npmjs.org/expo-modules-jsi cache-miss
967 http fetch GET 200 https://registry.npmjs.org/@babel%2fplugin-transform-react-jsx-development 143ms (cache miss)
968 silly packumentCache full:https://registry.npmjs.org/@babel%2fplugin-transform-react-jsx-development set size:undefined disposed:false
969 silly fetch manifest @expo/expo-modules-macros-plugin@~0.0.9
970 silly packumentCache full:https://registry.npmjs.org/@expo%2fexpo-modules-macros-plugin cache-miss
971 http fetch GET 200 https://registry.npmjs.org/@babel%2fplugin-syntax-nullish-coalescing-operator 133ms (cache miss)
972 silly packumentCache full:https://registry.npmjs.org/@babel%2fplugin-syntax-nullish-coalescing-operator set size:undefined disposed:false
973 silly fetch manifest react-is@^18.0.0
974 silly packumentCache full:https://registry.npmjs.org/react-is cache-miss
975 http fetch GET 200 https://registry.npmjs.org/@babel%2fplugin-transform-react-pure-annotations 143ms (cache miss)
976 silly packumentCache full:https://registry.npmjs.org/@babel%2fplugin-transform-react-pure-annotations set size:undefined disposed:false
977 silly fetch manifest ansi-styles@^5.0.0
978 silly packumentCache full:https://registry.npmjs.org/ansi-styles cache-miss
979 http fetch GET 200 https://registry.npmjs.org/@babel%2fplugin-transform-optional-catch-binding 154ms (cache miss)
980 silly packumentCache full:https://registry.npmjs.org/@babel%2fplugin-transform-optional-catch-binding set size:undefined disposed:false
981 silly fetch manifest @jest/schemas@^29.6.3
982 silly packumentCache full:https://registry.npmjs.org/@jest%2fschemas cache-miss
983 http fetch GET 200 https://registry.npmjs.org/@babel%2fplugin-transform-async-generator-functions 125ms (cache miss)
984 silly packumentCache full:https://registry.npmjs.org/@babel%2fplugin-transform-async-generator-functions set size:undefined disposed:false
985 http fetch GET 200 https://registry.npmjs.org/@babel%2fplugin-transform-private-property-in-object 104ms (cache miss)
986 silly packumentCache full:https://registry.npmjs.org/@babel%2fplugin-transform-private-property-in-object set size:undefined disposed:false
987 http fetch GET 200 https://registry.npmjs.org/@babel%2fplugin-transform-logical-assignment-operators 96ms (cache miss)
988 silly packumentCache full:https://registry.npmjs.org/@babel%2fplugin-transform-logical-assignment-operators set size:undefined disposed:false
989 http fetch GET 200 https://registry.npmjs.org/@babel%2fplugin-transform-nullish-coalescing-operator 106ms (cache miss)
990 silly packumentCache full:https://registry.npmjs.org/@babel%2fplugin-transform-nullish-coalescing-operator set size:undefined disposed:false
991 http fetch GET 200 https://registry.npmjs.org/fontfaceobserver 96ms (cache miss)
992 silly packumentCache full:https://registry.npmjs.org/fontfaceobserver set size:undefined disposed:false
993 http fetch GET 200 https://registry.npmjs.org/@babel%2fplugin-transform-named-capturing-groups-regex 114ms (cache miss)
994 silly packumentCache full:https://registry.npmjs.org/@babel%2fplugin-transform-named-capturing-groups-regex set size:undefined disposed:false
995 http fetch GET 200 https://registry.npmjs.org/expo-modules-jsi 95ms (cache miss)
996 silly packumentCache full:https://registry.npmjs.org/expo-modules-jsi set size:undefined disposed:false
997 http fetch GET 200 https://registry.npmjs.org/ansi-styles 83ms (cache miss)
998 silly packumentCache full:https://registry.npmjs.org/ansi-styles set size:undefined disposed:false
999 http fetch GET 200 https://registry.npmjs.org/@expo%2fexpo-modules-macros-plugin 116ms (cache miss)
1000 silly packumentCache full:https://registry.npmjs.org/@expo%2fexpo-modules-macros-plugin set size:undefined disposed:false
1001 http fetch GET 200 https://registry.npmjs.org/react-is 250ms (cache miss)
1002 silly packumentCache full:https://registry.npmjs.org/react-is set size:undefined disposed:false
1003 http fetch GET 200 https://registry.npmjs.org/@jest%2fschemas 318ms (cache miss)
1004 silly packumentCache full:https://registry.npmjs.org/@jest%2fschemas set size:undefined disposed:false
1005 silly fetch manifest typescript@^5.0.0 || ^5.0.0-0 || ^6.0.0
1006 silly packumentCache full:https://registry.npmjs.org/typescript cache-miss
1007 http cache https://registry.npmjs.org/typescript 59ms (cache hit)
1008 silly packumentCache full:https://registry.npmjs.org/typescript set size:15409943 disposed:false
1009 silly placeDep ROOT @expo/config-types@56.0.5 OK for: @expo/config@56.0.9 want: ^56.0.5
1010 silly placeDep ROOT @expo/json-file@10.2.0 OK for: @expo/config@56.0.9 want: ^10.2.0
1011 silly placeDep ROOT @expo/require-utils@56.1.3 OK for: @expo/config@56.0.9 want: ^56.1.3
1012 silly placeDep ROOT deepmerge@4.3.1 OK for: @expo/config@56.0.9 want: ^4.3.1
1013 silly placeDep ROOT getenv@2.0.0 OK for: @expo/config@56.0.9 want: ^2.0.0
1014 silly placeDep ROOT glob@13.0.6 OK for: @expo/config@56.0.9 want: ^13.0.0
1015 silly placeDep ROOT resolve-workspace-root@2.0.1 OK for: @expo/config@56.0.9 want: ^2.0.0
1016 silly placeDep ROOT semver@7.8.4 OK for: @expo/config@56.0.9 want: ^7.6.0
1017 silly placeDep ROOT slugify@1.6.9 OK for: @expo/config@56.0.9 want: ^1.3.4
1018 silly fetch manifest json5@^2.2.3
1019 silly packumentCache full:https://registry.npmjs.org/json5 cache-miss
1020 silly fetch manifest @babel/core@^7.25.2
1021 silly packumentCache full:https://registry.npmjs.org/@babel%2fcore cache-hit
1022 silly fetch manifest minipass@^7.1.3
1023 silly packumentCache full:https://registry.npmjs.org/minipass cache-miss
1024 silly fetch manifest path-scurry@^2.0.2
1025 silly packumentCache full:https://registry.npmjs.org/path-scurry cache-miss
1026 http fetch GET 200 https://registry.npmjs.org/json5 106ms (cache miss)
1027 silly packumentCache full:https://registry.npmjs.org/json5 set size:undefined disposed:false
1028 http fetch GET 200 https://registry.npmjs.org/path-scurry 109ms (cache miss)
1029 silly packumentCache full:https://registry.npmjs.org/path-scurry set size:undefined disposed:false
1030 http fetch GET 200 https://registry.npmjs.org/minipass 115ms (cache miss)
1031 silly packumentCache full:https://registry.npmjs.org/minipass set size:undefined disposed:false
1032 silly placeDep ROOT @expo/plist@0.7.0 OK for: @expo/config-plugins@56.0.8 want: ^0.7.0
1033 silly placeDep ROOT @expo/sdk-runtime-versions@1.0.0 OK for: @expo/config-plugins@56.0.8 want: ^1.0.0
1034 silly placeDep ROOT chalk@4.1.2 OK for: @expo/config-plugins@56.0.8 want: ^4.1.2
1035 silly placeDep ROOT debug@4.4.3 OK for: @expo/config-plugins@56.0.8 want: ^4.3.5
1036 silly placeDep ROOT xcode@3.0.1 OK for: @expo/config-plugins@56.0.8 want: ^3.0.1
1037 silly placeDep ROOT xml2js@0.6.0 OK for: @expo/config-plugins@56.0.8 want: 0.6.0
1038 silly fetch manifest xmlbuilder@^15.1.1
1039 silly packumentCache full:https://registry.npmjs.org/xmlbuilder cache-miss
1040 silly fetch manifest @xmldom/xmldom@^0.8.8
1041 silly packumentCache full:https://registry.npmjs.org/@xmldom%2fxmldom cache-miss
1042 silly fetch manifest ansi-styles@^4.1.0
1043 silly packumentCache full:https://registry.npmjs.org/ansi-styles cache-miss
1044 silly fetch manifest supports-color@^7.1.0
1045 silly packumentCache full:https://registry.npmjs.org/supports-color cache-miss
1046 silly fetch manifest ms@^2.1.3
1047 silly packumentCache full:https://registry.npmjs.org/ms cache-miss
1048 silly fetch manifest uuid@^7.0.3
1049 silly packumentCache full:https://registry.npmjs.org/uuid cache-miss
1050 silly fetch manifest simple-plist@^1.1.0
1051 silly packumentCache full:https://registry.npmjs.org/simple-plist cache-miss
1052 silly fetch manifest sax@>=0.6.0
1053 silly packumentCache full:https://registry.npmjs.org/sax cache-miss
1054 silly fetch manifest xmlbuilder@~11.0.0
1055 silly packumentCache full:https://registry.npmjs.org/xmlbuilder cache-miss
1056 http cache https://registry.npmjs.org/ansi-styles 18ms (cache hit)
1057 silly packumentCache full:https://registry.npmjs.org/ansi-styles set size:63233 disposed:false
1058 http fetch GET 200 https://registry.npmjs.org/supports-color 106ms (cache miss)
1059 silly packumentCache full:https://registry.npmjs.org/supports-color set size:undefined disposed:false
1060 http fetch GET 200 https://registry.npmjs.org/simple-plist 113ms (cache miss)
1061 silly packumentCache full:https://registry.npmjs.org/simple-plist set size:undefined disposed:false
1062 http fetch GET 200 https://registry.npmjs.org/xmlbuilder 119ms (cache miss)
1063 silly packumentCache full:https://registry.npmjs.org/xmlbuilder set size:undefined disposed:false
1064 http fetch GET 200 https://registry.npmjs.org/sax 121ms (cache miss)
1065 silly packumentCache full:https://registry.npmjs.org/sax set size:undefined disposed:false
1066 http fetch GET 200 https://registry.npmjs.org/ms 126ms (cache miss)
1067 silly packumentCache full:https://registry.npmjs.org/ms set size:undefined disposed:false
1068 http fetch GET 200 https://registry.npmjs.org/uuid 129ms (cache miss)
1069 silly packumentCache full:https://registry.npmjs.org/uuid set size:undefined disposed:false
1070 http fetch GET 200 https://registry.npmjs.org/@xmldom%2fxmldom 137ms (cache miss)
1071 silly packumentCache full:https://registry.npmjs.org/@xmldom%2fxmldom set size:undefined disposed:false
1072 http fetch GET 200 https://registry.npmjs.org/xmlbuilder 136ms (cache miss)
1073 silly packumentCache full:https://registry.npmjs.org/xmlbuilder set size:undefined disposed:false
1074 silly placeDep ROOT @expo/env@2.3.0 OK for: @expo/fingerprint@0.19.4 want: ^2.3.0
1075 silly placeDep ROOT @expo/spawn-async@1.8.0 OK for: @expo/fingerprint@0.19.4 want: ^1.8.0
1076 silly placeDep ROOT arg@5.0.2 OK for: @expo/fingerprint@0.19.4 want: ^5.0.2
1077 silly placeDep ROOT ignore@5.3.2 OK for: @expo/fingerprint@0.19.4 want: ^5.3.1
1078 silly placeDep ROOT minimatch@10.2.5 OK for: @expo/fingerprint@0.19.4 want: ^10.2.2
1079 silly placeDep ROOT resolve-from@5.0.0 OK for: @expo/fingerprint@0.19.4 want: ^5.0.0
1080 silly fetch manifest cross-spawn@^7.0.6
1081 silly packumentCache full:https://registry.npmjs.org/cross-spawn cache-miss
1082 silly fetch manifest brace-expansion@^5.0.5
1083 silly packumentCache full:https://registry.npmjs.org/brace-expansion cache-miss
1084 http fetch GET 200 https://registry.npmjs.org/cross-spawn 98ms (cache miss)
1085 silly packumentCache full:https://registry.npmjs.org/cross-spawn set size:undefined disposed:false
1086 http fetch GET 200 https://registry.npmjs.org/brace-expansion 102ms (cache miss)
1087 silly packumentCache full:https://registry.npmjs.org/brace-expansion set size:undefined disposed:false
1088 silly placeDep ROOT @babel/code-frame@7.29.7 OK for: @expo/json-file@10.2.0 want: ^7.20.0
1089 silly placeDep ROOT json5@2.2.3 OK for: @expo/json-file@10.2.0 want: ^2.2.3
1090 silly fetch manifest @babel/helper-validator-identifier@^7.29.7
1091 silly packumentCache full:https://registry.npmjs.org/@babel%2fhelper-validator-identifier cache-miss
1092 silly fetch manifest js-tokens@^4.0.0
1093 silly packumentCache full:https://registry.npmjs.org/js-tokens cache-miss
1094 silly fetch manifest picocolors@^1.1.1
1095 silly packumentCache full:https://registry.npmjs.org/picocolors cache-miss
1096 http fetch GET 200 https://registry.npmjs.org/picocolors 85ms (cache miss)
1097 silly packumentCache full:https://registry.npmjs.org/picocolors set size:undefined disposed:false
1098 http fetch GET 200 https://registry.npmjs.org/js-tokens 86ms (cache miss)
1099 silly packumentCache full:https://registry.npmjs.org/js-tokens set size:undefined disposed:false
1100 http fetch GET 200 https://registry.npmjs.org/@babel%2fhelper-validator-identifier 101ms (cache miss)
1101 silly packumentCache full:https://registry.npmjs.org/@babel%2fhelper-validator-identifier set size:undefined disposed:false
1102 silly placeDep ROOT @babel/helper-validator-identifier@7.29.7 OK for: @babel/code-frame@7.29.7 want: ^7.29.7
1103 silly placeDep ROOT js-tokens@4.0.0 OK for: @babel/code-frame@7.29.7 want: ^4.0.0
1104 silly placeDep ROOT picocolors@1.1.1 OK for: @babel/code-frame@7.29.7 want: ^1.1.1
1105 silly placeDep ROOT anser@1.4.10 OK for: @expo/log-box@56.0.12 want: ^1.4.9
1106 silly placeDep ROOT stacktrace-parser@0.1.11 OK for: @expo/log-box@56.0.12 want: ^0.1.10
1107 silly fetch manifest type-fest@^0.7.1
1108 silly packumentCache full:https://registry.npmjs.org/type-fest cache-miss
1109 http fetch GET 200 https://registry.npmjs.org/type-fest 107ms (cache miss)
1110 silly packumentCache full:https://registry.npmjs.org/type-fest set size:undefined disposed:false
1111 silly placeDep ROOT metro@0.84.4 OK for: @expo/metro@56.0.0 want: 0.84.4
1112 silly placeDep ROOT metro-babel-transformer@0.84.4 OK for: @expo/metro@56.0.0 want: 0.84.4
1113 silly placeDep ROOT metro-cache@0.84.4 OK for: @expo/metro@56.0.0 want: 0.84.4
1114 silly placeDep ROOT metro-cache-key@0.84.4 OK for: @expo/metro@56.0.0 want: 0.84.4
1115 silly placeDep ROOT metro-config@0.84.4 OK for: @expo/metro@56.0.0 want: 0.84.4
1116 silly placeDep ROOT metro-core@0.84.4 OK for: @expo/metro@56.0.0 want: 0.84.4
1117 silly placeDep ROOT metro-file-map@0.84.4 OK for: @expo/metro@56.0.0 want: 0.84.4
1118 silly placeDep ROOT metro-minify-terser@0.84.4 OK for: @expo/metro@56.0.0 want: 0.84.4
1119 silly placeDep ROOT metro-resolver@0.84.4 OK for: @expo/metro@56.0.0 want: 0.84.4
1120 silly placeDep ROOT metro-runtime@0.84.4 OK for: @expo/metro@56.0.0 want: 0.84.4
1121 silly placeDep ROOT metro-source-map@0.84.4 OK for: @expo/metro@56.0.0 want: 0.84.4
1122 silly placeDep ROOT metro-symbolicate@0.84.4 OK for: @expo/metro@56.0.0 want: 0.84.4
1123 silly placeDep ROOT metro-transform-plugins@0.84.4 OK for: @expo/metro@56.0.0 want: 0.84.4
1124 silly placeDep ROOT metro-transform-worker@0.84.4 OK for: @expo/metro@56.0.0 want: 0.84.4
1125 silly fetch manifest @babel/generator@^7.29.1
1126 silly packumentCache full:https://registry.npmjs.org/@babel%2fgenerator cache-miss
1127 silly fetch manifest @babel/parser@^7.29.0
1128 silly packumentCache full:https://registry.npmjs.org/@babel%2fparser cache-miss
1129 silly fetch manifest @babel/template@^7.28.6
1130 silly packumentCache full:https://registry.npmjs.org/@babel%2ftemplate cache-miss
1131 silly fetch manifest @babel/traverse@^7.29.0
1132 silly packumentCache full:https://registry.npmjs.org/@babel%2ftraverse cache-miss
1133 silly fetch manifest @babel/types@^7.29.0
1134 silly packumentCache full:https://registry.npmjs.org/@babel%2ftypes cache-miss
1135 silly fetch manifest accepts@^2.0.0
1136 silly packumentCache full:https://registry.npmjs.org/accepts cache-miss
1137 silly fetch manifest ci-info@^2.0.0
1138 silly packumentCache full:https://registry.npmjs.org/ci-info cache-miss
1139 silly fetch manifest connect@^3.6.5
1140 silly packumentCache full:https://registry.npmjs.org/connect cache-miss
1141 silly fetch manifest error-stack-parser@^2.0.6
1142 silly packumentCache full:https://registry.npmjs.org/error-stack-parser cache-miss
1143 silly fetch manifest graceful-fs@^4.2.4
1144 silly packumentCache full:https://registry.npmjs.org/graceful-fs cache-miss
1145 silly fetch manifest hermes-parser@0.35.0
1146 silly packumentCache full:https://registry.npmjs.org/hermes-parser cache-miss
1147 http cache https://registry.npmjs.org/connect 28ms (cache hit)
1148 silly packumentCache full:https://registry.npmjs.org/connect set size:438385 disposed:false
1149 silly fetch manifest image-size@^1.0.2
1150 silly packumentCache full:https://registry.npmjs.org/image-size cache-miss
1151 http cache https://registry.npmjs.org/@babel%2fgenerator 40ms (cache hit)
1152 silly packumentCache full:https://registry.npmjs.org/@babel%2fgenerator set size:518214 disposed:false
1153 silly fetch manifest jest-worker@^29.7.0
1154 silly packumentCache full:https://registry.npmjs.org/jest-worker cache-miss
1155 http cache https://registry.npmjs.org/hermes-parser 42ms (cache hit)
1156 silly packumentCache full:https://registry.npmjs.org/hermes-parser set size:170002 disposed:false
1157 silly fetch manifest jsc-safe-url@^0.2.2
1158 silly packumentCache full:https://registry.npmjs.org/jsc-safe-url cache-miss
1159 http cache https://registry.npmjs.org/accepts 48ms (cache hit)
1160 silly packumentCache full:https://registry.npmjs.org/accepts set size:77054 disposed:false
1161 silly fetch manifest lodash.throttle@^4.1.1
1162 silly packumentCache full:https://registry.npmjs.org/lodash.throttle cache-miss
1163 http cache https://registry.npmjs.org/ci-info 50ms (cache hit)
1164 silly packumentCache full:https://registry.npmjs.org/ci-info set size:91363 disposed:false
1165 silly fetch manifest mime-types@^3.0.1
1166 silly packumentCache full:https://registry.npmjs.org/mime-types cache-miss
1167 http cache https://registry.npmjs.org/jsc-safe-url 16ms (cache hit)
1168 silly packumentCache full:https://registry.npmjs.org/jsc-safe-url set size:13143 disposed:false
1169 silly fetch manifest serialize-error@^2.1.0
1170 silly packumentCache full:https://registry.npmjs.org/serialize-error cache-miss
1171 http fetch GET 200 https://registry.npmjs.org/graceful-fs 99ms (cache miss)
1172 silly packumentCache full:https://registry.npmjs.org/graceful-fs set size:undefined disposed:false
1173 silly fetch manifest source-map@^0.5.6
1174 silly packumentCache full:https://registry.npmjs.org/source-map cache-miss
1175 http fetch GET 200 https://registry.npmjs.org/error-stack-parser 136ms (cache miss)
1176 silly packumentCache full:https://registry.npmjs.org/error-stack-parser set size:undefined disposed:false
1177 silly fetch manifest throat@^5.0.0
1178 silly packumentCache full:https://registry.npmjs.org/throat cache-miss
1179 http fetch GET 200 https://registry.npmjs.org/@babel%2ftemplate 149ms (cache miss)
1180 silly packumentCache full:https://registry.npmjs.org/@babel%2ftemplate set size:undefined disposed:false
1181 silly fetch manifest exponential-backoff@^3.1.1
1182 silly packumentCache full:https://registry.npmjs.org/exponential-backoff cache-miss
1183 http fetch GET 200 https://registry.npmjs.org/image-size 121ms (cache miss)
1184 silly packumentCache full:https://registry.npmjs.org/image-size set size:undefined disposed:false
1185 silly fetch manifest https-proxy-agent@^7.0.5
1186 silly packumentCache full:https://registry.npmjs.org/https-proxy-agent cache-miss
1187 http fetch GET 200 https://registry.npmjs.org/lodash.throttle 115ms (cache miss)
1188 silly packumentCache full:https://registry.npmjs.org/lodash.throttle set size:undefined disposed:false
1189 silly fetch manifest jest-validate@^29.7.0
1190 silly packumentCache full:https://registry.npmjs.org/jest-validate cache-miss
1191 http fetch GET 200 https://registry.npmjs.org/@babel%2ftypes 173ms (cache miss)
1192 silly packumentCache full:https://registry.npmjs.org/@babel%2ftypes set size:undefined disposed:false
1193 silly fetch manifest yaml@^2.6.1
1194 silly packumentCache full:https://registry.npmjs.org/yaml cache-miss
1195 http fetch GET 200 https://registry.npmjs.org/serialize-error 125ms (cache miss)
1196 silly packumentCache full:https://registry.npmjs.org/serialize-error set size:undefined disposed:false
1197 silly fetch manifest fb-watchman@^2.0.0
1198 silly packumentCache full:https://registry.npmjs.org/fb-watchman cache-miss
1199 http fetch GET 200 https://registry.npmjs.org/mime-types 138ms (cache miss)
1200 silly packumentCache full:https://registry.npmjs.org/mime-types set size:undefined disposed:false
1201 silly fetch manifest jest-worker@^29.7.0
1202 silly packumentCache full:https://registry.npmjs.org/jest-worker cache-miss
1203 http fetch GET 200 https://registry.npmjs.org/jest-worker 155ms (cache miss)
1204 silly packumentCache full:https://registry.npmjs.org/jest-worker set size:undefined disposed:false
1205 silly fetch manifest micromatch@^4.0.4
1206 silly packumentCache full:https://registry.npmjs.org/micromatch cache-miss
1207 http fetch GET 200 https://registry.npmjs.org/@babel%2ftraverse 205ms (cache miss)
1208 silly packumentCache full:https://registry.npmjs.org/@babel%2ftraverse set size:undefined disposed:false
1209 silly fetch manifest walker@^1.0.7
1210 silly packumentCache full:https://registry.npmjs.org/walker cache-miss
1211 http fetch GET 200 https://registry.npmjs.org/@babel%2fparser 213ms (cache miss)
1212 silly packumentCache full:https://registry.npmjs.org/@babel%2fparser set size:undefined disposed:false
1213 silly fetch manifest terser@^5.15.0
1214 silly packumentCache full:https://registry.npmjs.org/terser cache-miss
1215 http cache https://registry.npmjs.org/jest-worker 37ms (cache hit)
1216 silly packumentCache full:https://registry.npmjs.org/jest-worker set size:466737 disposed:false
1217 silly fetch manifest ob1@0.84.4
1218 silly packumentCache full:https://registry.npmjs.org/ob1 cache-miss
1219 http fetch GET 200 https://registry.npmjs.org/throat 103ms (cache miss)
1220 silly packumentCache full:https://registry.npmjs.org/throat set size:undefined disposed:false
1221 silly fetch manifest source-map@^0.5.6
1222 silly packumentCache full:https://registry.npmjs.org/source-map cache-miss
1223 http fetch GET 200 https://registry.npmjs.org/exponential-backoff 93ms (cache miss)
1224 silly packumentCache full:https://registry.npmjs.org/exponential-backoff set size:undefined disposed:false
1225 silly fetch manifest vlq@^1.0.0
1226 silly packumentCache full:https://registry.npmjs.org/vlq cache-miss
1227 http fetch GET 200 https://registry.npmjs.org/source-map 144ms (cache miss)
1228 silly packumentCache full:https://registry.npmjs.org/source-map set size:undefined disposed:false
1229 silly fetch manifest vlq@^1.0.0
1230 silly packumentCache full:https://registry.npmjs.org/vlq cache-miss
1231 http fetch GET 200 https://registry.npmjs.org/https-proxy-agent 111ms (cache miss)
1232 silly packumentCache full:https://registry.npmjs.org/https-proxy-agent set size:undefined disposed:false
1233 http fetch GET 200 https://registry.npmjs.org/fb-watchman 90ms (cache miss)
1234 silly packumentCache full:https://registry.npmjs.org/fb-watchman set size:undefined disposed:false
1235 http fetch GET 200 https://registry.npmjs.org/yaml 106ms (cache miss)
1236 silly packumentCache full:https://registry.npmjs.org/yaml set size:undefined disposed:false
1237 http fetch GET 200 https://registry.npmjs.org/jest-validate 123ms (cache miss)
1238 silly packumentCache full:https://registry.npmjs.org/jest-validate set size:undefined disposed:false
1239 http fetch GET 200 https://registry.npmjs.org/walker 96ms (cache miss)
1240 silly packumentCache full:https://registry.npmjs.org/walker set size:undefined disposed:false
1241 http fetch GET 200 https://registry.npmjs.org/micromatch 104ms (cache miss)
1242 silly packumentCache full:https://registry.npmjs.org/micromatch set size:undefined disposed:false
1243 http fetch GET 200 https://registry.npmjs.org/source-map 96ms (cache miss)
1244 silly packumentCache full:https://registry.npmjs.org/source-map set size:undefined disposed:false
1245 http fetch GET 200 https://registry.npmjs.org/terser 126ms (cache miss)
1246 silly packumentCache full:https://registry.npmjs.org/terser set size:undefined disposed:false
1247 http fetch GET 200 https://registry.npmjs.org/vlq 101ms (cache miss)
1248 silly packumentCache full:https://registry.npmjs.org/vlq set size:undefined disposed:false
1249 http fetch GET 200 https://registry.npmjs.org/vlq 109ms (cache miss)
1250 silly packumentCache full:https://registry.npmjs.org/vlq set size:undefined disposed:false
1251 http fetch GET 200 https://registry.npmjs.org/ob1 124ms (cache miss)
1252 silly packumentCache full:https://registry.npmjs.org/ob1 set size:undefined disposed:false
1253 silly placeDep ROOT @babel/core@7.29.7 OK for: @expo/metro-config@56.0.13 want: ^7.20.0
1254 silly placeDep ROOT @babel/generator@7.29.7 OK for: @expo/metro-config@56.0.13 want: ^7.20.5
1255 silly placeDep ROOT @jridgewell/gen-mapping@0.3.13 OK for: @expo/metro-config@56.0.13 want: ^0.3.13
1256 silly placeDep ROOT @jridgewell/remapping@2.3.5 OK for: @expo/metro-config@56.0.13 want: ^2.3.5
1257 silly placeDep ROOT @jridgewell/sourcemap-codec@1.5.5 OK for: @expo/metro-config@56.0.13 want: ^1.5.5
1258 silly placeDep ROOT browserslist@4.28.2 OK for: @expo/metro-config@56.0.13 want: ^4.25.0
1259 silly placeDep ROOT hermes-parser@0.33.3 OK for: @expo/metro-config@56.0.13 want: ^0.33.3
1260 silly placeDep ROOT jsc-safe-url@0.2.4 OK for: @expo/metro-config@56.0.13 want: ^0.2.4
1261 silly placeDep ROOT lightningcss@1.32.0 OK for: @expo/metro-config@56.0.13 want: ^1.30.1
1262 silly placeDep ROOT msgpackr@2.0.4 OK for: @expo/metro-config@56.0.13 want: ^2.0.1
1263 silly placeDep ROOT picomatch@4.0.4 OK for: @expo/metro-config@56.0.13 want: ^4.0.4
1264 silly placeDep ROOT postcss@8.5.15 OK for: @expo/metro-config@56.0.13 want: ^8.5.14
1265 silly fetch manifest @babel/generator@^7.29.7
1266 silly packumentCache full:https://registry.npmjs.org/@babel%2fgenerator cache-hit
1267 silly fetch manifest @babel/helper-compilation-targets@^7.29.7
1268 silly packumentCache full:https://registry.npmjs.org/@babel%2fhelper-compilation-targets cache-miss
1269 silly fetch manifest @babel/helper-module-transforms@^7.29.7
1270 silly packumentCache full:https://registry.npmjs.org/@babel%2fhelper-module-transforms cache-miss
1271 silly fetch manifest @babel/helpers@^7.29.7
1272 silly packumentCache full:https://registry.npmjs.org/@babel%2fhelpers cache-miss
1273 silly fetch manifest @babel/parser@^7.29.7
1274 silly packumentCache full:https://registry.npmjs.org/@babel%2fparser cache-miss
1275 silly fetch manifest @babel/template@^7.29.7
1276 silly packumentCache full:https://registry.npmjs.org/@babel%2ftemplate cache-miss
1277 silly fetch manifest @babel/traverse@^7.29.7
1278 silly packumentCache full:https://registry.npmjs.org/@babel%2ftraverse cache-miss
1279 silly fetch manifest @babel/types@^7.29.7
1280 silly packumentCache full:https://registry.npmjs.org/@babel%2ftypes cache-miss
1281 silly fetch manifest convert-source-map@^2.0.0
1282 silly packumentCache full:https://registry.npmjs.org/convert-source-map cache-miss
1283 silly fetch manifest gensync@^1.0.0-beta.2
1284 silly packumentCache full:https://registry.npmjs.org/gensync cache-miss
1285 silly fetch manifest semver@^6.3.1
1286 silly packumentCache full:https://registry.npmjs.org/semver cache-hit
1287 silly fetch manifest @babel/parser@^7.29.7
1288 silly packumentCache full:https://registry.npmjs.org/@babel%2fparser cache-miss
1289 silly fetch manifest @babel/types@^7.29.7
1290 silly packumentCache full:https://registry.npmjs.org/@babel%2ftypes cache-miss
1291 http cache https://registry.npmjs.org/@babel%2ftypes 19ms (cache hit)
1292 silly packumentCache full:https://registry.npmjs.org/@babel%2ftypes set size:496342 disposed:false
1293 silly fetch manifest @jridgewell/gen-mapping@^0.3.12
1294 silly packumentCache full:https://registry.npmjs.org/@jridgewell%2fgen-mapping cache-miss
1295 http cache https://registry.npmjs.org/@babel%2fparser 31ms (cache hit)
1296 silly packumentCache full:https://registry.npmjs.org/@babel%2fparser set size:730539 disposed:false
1297 silly fetch manifest @jridgewell/trace-mapping@^0.3.28
1298 silly packumentCache full:https://registry.npmjs.org/@jridgewell%2ftrace-mapping cache-miss
1299 http cache https://registry.npmjs.org/@babel%2ftemplate 38ms (cache hit)
1300 silly packumentCache full:https://registry.npmjs.org/@babel%2ftemplate set size:235045 disposed:false
1301 silly fetch manifest jsesc@^3.0.2
1302 silly packumentCache full:https://registry.npmjs.org/jsesc cache-miss
1303 http cache https://registry.npmjs.org/@babel%2ftypes 43ms (cache hit)
1304 silly packumentCache full:https://registry.npmjs.org/@babel%2ftypes set size:496342 disposed:false
1305 silly packumentCache full:https://registry.npmjs.org/@babel%2ftypes dispose
1306 silly fetch manifest @jridgewell/trace-mapping@^0.3.24
1307 silly packumentCache full:https://registry.npmjs.org/@jridgewell%2ftrace-mapping cache-miss
1308 http cache https://registry.npmjs.org/@babel%2ftraverse 53ms (cache hit)
1309 silly packumentCache full:https://registry.npmjs.org/@babel%2ftraverse set size:557773 disposed:false
1310 silly fetch manifest @jridgewell/sourcemap-codec@^1.5.0
1311 silly packumentCache full:https://registry.npmjs.org/@jridgewell%2fsourcemap-codec cache-miss
1312 http cache https://registry.npmjs.org/@babel%2fparser 57ms (cache hit)
1313 silly packumentCache full:https://registry.npmjs.org/@babel%2fparser set size:730539 disposed:false
1314 silly packumentCache full:https://registry.npmjs.org/@babel%2fparser dispose
1315 silly fetch manifest @jridgewell/trace-mapping@^0.3.24
1316 silly packumentCache full:https://registry.npmjs.org/@jridgewell%2ftrace-mapping cache-miss
1317 http cache https://registry.npmjs.org/@jridgewell%2fgen-mapping 46ms (cache hit)
1318 silly packumentCache full:https://registry.npmjs.org/@jridgewell%2fgen-mapping set size:75941 disposed:false
1319 silly fetch manifest baseline-browser-mapping@^2.10.12
1320 silly packumentCache full:https://registry.npmjs.org/baseline-browser-mapping cache-miss
1321 http cache https://registry.npmjs.org/@jridgewell%2fsourcemap-codec 23ms (cache hit)
1322 silly packumentCache full:https://registry.npmjs.org/@jridgewell%2fsourcemap-codec set size:51856 disposed:false
1323 silly fetch manifest caniuse-lite@^1.0.30001782
1324 silly packumentCache full:https://registry.npmjs.org/caniuse-lite cache-miss
1325 http fetch GET 200 https://registry.npmjs.org/convert-source-map 90ms (cache miss)
1326 silly packumentCache full:https://registry.npmjs.org/convert-source-map set size:undefined disposed:false
1327 silly fetch manifest electron-to-chromium@^1.5.328
1328 silly packumentCache full:https://registry.npmjs.org/electron-to-chromium cache-miss
1329 http fetch GET 200 https://registry.npmjs.org/gensync 108ms (cache miss)
1330 silly packumentCache full:https://registry.npmjs.org/gensync set size:undefined disposed:false
1331 silly fetch manifest node-releases@^2.0.36
1332 silly packumentCache full:https://registry.npmjs.org/node-releases cache-miss
1333 http fetch GET 200 https://registry.npmjs.org/@babel%2fhelpers 114ms (cache miss)
1334 silly packumentCache full:https://registry.npmjs.org/@babel%2fhelpers set size:undefined disposed:false
1335 silly fetch manifest update-browserslist-db@^1.2.3
1336 silly packumentCache full:https://registry.npmjs.org/update-browserslist-db cache-miss
1337 http fetch GET 200 https://registry.npmjs.org/@babel%2fhelper-module-transforms 124ms (cache miss)
1338 silly packumentCache full:https://registry.npmjs.org/@babel%2fhelper-module-transforms set size:undefined disposed:false
1339 silly fetch manifest hermes-estree@0.33.3
1340 silly packumentCache full:https://registry.npmjs.org/hermes-estree cache-miss
1341 http fetch GET 200 https://registry.npmjs.org/jsesc 94ms (cache miss)
1342 silly packumentCache full:https://registry.npmjs.org/jsesc set size:undefined disposed:false
1343 silly fetch manifest detect-libc@^2.0.3
1344 silly packumentCache full:https://registry.npmjs.org/detect-libc cache-miss
1345 http fetch GET 200 https://registry.npmjs.org/@babel%2fhelper-compilation-targets 156ms (cache miss)
1346 silly packumentCache full:https://registry.npmjs.org/@babel%2fhelper-compilation-targets set size:undefined disposed:false
1347 silly fetch manifest lightningcss-darwin-x64@1.32.0
1348 silly packumentCache full:https://registry.npmjs.org/lightningcss-darwin-x64 cache-miss
1349 http fetch GET 200 https://registry.npmjs.org/@jridgewell%2ftrace-mapping 127ms (cache miss)
1350 silly packumentCache full:https://registry.npmjs.org/@jridgewell%2ftrace-mapping set size:undefined disposed:false
1351 silly fetch manifest lightningcss-linux-x64-gnu@1.32.0
1352 silly packumentCache full:https://registry.npmjs.org/lightningcss-linux-x64-gnu cache-miss
1353 http fetch GET 200 https://registry.npmjs.org/@jridgewell%2ftrace-mapping 122ms (cache miss)
1354 silly packumentCache full:https://registry.npmjs.org/@jridgewell%2ftrace-mapping set size:undefined disposed:false
1355 silly fetch manifest lightningcss-win32-x64-msvc@1.32.0
1356 silly packumentCache full:https://registry.npmjs.org/lightningcss-win32-x64-msvc cache-miss
1357 http fetch GET 200 https://registry.npmjs.org/@jridgewell%2ftrace-mapping 115ms (cache miss)
1358 silly packumentCache full:https://registry.npmjs.org/@jridgewell%2ftrace-mapping set size:undefined disposed:false
1359 silly fetch manifest lightningcss-win32-arm64-msvc@1.32.0
1360 silly packumentCache full:https://registry.npmjs.org/lightningcss-win32-arm64-msvc cache-miss
1361 http fetch GET 200 https://registry.npmjs.org/baseline-browser-mapping 120ms (cache miss)
1362 silly packumentCache full:https://registry.npmjs.org/baseline-browser-mapping set size:undefined disposed:false
1363 silly fetch manifest lightningcss-darwin-arm64@1.32.0
1364 silly packumentCache full:https://registry.npmjs.org/lightningcss-darwin-arm64 cache-miss
1365 http fetch GET 200 https://registry.npmjs.org/node-releases 113ms (cache miss)
1366 silly packumentCache full:https://registry.npmjs.org/node-releases set size:undefined disposed:false
1367 silly fetch manifest lightningcss-linux-arm64-gnu@1.32.0
1368 silly packumentCache full:https://registry.npmjs.org/lightningcss-linux-arm64-gnu cache-miss
1369 http fetch GET 200 https://registry.npmjs.org/update-browserslist-db 121ms (cache miss)
1370 silly packumentCache full:https://registry.npmjs.org/update-browserslist-db set size:undefined disposed:false
1371 silly fetch manifest lightningcss-linux-arm-gnueabihf@1.32.0
1372 silly packumentCache full:https://registry.npmjs.org/lightningcss-linux-arm-gnueabihf cache-miss
1373 http fetch GET 200 https://registry.npmjs.org/detect-libc 107ms (cache miss)
1374 silly packumentCache full:https://registry.npmjs.org/detect-libc set size:undefined disposed:false
1375 silly fetch manifest lightningcss-linux-arm64-musl@1.32.0
1376 silly packumentCache full:https://registry.npmjs.org/lightningcss-linux-arm64-musl cache-miss
1377 http fetch GET 200 https://registry.npmjs.org/lightningcss-darwin-x64 111ms (cache miss)
1378 silly packumentCache full:https://registry.npmjs.org/lightningcss-darwin-x64 set size:undefined disposed:false
1379 silly fetch manifest lightningcss-linux-x64-musl@1.32.0
1380 silly packumentCache full:https://registry.npmjs.org/lightningcss-linux-x64-musl cache-miss
1381 http fetch GET 200 https://registry.npmjs.org/lightningcss-linux-x64-gnu 105ms (cache miss)
1382 silly packumentCache full:https://registry.npmjs.org/lightningcss-linux-x64-gnu set size:undefined disposed:false
1383 silly fetch manifest lightningcss-freebsd-x64@1.32.0
1384 silly packumentCache full:https://registry.npmjs.org/lightningcss-freebsd-x64 cache-miss
1385 http fetch GET 200 https://registry.npmjs.org/lightningcss-win32-x64-msvc 105ms (cache miss)
1386 silly packumentCache full:https://registry.npmjs.org/lightningcss-win32-x64-msvc set size:undefined disposed:false
1387 silly fetch manifest lightningcss-android-arm64@1.32.0
1388 silly packumentCache full:https://registry.npmjs.org/lightningcss-android-arm64 cache-miss
1389 http fetch GET 200 https://registry.npmjs.org/lightningcss-win32-arm64-msvc 100ms (cache miss)
1390 silly packumentCache full:https://registry.npmjs.org/lightningcss-win32-arm64-msvc set size:undefined disposed:false
1391 silly fetch manifest msgpackr-extract@^3.0.4
1392 silly packumentCache full:https://registry.npmjs.org/msgpackr-extract cache-miss
1393 http fetch GET 200 https://registry.npmjs.org/lightningcss-darwin-arm64 140ms (cache miss)
1394 silly packumentCache full:https://registry.npmjs.org/lightningcss-darwin-arm64 set size:undefined disposed:false
1395 silly fetch manifest nanoid@^3.3.12
1396 silly packumentCache full:https://registry.npmjs.org/nanoid cache-miss
1397 http fetch GET 200 https://registry.npmjs.org/lightningcss-linux-arm64-gnu 115ms (cache miss)
1398 silly packumentCache full:https://registry.npmjs.org/lightningcss-linux-arm64-gnu set size:undefined disposed:false
1399 silly fetch manifest source-map-js@^1.2.1
1400 silly packumentCache full:https://registry.npmjs.org/source-map-js cache-miss
1401 http fetch GET 200 https://registry.npmjs.org/lightningcss-linux-arm-gnueabihf 115ms (cache miss)
1402 silly packumentCache full:https://registry.npmjs.org/lightningcss-linux-arm-gnueabihf set size:undefined disposed:false
1403 http fetch GET 200 https://registry.npmjs.org/lightningcss-linux-arm64-musl 110ms (cache miss)
1404 silly packumentCache full:https://registry.npmjs.org/lightningcss-linux-arm64-musl set size:undefined disposed:false
1405 http fetch GET 200 https://registry.npmjs.org/lightningcss-linux-x64-musl 106ms (cache miss)
1406 silly packumentCache full:https://registry.npmjs.org/lightningcss-linux-x64-musl set size:undefined disposed:false
1407 http fetch GET 200 https://registry.npmjs.org/lightningcss-android-arm64 99ms (cache miss)
1408 silly packumentCache full:https://registry.npmjs.org/lightningcss-android-arm64 set size:undefined disposed:false
1409 http fetch GET 200 https://registry.npmjs.org/lightningcss-freebsd-x64 108ms (cache miss)
1410 silly packumentCache full:https://registry.npmjs.org/lightningcss-freebsd-x64 set size:undefined disposed:false
1411 http fetch GET 200 https://registry.npmjs.org/msgpackr-extract 103ms (cache miss)
1412 silly packumentCache full:https://registry.npmjs.org/msgpackr-extract set size:undefined disposed:false
1413 http fetch GET 200 https://registry.npmjs.org/hermes-estree 270ms (cache miss)
1414 silly packumentCache full:https://registry.npmjs.org/hermes-estree set size:undefined disposed:false
1415 http fetch GET 200 https://registry.npmjs.org/electron-to-chromium 304ms (cache miss)
1416 silly packumentCache full:https://registry.npmjs.org/electron-to-chromium set size:undefined disposed:false
1417 http fetch GET 200 https://registry.npmjs.org/source-map-js 101ms (cache miss)
1418 silly packumentCache full:https://registry.npmjs.org/source-map-js set size:undefined disposed:false
1419 http fetch GET 200 https://registry.npmjs.org/nanoid 110ms (cache miss)
1420 silly packumentCache full:https://registry.npmjs.org/nanoid set size:undefined disposed:false
1421 http fetch GET 200 https://registry.npmjs.org/caniuse-lite 430ms (cache miss)
1422 silly packumentCache full:https://registry.npmjs.org/caniuse-lite set size:undefined disposed:false
1423 silly fetch manifest @babel/core@^7.0.0
1424 silly packumentCache full:https://registry.npmjs.org/@babel%2fcore cache-hit
1425 silly placeDep ROOT @babel/helper-compilation-targets@7.29.7 OK for: @babel/core@7.29.7 want: ^7.29.7
1426 silly placeDep ROOT @babel/helper-module-transforms@7.29.7 OK for: @babel/core@7.29.7 want: ^7.29.7
1427 silly placeDep ROOT @babel/helpers@7.29.7 OK for: @babel/core@7.29.7 want: ^7.29.7
1428 silly placeDep ROOT @babel/parser@7.29.7 OK for: @babel/core@7.29.7 want: ^7.29.7
1429 silly placeDep ROOT @babel/template@7.29.7 OK for: @babel/core@7.29.7 want: ^7.29.7
1430 silly placeDep ROOT @babel/traverse@7.29.7 OK for: @babel/core@7.29.7 want: ^7.29.7
1431 silly placeDep ROOT @babel/types@7.29.7 OK for: @babel/core@7.29.7 want: ^7.29.7
1432 silly placeDep ROOT convert-source-map@2.0.0 OK for: @babel/core@7.29.7 want: ^2.0.0
1433 silly placeDep ROOT gensync@1.0.0-beta.2 OK for: @babel/core@7.29.7 want: ^1.0.0-beta.2
1434 silly placeDep node_modules/@babel/core semver@6.3.1 OK for: @babel/core@7.29.7 want: ^6.3.1
1435 silly fetch manifest @babel/compat-data@^7.29.7
1436 silly packumentCache full:https://registry.npmjs.org/@babel%2fcompat-data cache-miss
1437 silly fetch manifest @babel/helper-validator-option@^7.29.7
1438 silly packumentCache full:https://registry.npmjs.org/@babel%2fhelper-validator-option cache-miss
1439 silly fetch manifest lru-cache@^5.1.1
1440 silly packumentCache full:https://registry.npmjs.org/lru-cache cache-miss
1441 silly fetch manifest @babel/helper-module-imports@^7.29.7
1442 silly packumentCache full:https://registry.npmjs.org/@babel%2fhelper-module-imports cache-miss
1443 silly fetch manifest @babel/helper-globals@^7.29.7
1444 silly packumentCache full:https://registry.npmjs.org/@babel%2fhelper-globals cache-miss
1445 silly fetch manifest @babel/helper-string-parser@^7.29.7
1446 silly packumentCache full:https://registry.npmjs.org/@babel%2fhelper-string-parser cache-miss
1447 http cache https://registry.npmjs.org/@babel%2fhelper-module-imports 12ms (cache hit)
1448 silly packumentCache full:https://registry.npmjs.org/@babel%2fhelper-module-imports set size:201351 disposed:false
1449 http fetch GET 200 https://registry.npmjs.org/@babel%2fhelper-globals 95ms (cache miss)
1450 silly packumentCache full:https://registry.npmjs.org/@babel%2fhelper-globals set size:undefined disposed:false
1451 http fetch GET 200 https://registry.npmjs.org/@babel%2fhelper-validator-option 103ms (cache miss)
1452 silly packumentCache full:https://registry.npmjs.org/@babel%2fhelper-validator-option set size:undefined disposed:false
1453 http fetch GET 200 https://registry.npmjs.org/lru-cache 116ms (cache miss)
1454 silly packumentCache full:https://registry.npmjs.org/lru-cache set size:undefined disposed:false
1455 http fetch GET 200 https://registry.npmjs.org/@babel%2fhelper-string-parser 121ms (cache miss)
1456 silly packumentCache full:https://registry.npmjs.org/@babel%2fhelper-string-parser set size:undefined disposed:false
1457 http fetch GET 200 https://registry.npmjs.org/@babel%2fcompat-data 128ms (cache miss)
1458 silly packumentCache full:https://registry.npmjs.org/@babel%2fcompat-data set size:undefined disposed:false
1459 silly placeDep ROOT @jridgewell/trace-mapping@0.3.31 OK for: @babel/generator@7.29.7 want: ^0.3.28
1460 silly placeDep ROOT jsesc@3.1.0 OK for: @babel/generator@7.29.7 want: ^3.0.2
1461 silly fetch manifest @jridgewell/resolve-uri@^3.1.0
1462 silly packumentCache full:https://registry.npmjs.org/@jridgewell%2fresolve-uri cache-miss
1463 http fetch GET 200 https://registry.npmjs.org/@jridgewell%2fresolve-uri 160ms (cache miss)
1464 silly packumentCache full:https://registry.npmjs.org/@jridgewell%2fresolve-uri set size:undefined disposed:false
1465 silly placeDep ROOT @babel/compat-data@7.29.7 OK for: @babel/helper-compilation-targets@7.29.7 want: ^7.29.7
1466 silly placeDep ROOT @babel/helper-validator-option@7.29.7 OK for: @babel/helper-compilation-targets@7.29.7 want: ^7.29.7
1467 silly placeDep ROOT lru-cache@5.1.1 OK for: @babel/helper-compilation-targets@7.29.7 want: ^5.1.1
1468 silly placeDep node_modules/@babel/helper-compilation-targets semver@6.3.1 OK for: @babel/helper-compilation-targets@7.29.7 want: ^6.3.1
1469 silly fetch manifest yallist@^3.0.2
1470 silly packumentCache full:https://registry.npmjs.org/yallist cache-miss
1471 http fetch GET 200 https://registry.npmjs.org/yallist 83ms (cache miss)
1472 silly packumentCache full:https://registry.npmjs.org/yallist set size:undefined disposed:false
1473 silly placeDep ROOT @babel/helper-module-imports@7.29.7 OK for: @babel/helper-module-transforms@7.29.7 want: ^7.29.7
1474 silly placeDep ROOT @babel/helper-globals@7.29.7 OK for: @babel/traverse@7.29.7 want: ^7.29.7
1475 silly placeDep ROOT @babel/helper-string-parser@7.29.7 OK for: @babel/types@7.29.7 want: ^7.29.7
1476 silly placeDep ROOT @xmldom/xmldom@0.8.13 OK for: @expo/plist@0.7.0 want: ^0.8.8
1477 silly placeDep ROOT base64-js@1.5.1 OK for: @expo/plist@0.7.0 want: ^1.5.1
1478 silly placeDep ROOT xmlbuilder@15.1.1 OK for: @expo/plist@0.7.0 want: ^15.1.1
1479 silly placeDep ROOT @babel/plugin-transform-modules-commonjs@7.29.7 OK for: @expo/require-utils@56.1.3 want: ^7.24.8
1480 silly fetch manifest @babel/helper-plugin-utils@^7.29.7
1481 silly packumentCache full:https://registry.npmjs.org/@babel%2fhelper-plugin-utils cache-miss
1482 http fetch GET 200 https://registry.npmjs.org/@babel%2fhelper-plugin-utils 98ms (cache miss)
1483 silly packumentCache full:https://registry.npmjs.org/@babel%2fhelper-plugin-utils set size:undefined disposed:false
1484 silly placeDep ROOT @babel/helper-plugin-utils@7.29.7 OK for: @babel/plugin-transform-modules-commonjs@7.29.7 want: ^7.29.7
1485 silly placeDep ROOT cross-spawn@7.0.6 OK for: @expo/spawn-async@1.8.0 want: ^7.0.6
1486 silly fetch manifest which@^2.0.1
1487 silly packumentCache full:https://registry.npmjs.org/which cache-miss
1488 silly fetch manifest path-key@^3.1.0
1489 silly packumentCache full:https://registry.npmjs.org/path-key cache-miss
1490 silly fetch manifest shebang-command@^2.0.0
1491 silly packumentCache full:https://registry.npmjs.org/shebang-command cache-miss
1492 http fetch GET 200 https://registry.npmjs.org/shebang-command 80ms (cache miss)
1493 silly packumentCache full:https://registry.npmjs.org/shebang-command set size:undefined disposed:false
1494 http fetch GET 200 https://registry.npmjs.org/path-key 81ms (cache miss)
1495 silly packumentCache full:https://registry.npmjs.org/path-key set size:undefined disposed:false
1496 http fetch GET 200 https://registry.npmjs.org/which 116ms (cache miss)
1497 silly packumentCache full:https://registry.npmjs.org/which set size:undefined disposed:false
1498 silly placeDep ROOT @jridgewell/resolve-uri@3.1.2 OK for: @jridgewell/trace-mapping@0.3.31 want: ^3.1.0
1499 silly fetch manifest @babel/core@^7.0.0-0
1500 silly packumentCache full:https://registry.npmjs.org/@babel%2fcore cache-hit
1501 silly fetch manifest @babel/core@^7.12.0
1502 silly packumentCache full:https://registry.npmjs.org/@babel%2fcore cache-hit
1503 silly placeDep ROOT @babel/plugin-proposal-decorators@7.29.7 OK for: babel-preset-expo@56.0.14 want: ^7.12.9
1504 silly placeDep ROOT @babel/plugin-proposal-export-default-from@7.29.7 OK for: babel-preset-expo@56.0.14 want: ^7.24.7
1505 silly placeDep ROOT @babel/plugin-syntax-dynamic-import@7.8.3 OK for: babel-preset-expo@56.0.14 want: ^7.8.3
1506 silly placeDep ROOT @babel/plugin-syntax-export-default-from@7.29.7 OK for: babel-preset-expo@56.0.14 want: ^7.24.7
1507 silly placeDep ROOT @babel/plugin-syntax-nullish-coalescing-operator@7.8.3 OK for: babel-preset-expo@56.0.14 want: ^7.8.3
1508 silly placeDep ROOT @babel/plugin-syntax-optional-chaining@7.8.3 OK for: babel-preset-expo@56.0.14 want: ^7.8.3
1509 silly placeDep ROOT @babel/plugin-transform-async-generator-functions@7.29.7 OK for: babel-preset-expo@56.0.14 want: ^7.25.4
1510 silly placeDep ROOT @babel/plugin-transform-async-to-generator@7.29.7 OK for: babel-preset-expo@56.0.14 want: ^7.24.7
1511 silly placeDep ROOT @babel/plugin-transform-block-scoping@7.29.7 OK for: babel-preset-expo@56.0.14 want: ^7.25.0
1512 silly placeDep ROOT @babel/plugin-transform-class-properties@7.29.7 OK for: babel-preset-expo@56.0.14 want: ^7.25.4
1513 silly placeDep ROOT @babel/plugin-transform-class-static-block@7.29.7 OK for: babel-preset-expo@56.0.14 want: ^7.27.1
1514 silly placeDep ROOT @babel/plugin-transform-classes@7.29.7 OK for: babel-preset-expo@56.0.14 want: ^7.25.4
1515 silly placeDep ROOT @babel/plugin-transform-destructuring@7.29.7 OK for: babel-preset-expo@56.0.14 want: ^7.24.8
1516 silly placeDep ROOT @babel/plugin-transform-export-namespace-from@7.29.7 OK for: babel-preset-expo@56.0.14 want: ^7.25.9
1517 silly placeDep ROOT @babel/plugin-transform-flow-strip-types@7.29.7 OK for: babel-preset-expo@56.0.14 want: ^7.25.2
1518 silly placeDep ROOT @babel/plugin-transform-for-of@7.29.7 OK for: babel-preset-expo@56.0.14 want: ^7.24.7
1519 silly placeDep ROOT @babel/plugin-transform-logical-assignment-operators@7.29.7 OK for: babel-preset-expo@56.0.14 want: ^7.24.7
1520 silly placeDep ROOT @babel/plugin-transform-named-capturing-groups-regex@7.29.7 OK for: babel-preset-expo@56.0.14 want: ^7.24.7
1521 silly placeDep ROOT @babel/plugin-transform-nullish-coalescing-operator@7.29.7 OK for: babel-preset-expo@56.0.14 want: ^7.24.7
1522 silly placeDep ROOT @babel/plugin-transform-object-rest-spread@7.29.7 OK for: babel-preset-expo@56.0.14 want: ^7.24.7
1523 silly placeDep ROOT @babel/plugin-transform-optional-catch-binding@7.29.7 OK for: babel-preset-expo@56.0.14 want: ^7.24.7
1524 silly placeDep ROOT @babel/plugin-transform-optional-chaining@7.29.7 OK for: babel-preset-expo@56.0.14 want: ^7.24.8
1525 silly placeDep ROOT @babel/plugin-transform-parameters@7.29.7 OK for: babel-preset-expo@56.0.14 want: ^7.24.7
1526 silly placeDep ROOT @babel/plugin-transform-private-methods@7.29.7 OK for: babel-preset-expo@56.0.14 want: ^7.24.7
1527 silly placeDep ROOT @babel/plugin-transform-private-property-in-object@7.29.7 OK for: babel-preset-expo@56.0.14 want: ^7.24.7
1528 silly placeDep ROOT @babel/plugin-transform-react-display-name@7.29.7 OK for: babel-preset-expo@56.0.14 want: ^7.24.7
1529 silly placeDep ROOT @babel/plugin-transform-react-jsx@7.29.7 OK for: babel-preset-expo@56.0.14 want: ^7.28.6
1530 silly placeDep ROOT @babel/plugin-transform-react-jsx-development@7.29.7 OK for: babel-preset-expo@56.0.14 want: ^7.27.1
1531 silly placeDep ROOT @babel/plugin-transform-react-pure-annotations@7.29.7 OK for: babel-preset-expo@56.0.14 want: ^7.27.1
1532 silly placeDep ROOT @babel/plugin-transform-runtime@7.29.7 OK for: babel-preset-expo@56.0.14 want: ^7.24.7
1533 silly placeDep ROOT @babel/plugin-transform-typescript@7.29.7 OK for: babel-preset-expo@56.0.14 want: ^7.25.2
1534 silly placeDep ROOT @babel/plugin-transform-unicode-regex@7.29.7 OK for: babel-preset-expo@56.0.14 want: ^7.24.7
1535 silly placeDep ROOT @babel/preset-typescript@7.29.7 OK for: babel-preset-expo@56.0.14 want: ^7.23.0
1536 silly placeDep ROOT @react-native/babel-plugin-codegen@0.85.3 OK for: babel-preset-expo@56.0.14 want: 0.85.3
1537 silly placeDep ROOT babel-plugin-react-compiler@1.0.0 OK for: babel-preset-expo@56.0.14 want: ^1.0.0
1538 silly placeDep ROOT babel-plugin-react-native-web@0.21.2 OK for: babel-preset-expo@56.0.14 want: ~0.21.0
1539 silly placeDep ROOT babel-plugin-syntax-hermes-parser@0.33.3 OK for: babel-preset-expo@56.0.14 want: ^0.33.3
1540 silly placeDep ROOT babel-plugin-transform-flow-enums@0.0.2 OK for: babel-preset-expo@56.0.14 want: ^0.0.2
1541 silly fetch manifest @babel/helper-create-class-features-plugin@^7.29.7
1542 silly packumentCache full:https://registry.npmjs.org/@babel%2fhelper-create-class-features-plugin cache-miss
1543 silly fetch manifest @babel/plugin-syntax-decorators@^7.29.7
1544 silly packumentCache full:https://registry.npmjs.org/@babel%2fplugin-syntax-decorators cache-miss
1545 silly fetch manifest @babel/helper-remap-async-to-generator@^7.29.7
1546 silly packumentCache full:https://registry.npmjs.org/@babel%2fhelper-remap-async-to-generator cache-miss
1547 silly fetch manifest @babel/helper-remap-async-to-generator@^7.29.7
1548 silly packumentCache full:https://registry.npmjs.org/@babel%2fhelper-remap-async-to-generator cache-miss
1549 silly fetch manifest @babel/helper-create-class-features-plugin@^7.29.7
1550 silly packumentCache full:https://registry.npmjs.org/@babel%2fhelper-create-class-features-plugin cache-miss
1551 silly fetch manifest @babel/helper-create-class-features-plugin@^7.29.7
1552 silly packumentCache full:https://registry.npmjs.org/@babel%2fhelper-create-class-features-plugin cache-miss
1553 silly fetch manifest @babel/helper-annotate-as-pure@^7.29.7
1554 silly packumentCache full:https://registry.npmjs.org/@babel%2fhelper-annotate-as-pure cache-miss
1555 silly fetch manifest @babel/helper-replace-supers@^7.29.7
1556 silly packumentCache full:https://registry.npmjs.org/@babel%2fhelper-replace-supers cache-miss
1557 silly fetch manifest @babel/plugin-syntax-flow@^7.29.7
1558 silly packumentCache full:https://registry.npmjs.org/@babel%2fplugin-syntax-flow cache-miss
1559 silly fetch manifest @babel/helper-skip-transparent-expression-wrappers@^7.29.7
1560 silly packumentCache full:https://registry.npmjs.org/@babel%2fhelper-skip-transparent-expression-wrappers cache-miss
1561 silly fetch manifest @babel/helper-create-regexp-features-plugin@^7.29.7
1562 silly packumentCache full:https://registry.npmjs.org/@babel%2fhelper-create-regexp-features-plugin cache-miss
1563 http fetch GET 200 https://registry.npmjs.org/@babel%2fhelper-remap-async-to-generator 156ms (cache miss)
1564 silly packumentCache full:https://registry.npmjs.org/@babel%2fhelper-remap-async-to-generator set size:undefined disposed:false
1565 silly fetch manifest @babel/plugin-transform-parameters@^7.29.7
1566 silly packumentCache full:https://registry.npmjs.org/@babel%2fplugin-transform-parameters cache-miss
1567 http fetch GET 200 https://registry.npmjs.org/@babel%2fhelper-remap-async-to-generator 161ms (cache miss)
1568 silly packumentCache full:https://registry.npmjs.org/@babel%2fhelper-remap-async-to-generator set size:undefined disposed:false
1569 silly fetch manifest @babel/helper-skip-transparent-expression-wrappers@^7.29.7
1570 silly packumentCache full:https://registry.npmjs.org/@babel%2fhelper-skip-transparent-expression-wrappers cache-miss
1571 http fetch GET 200 https://registry.npmjs.org/@babel%2fplugin-syntax-decorators 167ms (cache miss)
1572 silly packumentCache full:https://registry.npmjs.org/@babel%2fplugin-syntax-decorators set size:undefined disposed:false
1573 silly fetch manifest @babel/helper-create-class-features-plugin@^7.29.7
1574 silly packumentCache full:https://registry.npmjs.org/@babel%2fhelper-create-class-features-plugin cache-miss
1575 http fetch GET 200 https://registry.npmjs.org/@babel%2fhelper-annotate-as-pure 170ms (cache miss)
1576 silly packumentCache full:https://registry.npmjs.org/@babel%2fhelper-annotate-as-pure set size:undefined disposed:false
1577 silly fetch manifest @babel/helper-create-class-features-plugin@^7.29.7
1578 silly packumentCache full:https://registry.npmjs.org/@babel%2fhelper-create-class-features-plugin cache-miss
1579 http fetch GET 200 https://registry.npmjs.org/@babel%2fplugin-syntax-flow 174ms (cache miss)
1580 silly packumentCache full:https://registry.npmjs.org/@babel%2fplugin-syntax-flow set size:undefined disposed:false
1581 silly fetch manifest @babel/plugin-syntax-jsx@^7.29.7
1582 silly packumentCache full:https://registry.npmjs.org/@babel%2fplugin-syntax-jsx cache-miss
1583 http fetch GET 200 https://registry.npmjs.org/@babel%2fhelper-create-regexp-features-plugin 177ms (cache miss)
1584 silly packumentCache full:https://registry.npmjs.org/@babel%2fhelper-create-regexp-features-plugin set size:undefined disposed:false
1585 silly fetch manifest babel-plugin-polyfill-corejs2@^0.4.14
1586 silly packumentCache full:https://registry.npmjs.org/babel-plugin-polyfill-corejs2 cache-miss
1587 http fetch GET 200 https://registry.npmjs.org/@babel%2fhelper-replace-supers 185ms (cache miss)
1588 silly packumentCache full:https://registry.npmjs.org/@babel%2fhelper-replace-supers set size:undefined disposed:false
1589 silly fetch manifest babel-plugin-polyfill-corejs3@^0.13.0
1590 silly packumentCache full:https://registry.npmjs.org/babel-plugin-polyfill-corejs3 cache-miss
1591 http fetch GET 200 https://registry.npmjs.org/@babel%2fhelper-create-class-features-plugin 192ms (cache miss)
1592 silly packumentCache full:https://registry.npmjs.org/@babel%2fhelper-create-class-features-plugin set size:undefined disposed:false
1593 silly fetch manifest babel-plugin-polyfill-regenerator@^0.6.5
1594 silly packumentCache full:https://registry.npmjs.org/babel-plugin-polyfill-regenerator cache-miss
1595 http cache https://registry.npmjs.org/@babel%2fplugin-transform-parameters 37ms (cache hit)
1596 silly packumentCache full:https://registry.npmjs.org/@babel%2fplugin-transform-parameters set size:277891 disposed:false
1597 silly fetch manifest @babel/helper-skip-transparent-expression-wrappers@^7.29.7
1598 silly packumentCache full:https://registry.npmjs.org/@babel%2fhelper-skip-transparent-expression-wrappers cache-miss
1599 http fetch GET 200 https://registry.npmjs.org/@babel%2fhelper-create-class-features-plugin 200ms (cache miss)
1600 silly packumentCache full:https://registry.npmjs.org/@babel%2fhelper-create-class-features-plugin set size:undefined disposed:false
1601 silly fetch manifest @babel/plugin-syntax-typescript@^7.29.7
1602 silly packumentCache full:https://registry.npmjs.org/@babel%2fplugin-syntax-typescript cache-miss
1603 http fetch GET 200 https://registry.npmjs.org/@babel%2fhelper-create-class-features-plugin 203ms (cache miss)
1604 silly packumentCache full:https://registry.npmjs.org/@babel%2fhelper-create-class-features-plugin set size:undefined disposed:false
1605 silly fetch manifest @babel/plugin-syntax-jsx@^7.29.7
1606 silly packumentCache full:https://registry.npmjs.org/@babel%2fplugin-syntax-jsx cache-miss
1607 http fetch GET 200 https://registry.npmjs.org/babel-plugin-polyfill-corejs2 106ms (cache miss)
1608 silly packumentCache full:https://registry.npmjs.org/babel-plugin-polyfill-corejs2 set size:undefined disposed:false
1609 silly fetch manifest @babel/plugin-syntax-flow@^7.12.1
1610 silly packumentCache full:https://registry.npmjs.org/@babel%2fplugin-syntax-flow cache-miss
1611 http fetch GET 200 https://registry.npmjs.org/@babel%2fplugin-syntax-jsx 119ms (cache miss)
1612 silly packumentCache full:https://registry.npmjs.org/@babel%2fplugin-syntax-jsx set size:undefined disposed:false
1613 http fetch GET 200 https://registry.npmjs.org/babel-plugin-polyfill-regenerator 108ms (cache miss)
1614 silly packumentCache full:https://registry.npmjs.org/babel-plugin-polyfill-regenerator set size:undefined disposed:false
1615 http fetch GET 200 https://registry.npmjs.org/@babel%2fhelper-create-class-features-plugin 140ms (cache miss)
1616 silly packumentCache full:https://registry.npmjs.org/@babel%2fhelper-create-class-features-plugin set size:undefined disposed:false
1617 http fetch GET 200 https://registry.npmjs.org/babel-plugin-polyfill-corejs3 123ms (cache miss)
1618 silly packumentCache full:https://registry.npmjs.org/babel-plugin-polyfill-corejs3 set size:undefined disposed:false
1619 http fetch GET 200 https://registry.npmjs.org/@babel%2fhelper-create-class-features-plugin 142ms (cache miss)
1620 silly packumentCache full:https://registry.npmjs.org/@babel%2fhelper-create-class-features-plugin set size:undefined disposed:false
1621 http cache https://registry.npmjs.org/@babel%2fplugin-syntax-flow 30ms (cache hit)
1622 silly packumentCache full:https://registry.npmjs.org/@babel%2fplugin-syntax-flow set size:196884 disposed:false
1623 http fetch GET 200 https://registry.npmjs.org/@babel%2fhelper-skip-transparent-expression-wrappers 326ms (cache miss)
1624 silly packumentCache full:https://registry.npmjs.org/@babel%2fhelper-skip-transparent-expression-wrappers set size:undefined disposed:false
1625 http fetch GET 200 https://registry.npmjs.org/@babel%2fhelper-skip-transparent-expression-wrappers 168ms (cache miss)
1626 silly packumentCache full:https://registry.npmjs.org/@babel%2fhelper-skip-transparent-expression-wrappers set size:undefined disposed:false
1627 http fetch GET 200 https://registry.npmjs.org/@babel%2fhelper-skip-transparent-expression-wrappers 134ms (cache miss)
1628 silly packumentCache full:https://registry.npmjs.org/@babel%2fhelper-skip-transparent-expression-wrappers set size:undefined disposed:false
1629 http fetch GET 200 https://registry.npmjs.org/@babel%2fplugin-syntax-jsx 128ms (cache miss)
1630 silly packumentCache full:https://registry.npmjs.org/@babel%2fplugin-syntax-jsx set size:undefined disposed:false
1631 http fetch GET 200 https://registry.npmjs.org/@babel%2fplugin-syntax-typescript 291ms (cache miss)
1632 silly packumentCache full:https://registry.npmjs.org/@babel%2fplugin-syntax-typescript set size:undefined disposed:false
1633 silly placeDep ROOT @babel/helper-create-class-features-plugin@7.29.7 OK for: @babel/plugin-proposal-decorators@7.29.7 want: ^7.29.7
1634 silly placeDep ROOT @babel/plugin-syntax-decorators@7.29.7 OK for: @babel/plugin-proposal-decorators@7.29.7 want: ^7.29.7
1635 silly fetch manifest @babel/helper-member-expression-to-functions@^7.29.7
1636 silly packumentCache full:https://registry.npmjs.org/@babel%2fhelper-member-expression-to-functions cache-miss
1637 silly fetch manifest @babel/helper-optimise-call-expression@^7.29.7
1638 silly packumentCache full:https://registry.npmjs.org/@babel%2fhelper-optimise-call-expression cache-miss
1639 http fetch GET 200 https://registry.npmjs.org/@babel%2fhelper-optimise-call-expression 100ms (cache miss)
1640 silly packumentCache full:https://registry.npmjs.org/@babel%2fhelper-optimise-call-expression set size:undefined disposed:false
1641 http fetch GET 200 https://registry.npmjs.org/@babel%2fhelper-member-expression-to-functions 102ms (cache miss)
1642 silly packumentCache full:https://registry.npmjs.org/@babel%2fhelper-member-expression-to-functions set size:undefined disposed:false
1643 silly placeDep ROOT @babel/helper-annotate-as-pure@7.29.7 OK for: @babel/helper-create-class-features-plugin@7.29.7 want: ^7.29.7
1644 silly placeDep ROOT @babel/helper-member-expression-to-functions@7.29.7 OK for: @babel/helper-create-class-features-plugin@7.29.7 want: ^7.29.7
1645 silly placeDep ROOT @babel/helper-optimise-call-expression@7.29.7 OK for: @babel/helper-create-class-features-plugin@7.29.7 want: ^7.29.7
1646 silly placeDep ROOT @babel/helper-replace-supers@7.29.7 OK for: @babel/helper-create-class-features-plugin@7.29.7 want: ^7.29.7
1647 silly placeDep ROOT @babel/helper-skip-transparent-expression-wrappers@7.29.7 OK for: @babel/helper-create-class-features-plugin@7.29.7 want: ^7.29.7
1648 silly placeDep node_modules/@babel/helper-create-class-features-plugin semver@6.3.1 OK for: @babel/helper-create-class-features-plugin@7.29.7 want: ^6.3.1
1649 silly placeDep ROOT @babel/helper-remap-async-to-generator@7.29.7 OK for: @babel/plugin-transform-async-generator-functions@7.29.7 want: ^7.29.7
1650 silly fetch manifest @babel/helper-wrap-function@^7.29.7
1651 silly packumentCache full:https://registry.npmjs.org/@babel%2fhelper-wrap-function cache-miss
1652 http fetch GET 200 https://registry.npmjs.org/@babel%2fhelper-wrap-function 96ms (cache miss)
1653 silly packumentCache full:https://registry.npmjs.org/@babel%2fhelper-wrap-function set size:undefined disposed:false
1654 silly placeDep ROOT @babel/helper-wrap-function@7.29.7 OK for: @babel/helper-remap-async-to-generator@7.29.7 want: ^7.29.7
1655 silly placeDep ROOT @babel/plugin-syntax-flow@7.29.7 OK for: @babel/plugin-transform-flow-strip-types@7.29.7 want: ^7.29.7
1656 silly placeDep ROOT @babel/helper-create-regexp-features-plugin@7.29.7 OK for: @babel/plugin-transform-named-capturing-groups-regex@7.29.7 want: ^7.29.7
1657 silly fetch manifest regexpu-core@^6.3.1
1658 silly packumentCache full:https://registry.npmjs.org/regexpu-core cache-miss
1659 http fetch GET 200 https://registry.npmjs.org/regexpu-core 85ms (cache miss)
1660 silly packumentCache full:https://registry.npmjs.org/regexpu-core set size:undefined disposed:false
1661 silly placeDep ROOT regexpu-core@6.4.0 OK for: @babel/helper-create-regexp-features-plugin@7.29.7 want: ^6.3.1
1662 silly placeDep node_modules/@babel/helper-create-regexp-features-plugin semver@6.3.1 OK for: @babel/helper-create-regexp-features-plugin@7.29.7 want: ^6.3.1
1663 silly fetch manifest regenerate@^1.4.2
1664 silly packumentCache full:https://registry.npmjs.org/regenerate cache-miss
1665 silly fetch manifest regenerate-unicode-properties@^10.2.2
1666 silly packumentCache full:https://registry.npmjs.org/regenerate-unicode-properties cache-miss
1667 silly fetch manifest regjsgen@^0.8.0
1668 silly packumentCache full:https://registry.npmjs.org/regjsgen cache-miss
1669 silly fetch manifest regjsparser@^0.13.0
1670 silly packumentCache full:https://registry.npmjs.org/regjsparser cache-miss
1671 silly fetch manifest unicode-match-property-ecmascript@^2.0.0
1672 silly packumentCache full:https://registry.npmjs.org/unicode-match-property-ecmascript cache-miss
1673 silly fetch manifest unicode-match-property-value-ecmascript@^2.2.1
1674 silly packumentCache full:https://registry.npmjs.org/unicode-match-property-value-ecmascript cache-miss
1675 http fetch GET 200 https://registry.npmjs.org/regenerate 94ms (cache miss)
1676 silly packumentCache full:https://registry.npmjs.org/regenerate set size:undefined disposed:false
1677 http fetch GET 200 https://registry.npmjs.org/regjsgen 96ms (cache miss)
1678 silly packumentCache full:https://registry.npmjs.org/regjsgen set size:undefined disposed:false
1679 http fetch GET 200 https://registry.npmjs.org/unicode-match-property-ecmascript 98ms (cache miss)
1680 silly packumentCache full:https://registry.npmjs.org/unicode-match-property-ecmascript set size:undefined disposed:false
1681 http fetch GET 200 https://registry.npmjs.org/regenerate-unicode-properties 101ms (cache miss)
1682 silly packumentCache full:https://registry.npmjs.org/regenerate-unicode-properties set size:undefined disposed:false
1683 http fetch GET 200 https://registry.npmjs.org/regjsparser 101ms (cache miss)
1684 silly packumentCache full:https://registry.npmjs.org/regjsparser set size:undefined disposed:false
1685 http fetch GET 200 https://registry.npmjs.org/unicode-match-property-value-ecmascript 106ms (cache miss)
1686 silly packumentCache full:https://registry.npmjs.org/unicode-match-property-value-ecmascript set size:undefined disposed:false
1687 silly placeDep ROOT @babel/plugin-syntax-jsx@7.29.7 OK for: @babel/plugin-transform-react-jsx@7.29.7 want: ^7.29.7
1688 silly placeDep ROOT babel-plugin-polyfill-corejs2@0.4.17 OK for: @babel/plugin-transform-runtime@7.29.7 want: ^0.4.14
1689 silly placeDep ROOT babel-plugin-polyfill-corejs3@0.13.0 OK for: @babel/plugin-transform-runtime@7.29.7 want: ^0.13.0
1690 silly placeDep ROOT babel-plugin-polyfill-regenerator@0.6.8 OK for: @babel/plugin-transform-runtime@7.29.7 want: ^0.6.5
1691 silly placeDep node_modules/@babel/plugin-transform-runtime semver@6.3.1 OK for: @babel/plugin-transform-runtime@7.29.7 want: ^6.3.1
1692 silly fetch manifest @babel/helper-define-polyfill-provider@^0.6.8
1693 silly packumentCache full:https://registry.npmjs.org/@babel%2fhelper-define-polyfill-provider cache-miss
1694 silly fetch manifest core-js-compat@^3.43.0
1695 silly packumentCache full:https://registry.npmjs.org/core-js-compat cache-miss
1696 silly fetch manifest @babel/helper-define-polyfill-provider@^0.6.5
1697 silly packumentCache full:https://registry.npmjs.org/@babel%2fhelper-define-polyfill-provider cache-miss
1698 silly fetch manifest @babel/helper-define-polyfill-provider@^0.6.8
1699 silly packumentCache full:https://registry.npmjs.org/@babel%2fhelper-define-polyfill-provider cache-miss
1700 http fetch GET 200 https://registry.npmjs.org/@babel%2fhelper-define-polyfill-provider 106ms (cache miss)
1701 silly packumentCache full:https://registry.npmjs.org/@babel%2fhelper-define-polyfill-provider set size:undefined disposed:false
1702 http fetch GET 200 https://registry.npmjs.org/@babel%2fhelper-define-polyfill-provider 109ms (cache miss)
1703 silly packumentCache full:https://registry.npmjs.org/@babel%2fhelper-define-polyfill-provider set size:undefined disposed:false
1704 http fetch GET 200 https://registry.npmjs.org/core-js-compat 112ms (cache miss)
1705 silly packumentCache full:https://registry.npmjs.org/core-js-compat set size:undefined disposed:false
1706 http fetch GET 200 https://registry.npmjs.org/@babel%2fhelper-define-polyfill-provider 124ms (cache miss)
1707 silly packumentCache full:https://registry.npmjs.org/@babel%2fhelper-define-polyfill-provider set size:undefined disposed:false
1708 silly placeDep ROOT @babel/plugin-syntax-typescript@7.29.7 OK for: @babel/plugin-transform-typescript@7.29.7 want: ^7.29.7
1709 silly placeDep ROOT @react-native/codegen@0.85.3 OK for: @react-native/babel-plugin-codegen@0.85.3 want: 0.85.3
1710 silly placeDep ROOT invariant@2.2.4 OK for: @react-native/codegen@0.85.3 want: ^2.2.4
1711 silly placeDep ROOT nullthrows@1.1.1 OK for: @react-native/codegen@0.85.3 want: ^1.1.1
1712 silly placeDep ROOT tinyglobby@0.2.17 OK for: @react-native/codegen@0.85.3 want: ^0.2.15
1713 silly placeDep ROOT yargs@17.7.2 OK for: @react-native/codegen@0.85.3 want: ^17.6.2
1714 silly fetch manifest loose-envify@^1.0.0
1715 silly packumentCache full:https://registry.npmjs.org/loose-envify cache-miss
1716 silly fetch manifest fdir@^6.5.0
1717 silly packumentCache full:https://registry.npmjs.org/fdir cache-miss
1718 silly fetch manifest y18n@^5.0.5
1719 silly packumentCache full:https://registry.npmjs.org/y18n cache-miss
1720 silly fetch manifest cliui@^8.0.1
1721 silly packumentCache full:https://registry.npmjs.org/cliui cache-miss
1722 silly fetch manifest escalade@^3.1.1
1723 silly packumentCache full:https://registry.npmjs.org/escalade cache-miss
1724 silly fetch manifest string-width@^4.2.3
1725 silly packumentCache full:https://registry.npmjs.org/string-width cache-miss
1726 silly fetch manifest yargs-parser@^21.1.1
1727 silly packumentCache full:https://registry.npmjs.org/yargs-parser cache-miss
1728 silly fetch manifest get-caller-file@^2.0.5
1729 silly packumentCache full:https://registry.npmjs.org/get-caller-file cache-miss
1730 silly fetch manifest require-directory@^2.1.1
1731 silly packumentCache full:https://registry.npmjs.org/require-directory cache-miss
1732 http fetch GET 200 https://registry.npmjs.org/loose-envify 121ms (cache miss)
1733 silly packumentCache full:https://registry.npmjs.org/loose-envify set size:undefined disposed:false
1734 http fetch GET 200 https://registry.npmjs.org/require-directory 156ms (cache miss)
1735 silly packumentCache full:https://registry.npmjs.org/require-directory set size:undefined disposed:false
1736 http fetch GET 200 https://registry.npmjs.org/escalade 158ms (cache miss)
1737 silly packumentCache full:https://registry.npmjs.org/escalade set size:undefined disposed:false
1738 http fetch GET 200 https://registry.npmjs.org/get-caller-file 159ms (cache miss)
1739 silly packumentCache full:https://registry.npmjs.org/get-caller-file set size:undefined disposed:false
1740 http fetch GET 200 https://registry.npmjs.org/string-width 161ms (cache miss)
1741 silly packumentCache full:https://registry.npmjs.org/string-width set size:undefined disposed:false
1742 http fetch GET 200 https://registry.npmjs.org/fdir 169ms (cache miss)
1743 silly packumentCache full:https://registry.npmjs.org/fdir set size:undefined disposed:false
1744 http fetch GET 200 https://registry.npmjs.org/y18n 180ms (cache miss)
1745 silly packumentCache full:https://registry.npmjs.org/y18n set size:undefined disposed:false
1746 http fetch GET 200 https://registry.npmjs.org/cliui 182ms (cache miss)
1747 silly packumentCache full:https://registry.npmjs.org/cliui set size:undefined disposed:false
1748 http fetch GET 200 https://registry.npmjs.org/yargs-parser 188ms (cache miss)
1749 silly packumentCache full:https://registry.npmjs.org/yargs-parser set size:undefined disposed:false
1750 silly fetch manifest @babel/core@^7.4.0 || ^8.0.0-0 <8.0.0
1751 silly packumentCache full:https://registry.npmjs.org/@babel%2fcore cache-hit
1752 silly placeDep ROOT @babel/helper-define-polyfill-provider@0.6.8 OK for: babel-plugin-polyfill-corejs2@0.4.17 want: ^0.6.8
1753 silly placeDep node_modules/babel-plugin-polyfill-corejs2 semver@6.3.1 OK for: babel-plugin-polyfill-corejs2@0.4.17 want: ^6.3.1
1754 silly fetch manifest resolve@^1.22.11
1755 silly packumentCache full:https://registry.npmjs.org/resolve cache-miss
1756 silly fetch manifest lodash.debounce@^4.0.8
1757 silly packumentCache full:https://registry.npmjs.org/lodash.debounce cache-miss
1758 http fetch GET 200 https://registry.npmjs.org/resolve 90ms (cache miss)
1759 silly packumentCache full:https://registry.npmjs.org/resolve set size:undefined disposed:false
1760 http fetch GET 200 https://registry.npmjs.org/lodash.debounce 108ms (cache miss)
1761 silly packumentCache full:https://registry.npmjs.org/lodash.debounce set size:undefined disposed:false
1762 silly placeDep ROOT lodash.debounce@4.0.8 OK for: @babel/helper-define-polyfill-provider@0.6.8 want: ^4.0.8
1763 silly placeDep ROOT resolve@1.22.12 OK for: @babel/helper-define-polyfill-provider@0.6.8 want: ^1.22.11
1764 silly fetch manifest es-errors@^1.3.0
1765 silly packumentCache full:https://registry.npmjs.org/es-errors cache-miss
1766 silly fetch manifest path-parse@^1.0.7
1767 silly packumentCache full:https://registry.npmjs.org/path-parse cache-miss
1768 silly fetch manifest is-core-module@^2.16.1
1769 silly packumentCache full:https://registry.npmjs.org/is-core-module cache-miss
1770 silly fetch manifest supports-preserve-symlinks-flag@^1.0.0
1771 silly packumentCache full:https://registry.npmjs.org/supports-preserve-symlinks-flag cache-miss
1772 http fetch GET 200 https://registry.npmjs.org/path-parse 91ms (cache miss)
1773 silly packumentCache full:https://registry.npmjs.org/path-parse set size:undefined disposed:false
1774 http fetch GET 200 https://registry.npmjs.org/es-errors 93ms (cache miss)
1775 silly packumentCache full:https://registry.npmjs.org/es-errors set size:undefined disposed:false
1776 http fetch GET 200 https://registry.npmjs.org/supports-preserve-symlinks-flag 93ms (cache miss)
1777 silly packumentCache full:https://registry.npmjs.org/supports-preserve-symlinks-flag set size:undefined disposed:false
1778 http fetch GET 200 https://registry.npmjs.org/is-core-module 98ms (cache miss)
1779 silly packumentCache full:https://registry.npmjs.org/is-core-module set size:undefined disposed:false
1780 silly placeDep ROOT core-js-compat@3.49.0 OK for: babel-plugin-polyfill-corejs3@0.13.0 want: ^3.43.0
1781 silly fetch manifest browserslist@>= 4.21.0
1782 silly packumentCache full:https://registry.npmjs.org/browserslist cache-miss
1783 http cache https://registry.npmjs.org/browserslist 15ms (cache hit)
1784 silly packumentCache full:https://registry.npmjs.org/browserslist set size:504681 disposed:false
1785 silly placeDep ROOT baseline-browser-mapping@2.10.35 OK for: browserslist@4.28.2 want: ^2.10.12
1786 silly placeDep ROOT caniuse-lite@1.0.30001797 OK for: browserslist@4.28.2 want: ^1.0.30001782
1787 silly placeDep ROOT electron-to-chromium@1.5.371 OK for: browserslist@4.28.2 want: ^1.5.328
1788 silly placeDep ROOT node-releases@2.0.47 OK for: browserslist@4.28.2 want: ^2.0.36
1789 silly placeDep ROOT update-browserslist-db@1.2.3 OK for: browserslist@4.28.2 want: ^1.2.3
1790 silly fetch manifest escalade@^3.2.0
1791 silly packumentCache full:https://registry.npmjs.org/escalade cache-miss
1792 http cache https://registry.npmjs.org/escalade 8ms (cache hit)
1793 silly packumentCache full:https://registry.npmjs.org/escalade set size:33724 disposed:false
1794 silly placeDep ROOT ansi-styles@4.3.0 OK for: chalk@4.1.2 want: ^4.1.0
1795 silly placeDep ROOT supports-color@7.2.0 OK for: chalk@4.1.2 want: ^7.1.0
1796 silly fetch manifest color-convert@^2.0.1
1797 silly packumentCache full:https://registry.npmjs.org/color-convert cache-miss
1798 silly fetch manifest has-flag@^4.0.0
1799 silly packumentCache full:https://registry.npmjs.org/has-flag cache-miss
1800 http fetch GET 200 https://registry.npmjs.org/has-flag 85ms (cache miss)
1801 silly packumentCache full:https://registry.npmjs.org/has-flag set size:undefined disposed:false
1802 http fetch GET 200 https://registry.npmjs.org/color-convert 88ms (cache miss)
1803 silly packumentCache full:https://registry.npmjs.org/color-convert set size:undefined disposed:false
1804 silly placeDep ROOT color-convert@2.0.1 OK for: ansi-styles@4.3.0 want: ^2.0.1
1805 silly fetch manifest color-name@~1.1.4
1806 silly packumentCache full:https://registry.npmjs.org/color-name cache-miss
1807 http fetch GET 200 https://registry.npmjs.org/color-name 81ms (cache miss)
1808 silly packumentCache full:https://registry.npmjs.org/color-name set size:undefined disposed:false
1809 silly placeDep ROOT color-name@1.1.4 OK for: color-convert@2.0.1 want: ~1.1.4
1810 silly placeDep ROOT path-key@3.1.1 OK for: cross-spawn@7.0.6 want: ^3.1.0
1811 silly placeDep ROOT shebang-command@2.0.0 OK for: cross-spawn@7.0.6 want: ^2.0.0
1812 silly placeDep ROOT which@2.0.2 OK for: cross-spawn@7.0.6 want: ^2.0.1
1813 silly fetch manifest shebang-regex@^3.0.0
1814 silly packumentCache full:https://registry.npmjs.org/shebang-regex cache-miss
1815 silly fetch manifest isexe@^2.0.0
1816 silly packumentCache full:https://registry.npmjs.org/isexe cache-miss
1817 http fetch GET 200 https://registry.npmjs.org/shebang-regex 76ms (cache miss)
1818 silly packumentCache full:https://registry.npmjs.org/shebang-regex set size:undefined disposed:false
1819 http fetch GET 200 https://registry.npmjs.org/isexe 93ms (cache miss)
1820 silly packumentCache full:https://registry.npmjs.org/isexe set size:undefined disposed:false
1821 silly placeDep ROOT ms@2.1.3 OK for: debug@4.4.3 want: ^2.1.3
1822 silly placeDep ROOT @expo/image-utils@0.10.1 OK for: expo-asset@56.0.16 want: ^0.10.1
1823 silly fetch manifest parse-png@^2.1.0
1824 silly packumentCache full:https://registry.npmjs.org/parse-png cache-miss
1825 silly fetch manifest jimp-compact@0.16.1
1826 silly packumentCache full:https://registry.npmjs.org/jimp-compact cache-miss
1827 http fetch GET 200 https://registry.npmjs.org/jimp-compact 88ms (cache miss)
1828 silly packumentCache full:https://registry.npmjs.org/jimp-compact set size:undefined disposed:false
1829 http fetch GET 200 https://registry.npmjs.org/parse-png 92ms (cache miss)
1830 silly packumentCache full:https://registry.npmjs.org/parse-png set size:undefined disposed:false
1831 silly placeDep ROOT jimp-compact@0.16.1 OK for: @expo/image-utils@0.10.1 want: 0.16.1
1832 silly placeDep ROOT parse-png@2.1.0 OK for: @expo/image-utils@0.10.1 want: ^2.1.0
1833 silly fetch manifest pngjs@^3.3.0
1834 silly packumentCache full:https://registry.npmjs.org/pngjs cache-miss
1835 http fetch GET 200 https://registry.npmjs.org/pngjs 85ms (cache miss)
1836 silly packumentCache full:https://registry.npmjs.org/pngjs set size:undefined disposed:false
1837 silly placeDep ROOT fontfaceobserver@2.3.0 OK for: expo-font@56.0.5 want: ^2.1.0
1838 silly placeDep ROOT commander@7.2.0 OK for: expo-modules-autolinking@56.0.15 want: ^7.2.0
1839 silly placeDep ROOT @expo/expo-modules-macros-plugin@0.0.9 OK for: expo-modules-core@56.0.15 want: ~0.0.9
1840 silly placeDep ROOT expo-modules-jsi@56.0.8 OK for: expo-modules-core@56.0.15 want: ~56.0.8
1841 silly placeDep ROOT minipass@7.1.3 OK for: glob@13.0.6 want: ^7.1.3
1842 silly placeDep ROOT path-scurry@2.0.2 OK for: glob@13.0.6 want: ^2.0.2
1843 silly fetch manifest lru-cache@^11.0.0
1844 silly packumentCache full:https://registry.npmjs.org/lru-cache cache-miss
1845 http cache https://registry.npmjs.org/lru-cache 8ms (cache hit)
1846 silly packumentCache full:https://registry.npmjs.org/lru-cache set size:456196 disposed:false
1847 silly placeDep ROOT hermes-estree@0.33.3 OK for: hermes-parser@0.33.3 want: 0.33.3
1848 silly placeDep ROOT loose-envify@1.4.0 OK for: invariant@2.2.4 want: ^1.0.0
1849 silly placeDep ROOT detect-libc@2.1.2 OK for: lightningcss@1.32.0 want: ^2.0.3
1850 silly placeDep ROOT lightningcss-android-arm64@1.32.0 OK for: lightningcss@1.32.0 want: 1.32.0
1851 silly placeDep ROOT lightningcss-darwin-arm64@1.32.0 OK for: lightningcss@1.32.0 want: 1.32.0
1852 silly placeDep ROOT lightningcss-darwin-x64@1.32.0 OK for: lightningcss@1.32.0 want: 1.32.0
1853 silly placeDep ROOT lightningcss-freebsd-x64@1.32.0 OK for: lightningcss@1.32.0 want: 1.32.0
1854 silly placeDep ROOT lightningcss-linux-arm-gnueabihf@1.32.0 OK for: lightningcss@1.32.0 want: 1.32.0
1855 silly placeDep ROOT lightningcss-linux-arm64-gnu@1.32.0 OK for: lightningcss@1.32.0 want: 1.32.0
1856 silly placeDep ROOT lightningcss-linux-arm64-musl@1.32.0 OK for: lightningcss@1.32.0 want: 1.32.0
1857 silly placeDep ROOT lightningcss-linux-x64-gnu@1.32.0 OK for: lightningcss@1.32.0 want: 1.32.0
1858 silly placeDep ROOT lightningcss-linux-x64-musl@1.32.0 OK for: lightningcss@1.32.0 want: 1.32.0
1859 silly placeDep ROOT lightningcss-win32-arm64-msvc@1.32.0 OK for: lightningcss@1.32.0 want: 1.32.0
1860 silly placeDep ROOT lightningcss-win32-x64-msvc@1.32.0 OK for: lightningcss@1.32.0 want: 1.32.0
1861 silly placeDep ROOT yallist@3.1.1 OK for: lru-cache@5.1.1 want: ^3.0.2
1862 silly fetch manifest bufferutil@^4.0.1
1863 silly packumentCache full:https://registry.npmjs.org/bufferutil cache-miss
1864 http fetch GET 200 https://registry.npmjs.org/bufferutil 80ms (cache miss)
1865 silly packumentCache full:https://registry.npmjs.org/bufferutil set size:undefined disposed:false
1866 silly fetch manifest utf-8-validate@^5.0.2
1867 silly packumentCache full:https://registry.npmjs.org/utf-8-validate cache-miss
1868 http fetch GET 200 https://registry.npmjs.org/utf-8-validate 85ms (cache miss)
1869 silly packumentCache full:https://registry.npmjs.org/utf-8-validate set size:undefined disposed:false
1870 silly placeDep ROOT accepts@2.0.0 OK for: metro@0.84.4 want: ^2.0.0
1871 silly placeDep ROOT ci-info@2.0.0 OK for: metro@0.84.4 want: ^2.0.0
1872 silly placeDep ROOT connect@3.7.0 OK for: metro@0.84.4 want: ^3.6.5
1873 silly placeDep ROOT error-stack-parser@2.1.4 OK for: metro@0.84.4 want: ^2.0.6
1874 silly placeDep ROOT flow-enums-runtime@0.0.6 OK for: metro@0.84.4 want: ^0.0.6
1875 silly placeDep ROOT graceful-fs@4.2.11 OK for: metro@0.84.4 want: ^4.2.4
1876 silly placeDep node_modules/metro hermes-parser@0.35.0 OK for: metro@0.84.4 want: 0.35.0
1877 silly placeDep ROOT image-size@1.2.1 OK for: metro@0.84.4 want: ^1.0.2
1878 silly placeDep ROOT jest-worker@29.7.0 OK for: metro@0.84.4 want: ^29.7.0
1879 silly placeDep ROOT lodash.throttle@4.1.1 OK for: metro@0.84.4 want: ^4.1.1
1880 silly placeDep ROOT mime-types@3.0.2 OK for: metro@0.84.4 want: ^3.0.1
1881 silly placeDep ROOT serialize-error@2.1.0 OK for: metro@0.84.4 want: ^2.1.0
1882 silly placeDep ROOT source-map@0.5.7 OK for: metro@0.84.4 want: ^0.5.6
1883 silly placeDep ROOT throat@5.0.0 OK for: metro@0.84.4 want: ^5.0.0
1884 silly placeDep ROOT ws@7.5.11 OK for: metro@0.84.4 want: ^7.5.10
1885 silly fetch manifest mime-types@^3.0.0
1886 silly packumentCache full:https://registry.npmjs.org/mime-types cache-miss
1887 silly fetch manifest negotiator@^1.0.0
1888 silly packumentCache full:https://registry.npmjs.org/negotiator cache-miss
1889 silly fetch manifest debug@2.6.9
1890 silly packumentCache full:https://registry.npmjs.org/debug cache-hit
1891 silly fetch manifest finalhandler@1.1.2
1892 silly packumentCache full:https://registry.npmjs.org/finalhandler cache-miss
1893 silly fetch manifest parseurl@~1.3.3
1894 silly packumentCache full:https://registry.npmjs.org/parseurl cache-miss
1895 silly fetch manifest utils-merge@1.0.1
1896 silly packumentCache full:https://registry.npmjs.org/utils-merge cache-miss
1897 silly fetch manifest stackframe@^1.3.4
1898 silly packumentCache full:https://registry.npmjs.org/stackframe cache-miss
1899 silly fetch manifest hermes-estree@0.35.0
1900 silly packumentCache full:https://registry.npmjs.org/hermes-estree cache-miss
1901 silly fetch manifest queue@6.0.2
1902 silly packumentCache full:https://registry.npmjs.org/queue cache-miss
1903 silly fetch manifest jest-util@^29.7.0
1904 silly packumentCache full:https://registry.npmjs.org/jest-util cache-miss
1905 silly fetch manifest @types/node@*
1906 silly packumentCache full:https://registry.npmjs.org/@types%2fnode cache-miss
1907 silly fetch manifest merge-stream@^2.0.0
1908 silly packumentCache full:https://registry.npmjs.org/merge-stream cache-miss
1909 http cache https://registry.npmjs.org/hermes-estree 15ms (cache hit)
1910 silly packumentCache full:https://registry.npmjs.org/hermes-estree set size:130205 disposed:false
1911 silly fetch manifest supports-color@^8.0.0
1912 silly packumentCache full:https://registry.npmjs.org/supports-color cache-miss
1913 http cache https://registry.npmjs.org/mime-types 19ms (cache hit)
1914 silly packumentCache full:https://registry.npmjs.org/mime-types set size:139110 disposed:false
1915 silly fetch manifest mime-db@^1.54.0
1916 silly packumentCache full:https://registry.npmjs.org/mime-db cache-miss
1917 http cache https://registry.npmjs.org/supports-color 12ms (cache hit)
1918 silly packumentCache full:https://registry.npmjs.org/supports-color set size:118680 disposed:false
1919 http fetch GET 200 https://registry.npmjs.org/merge-stream 101ms (cache miss)
1920 silly packumentCache full:https://registry.npmjs.org/merge-stream set size:undefined disposed:false
1921 http fetch GET 200 https://registry.npmjs.org/parseurl 106ms (cache miss)
1922 silly packumentCache full:https://registry.npmjs.org/parseurl set size:undefined disposed:false
1923 http fetch GET 200 https://registry.npmjs.org/utils-merge 110ms (cache miss)
1924 silly packumentCache full:https://registry.npmjs.org/utils-merge set size:undefined disposed:false
1925 http fetch GET 200 https://registry.npmjs.org/negotiator 115ms (cache miss)
1926 silly packumentCache full:https://registry.npmjs.org/negotiator set size:undefined disposed:false
1927 http fetch GET 200 https://registry.npmjs.org/stackframe 116ms (cache miss)
1928 silly packumentCache full:https://registry.npmjs.org/stackframe set size:undefined disposed:false
1929 http fetch GET 200 https://registry.npmjs.org/finalhandler 118ms (cache miss)
1930 silly packumentCache full:https://registry.npmjs.org/finalhandler set size:undefined disposed:false
1931 http fetch GET 200 https://registry.npmjs.org/queue 126ms (cache miss)
1932 silly packumentCache full:https://registry.npmjs.org/queue set size:undefined disposed:false
1933 http fetch GET 200 https://registry.npmjs.org/mime-db 112ms (cache miss)
1934 silly packumentCache full:https://registry.npmjs.org/mime-db set size:undefined disposed:false
1935 http fetch GET 200 https://registry.npmjs.org/jest-util 141ms (cache miss)
1936 silly packumentCache full:https://registry.npmjs.org/jest-util set size:undefined disposed:false
1937 http fetch GET 200 https://registry.npmjs.org/@types%2fnode 321ms (cache miss)
1938 silly packumentCache full:https://registry.npmjs.org/@types%2fnode set size:undefined disposed:false
1939 silly placeDep ROOT negotiator@1.0.0 OK for: accepts@2.0.0 want: ^1.0.0
1940 silly placeDep node_modules/connect debug@2.6.9 OK for: connect@3.7.0 want: 2.6.9
1941 silly placeDep ROOT finalhandler@1.1.2 OK for: connect@3.7.0 want: 1.1.2
1942 silly placeDep ROOT parseurl@1.3.3 OK for: connect@3.7.0 want: ~1.3.3
1943 silly placeDep ROOT utils-merge@1.0.1 OK for: connect@3.7.0 want: 1.0.1
1944 silly fetch manifest ms@2.0.0
1945 silly packumentCache full:https://registry.npmjs.org/ms cache-miss
1946 silly fetch manifest unpipe@~1.0.0
1947 silly packumentCache full:https://registry.npmjs.org/unpipe cache-miss
1948 silly fetch manifest statuses@~1.5.0
1949 silly packumentCache full:https://registry.npmjs.org/statuses cache-miss
1950 silly fetch manifest encodeurl@~1.0.2
1951 silly packumentCache full:https://registry.npmjs.org/encodeurl cache-miss
1952 silly fetch manifest escape-html@~1.0.3
1953 silly packumentCache full:https://registry.npmjs.org/escape-html cache-miss
1954 silly fetch manifest on-finished@~2.3.0
1955 silly packumentCache full:https://registry.npmjs.org/on-finished cache-miss
1956 http cache https://registry.npmjs.org/ms 13ms (cache hit)
1957 silly packumentCache full:https://registry.npmjs.org/ms set size:92208 disposed:false
1958 http fetch GET 200 https://registry.npmjs.org/escape-html 81ms (cache miss)
1959 silly packumentCache full:https://registry.npmjs.org/escape-html set size:undefined disposed:false
1960 http fetch GET 200 https://registry.npmjs.org/encodeurl 83ms (cache miss)
1961 silly packumentCache full:https://registry.npmjs.org/encodeurl set size:undefined disposed:false
1962 http fetch GET 200 https://registry.npmjs.org/unpipe 85ms (cache miss)
1963 silly packumentCache full:https://registry.npmjs.org/unpipe set size:undefined disposed:false
1964 http fetch GET 200 https://registry.npmjs.org/on-finished 90ms (cache miss)
1965 silly packumentCache full:https://registry.npmjs.org/on-finished set size:undefined disposed:false
1966 http fetch GET 200 https://registry.npmjs.org/statuses 95ms (cache miss)
1967 silly packumentCache full:https://registry.npmjs.org/statuses set size:undefined disposed:false
1968 silly placeDep ROOT stackframe@1.3.4 OK for: error-stack-parser@2.1.4 want: ^1.3.4
1969 silly placeDep node_modules/finalhandler debug@2.6.9 OK for: finalhandler@1.1.2 want: 2.6.9
1970 silly placeDep ROOT encodeurl@1.0.2 OK for: finalhandler@1.1.2 want: ~1.0.2
1971 silly placeDep ROOT escape-html@1.0.3 OK for: finalhandler@1.1.2 want: ~1.0.3
1972 silly placeDep ROOT on-finished@2.3.0 OK for: finalhandler@1.1.2 want: ~2.3.0
1973 silly placeDep ROOT statuses@1.5.0 OK for: finalhandler@1.1.2 want: ~1.5.0
1974 silly placeDep ROOT unpipe@1.0.0 OK for: finalhandler@1.1.2 want: ~1.0.0
1975 silly fetch manifest ee-first@1.1.1
1976 silly packumentCache full:https://registry.npmjs.org/ee-first cache-miss
1977 http fetch GET 200 https://registry.npmjs.org/ee-first 84ms (cache miss)
1978 silly packumentCache full:https://registry.npmjs.org/ee-first set size:undefined disposed:false
1979 silly placeDep ROOT queue@6.0.2 OK for: image-size@1.2.1 want: 6.0.2
1980 silly fetch manifest inherits@~2.0.3
1981 silly packumentCache full:https://registry.npmjs.org/inherits cache-miss
1982 http fetch GET 200 https://registry.npmjs.org/inherits 82ms (cache miss)
1983 silly packumentCache full:https://registry.npmjs.org/inherits set size:undefined disposed:false
1984 silly placeDep ROOT @types/node@25.9.2 OK for: jest-worker@29.7.0 want: *
1985 silly placeDep ROOT jest-util@29.7.0 OK for: jest-worker@29.7.0 want: ^29.7.0
1986 silly placeDep ROOT merge-stream@2.0.0 OK for: jest-worker@29.7.0 want: ^2.0.0
1987 silly placeDep node_modules/jest-worker supports-color@8.1.1 OK for: jest-worker@29.7.0 want: ^8.0.0
1988 silly fetch manifest undici-types@>=7.24.0 <7.24.7
1989 silly packumentCache full:https://registry.npmjs.org/undici-types cache-miss
1990 silly fetch manifest ci-info@^3.2.0
1991 silly packumentCache full:https://registry.npmjs.org/ci-info cache-hit
1992 silly fetch manifest picomatch@^2.2.3
1993 silly packumentCache full:https://registry.npmjs.org/picomatch cache-miss
1994 silly fetch manifest @jest/types@^29.6.3
1995 silly packumentCache full:https://registry.npmjs.org/@jest%2ftypes cache-miss
1996 http cache https://registry.npmjs.org/picomatch 9ms (cache hit)
1997 silly packumentCache full:https://registry.npmjs.org/picomatch set size:126376 disposed:false
1998 http fetch GET 200 https://registry.npmjs.org/undici-types 98ms (cache miss)
1999 silly packumentCache full:https://registry.npmjs.org/undici-types set size:undefined disposed:false
2000 http fetch GET 200 https://registry.npmjs.org/@jest%2ftypes 162ms (cache miss)
2001 silly packumentCache full:https://registry.npmjs.org/@jest%2ftypes set size:undefined disposed:false
2002 silly placeDep ROOT undici-types@7.24.6 OK for: @types/node@25.9.2 want: >=7.24.0 <7.24.7
2003 silly placeDep ROOT @jest/types@29.6.3 OK for: jest-util@29.7.0 want: ^29.6.3
2004 silly placeDep node_modules/jest-util ci-info@3.9.0 OK for: jest-util@29.7.0 want: ^3.2.0
2005 silly placeDep node_modules/jest-util picomatch@2.3.2 OK for: jest-util@29.7.0 want: ^2.2.3
2006 silly fetch manifest @types/yargs@^17.0.8
2007 silly packumentCache full:https://registry.npmjs.org/@types%2fyargs cache-miss
2008 silly fetch manifest @types/istanbul-reports@^3.0.0
2009 silly packumentCache full:https://registry.npmjs.org/@types%2fistanbul-reports cache-miss
2010 silly fetch manifest @types/istanbul-lib-coverage@^2.0.0
2011 silly packumentCache full:https://registry.npmjs.org/@types%2fistanbul-lib-coverage cache-miss
2012 http fetch GET 200 https://registry.npmjs.org/@types%2fistanbul-reports 94ms (cache miss)
2013 silly packumentCache full:https://registry.npmjs.org/@types%2fistanbul-reports set size:undefined disposed:false
2014 http fetch GET 200 https://registry.npmjs.org/@types%2fistanbul-lib-coverage 100ms (cache miss)
2015 silly packumentCache full:https://registry.npmjs.org/@types%2fistanbul-lib-coverage set size:undefined disposed:false
2016 http fetch GET 200 https://registry.npmjs.org/@types%2fyargs 133ms (cache miss)
2017 silly packumentCache full:https://registry.npmjs.org/@types%2fyargs set size:undefined disposed:false
2018 silly placeDep ROOT @jest/schemas@29.6.3 OK for: @jest/types@29.6.3 want: ^29.6.3
2019 silly placeDep ROOT @types/istanbul-lib-coverage@2.0.6 OK for: @jest/types@29.6.3 want: ^2.0.0
2020 silly placeDep ROOT @types/istanbul-reports@3.0.4 OK for: @jest/types@29.6.3 want: ^3.0.0
2021 silly placeDep ROOT @types/yargs@17.0.35 OK for: @jest/types@29.6.3 want: ^17.0.8
2022 silly fetch manifest @sinclair/typebox@^0.27.8
2023 silly packumentCache full:https://registry.npmjs.org/@sinclair%2ftypebox cache-miss
2024 silly fetch manifest @types/istanbul-lib-report@*
2025 silly packumentCache full:https://registry.npmjs.org/@types%2fistanbul-lib-report cache-miss
2026 silly fetch manifest @types/yargs-parser@*
2027 silly packumentCache full:https://registry.npmjs.org/@types%2fyargs-parser cache-miss
2028 http fetch GET 200 https://registry.npmjs.org/@types%2fistanbul-lib-report 93ms (cache miss)
2029 silly packumentCache full:https://registry.npmjs.org/@types%2fistanbul-lib-report set size:undefined disposed:false
2030 http fetch GET 200 https://registry.npmjs.org/@types%2fyargs-parser 103ms (cache miss)
2031 silly packumentCache full:https://registry.npmjs.org/@types%2fyargs-parser set size:undefined disposed:false
2032 http fetch GET 200 https://registry.npmjs.org/@sinclair%2ftypebox 128ms (cache miss)
2033 silly packumentCache full:https://registry.npmjs.org/@sinclair%2ftypebox set size:undefined disposed:false
2034 silly placeDep ROOT @sinclair/typebox@0.27.10 OK for: @jest/schemas@29.6.3 want: ^0.27.8
2035 silly placeDep ROOT @types/istanbul-lib-report@3.0.3 OK for: @types/istanbul-reports@3.0.4 want: *
2036 silly placeDep ROOT @types/yargs-parser@21.0.3 OK for: @types/yargs@17.0.35 want: *
2037 silly placeDep node_modules/metro-babel-transformer hermes-parser@0.35.0 OK for: metro-babel-transformer@0.84.4 want: 0.35.0
2038 silly placeDep ROOT exponential-backoff@3.1.3 OK for: metro-cache@0.84.4 want: ^3.1.1
2039 silly placeDep ROOT https-proxy-agent@7.0.6 OK for: metro-cache@0.84.4 want: ^7.0.5
2040 silly fetch manifest agent-base@^7.1.2
2041 silly packumentCache full:https://registry.npmjs.org/agent-base cache-miss
2042 http fetch GET 200 https://registry.npmjs.org/agent-base 86ms (cache miss)
2043 silly packumentCache full:https://registry.npmjs.org/agent-base set size:undefined disposed:false
2044 silly placeDep ROOT agent-base@7.1.4 OK for: https-proxy-agent@7.0.6 want: ^7.1.2
2045 silly placeDep ROOT jest-validate@29.7.0 OK for: metro-config@0.84.4 want: ^29.7.0
2046 silly placeDep ROOT yaml@2.9.0 OK for: metro-config@0.84.4 want: ^2.6.1
2047 silly fetch manifest leven@^3.1.0
2048 silly packumentCache full:https://registry.npmjs.org/leven cache-miss
2049 silly fetch manifest camelcase@^6.2.0
2050 silly packumentCache full:https://registry.npmjs.org/camelcase cache-miss
2051 silly fetch manifest jest-get-type@^29.6.3
2052 silly packumentCache full:https://registry.npmjs.org/jest-get-type cache-miss
2053 http fetch GET 200 https://registry.npmjs.org/camelcase 100ms (cache miss)
2054 silly packumentCache full:https://registry.npmjs.org/camelcase set size:undefined disposed:false
2055 http fetch GET 200 https://registry.npmjs.org/leven 103ms (cache miss)
2056 silly packumentCache full:https://registry.npmjs.org/leven set size:undefined disposed:false
2057 http fetch GET 200 https://registry.npmjs.org/jest-get-type 112ms (cache miss)
2058 silly packumentCache full:https://registry.npmjs.org/jest-get-type set size:undefined disposed:false
2059 silly placeDep ROOT camelcase@6.3.0 OK for: jest-validate@29.7.0 want: ^6.2.0
2060 silly placeDep ROOT jest-get-type@29.6.3 OK for: jest-validate@29.7.0 want: ^29.6.3
2061 silly placeDep ROOT leven@3.1.0 OK for: jest-validate@29.7.0 want: ^3.1.0
2062 silly placeDep ROOT fb-watchman@2.0.2 OK for: metro-file-map@0.84.4 want: ^2.0.0
2063 silly placeDep ROOT micromatch@4.0.8 OK for: metro-file-map@0.84.4 want: ^4.0.4
2064 silly placeDep ROOT walker@1.0.8 OK for: metro-file-map@0.84.4 want: ^1.0.7
2065 silly fetch manifest bser@2.1.1
2066 silly packumentCache full:https://registry.npmjs.org/bser cache-miss
2067 silly fetch manifest braces@^3.0.3
2068 silly packumentCache full:https://registry.npmjs.org/braces cache-miss
2069 silly fetch manifest picomatch@^2.3.1
2070 silly packumentCache full:https://registry.npmjs.org/picomatch cache-hit
2071 silly fetch manifest makeerror@1.0.12
2072 silly packumentCache full:https://registry.npmjs.org/makeerror cache-miss
2073 http fetch GET 200 https://registry.npmjs.org/braces 84ms (cache miss)
2074 silly packumentCache full:https://registry.npmjs.org/braces set size:undefined disposed:false
2075 http fetch GET 200 https://registry.npmjs.org/makeerror 90ms (cache miss)
2076 silly packumentCache full:https://registry.npmjs.org/makeerror set size:undefined disposed:false
2077 http fetch GET 200 https://registry.npmjs.org/bser 95ms (cache miss)
2078 silly packumentCache full:https://registry.npmjs.org/bser set size:undefined disposed:false
2079 silly placeDep ROOT bser@2.1.1 OK for: fb-watchman@2.0.2 want: 2.1.1
2080 silly fetch manifest node-int64@^0.4.0
2081 silly packumentCache full:https://registry.npmjs.org/node-int64 cache-miss
2082 http fetch GET 200 https://registry.npmjs.org/node-int64 80ms (cache miss)
2083 silly packumentCache full:https://registry.npmjs.org/node-int64 set size:undefined disposed:false
2084 silly placeDep ROOT node-int64@0.4.0 OK for: bser@2.1.1 want: ^0.4.0
2085 silly placeDep ROOT terser@5.48.0 OK for: metro-minify-terser@0.84.4 want: ^5.15.0
2086 silly fetch manifest @jridgewell/source-map@^0.3.3
2087 silly packumentCache full:https://registry.npmjs.org/@jridgewell%2fsource-map cache-miss
2088 silly fetch manifest acorn@^8.15.0
2089 silly packumentCache full:https://registry.npmjs.org/acorn cache-miss
2090 silly fetch manifest commander@^2.20.0
2091 silly packumentCache full:https://registry.npmjs.org/commander cache-hit
2092 silly fetch manifest source-map-support@~0.5.20
2093 silly packumentCache full:https://registry.npmjs.org/source-map-support cache-miss
2094 http fetch GET 200 https://registry.npmjs.org/source-map-support 82ms (cache miss)
2095 silly packumentCache full:https://registry.npmjs.org/source-map-support set size:undefined disposed:false
2096 http fetch GET 200 https://registry.npmjs.org/@jridgewell%2fsource-map 104ms (cache miss)
2097 silly packumentCache full:https://registry.npmjs.org/@jridgewell%2fsource-map set size:undefined disposed:false
2098 http fetch GET 200 https://registry.npmjs.org/acorn 108ms (cache miss)
2099 silly packumentCache full:https://registry.npmjs.org/acorn set size:undefined disposed:false
2100 silly placeDep ROOT ob1@0.84.4 OK for: metro-source-map@0.84.4 want: 0.84.4
2101 silly placeDep ROOT vlq@1.0.1 OK for: metro-source-map@0.84.4 want: ^1.0.0
2102 silly placeDep ROOT braces@3.0.3 OK for: micromatch@4.0.8 want: ^3.0.3
2103 silly placeDep node_modules/micromatch picomatch@2.3.2 OK for: micromatch@4.0.8 want: ^2.3.1
2104 silly fetch manifest fill-range@^7.1.1
2105 silly packumentCache full:https://registry.npmjs.org/fill-range cache-miss
2106 http fetch GET 200 https://registry.npmjs.org/fill-range 89ms (cache miss)
2107 silly packumentCache full:https://registry.npmjs.org/fill-range set size:undefined disposed:false
2108 silly placeDep ROOT fill-range@7.1.1 OK for: braces@3.0.3 want: ^7.1.1
2109 silly fetch manifest to-regex-range@^5.0.1
2110 silly packumentCache full:https://registry.npmjs.org/to-regex-range cache-miss
2111 http fetch GET 200 https://registry.npmjs.org/to-regex-range 76ms (cache miss)
2112 silly packumentCache full:https://registry.npmjs.org/to-regex-range set size:undefined disposed:false
2113 silly placeDep ROOT to-regex-range@5.0.1 OK for: fill-range@7.1.1 want: ^5.0.1
2114 silly fetch manifest is-number@^7.0.0
2115 silly packumentCache full:https://registry.npmjs.org/is-number cache-miss
2116 http fetch GET 200 https://registry.npmjs.org/is-number 85ms (cache miss)
2117 silly packumentCache full:https://registry.npmjs.org/is-number set size:undefined disposed:false
2118 silly placeDep ROOT mime-db@1.54.0 OK for: mime-types@3.0.2 want: ^1.54.0
2119 silly placeDep ROOT brace-expansion@5.0.6 OK for: minimatch@10.2.5 want: ^5.0.5
2120 silly fetch manifest balanced-match@^4.0.2
2121 silly packumentCache full:https://registry.npmjs.org/balanced-match cache-miss
2122 http fetch GET 200 https://registry.npmjs.org/balanced-match 80ms (cache miss)
2123 silly packumentCache full:https://registry.npmjs.org/balanced-match set size:undefined disposed:false
2124 silly placeDep ROOT balanced-match@4.0.4 OK for: brace-expansion@5.0.6 want: ^4.0.2
2125 silly placeDep ROOT msgpackr-extract@3.0.4 OK for: msgpackr@2.0.4 want: ^3.0.4
2126 silly fetch manifest node-gyp-build-optional-packages@5.2.2
2127 silly packumentCache full:https://registry.npmjs.org/node-gyp-build-optional-packages cache-miss
2128 silly fetch manifest @msgpackr-extract/msgpackr-extract-darwin-arm64@3.0.4
2129 silly packumentCache full:https://registry.npmjs.org/@msgpackr-extract%2fmsgpackr-extract-darwin-arm64 cache-miss
2130 silly fetch manifest @msgpackr-extract/msgpackr-extract-darwin-x64@3.0.4
2131 silly packumentCache full:https://registry.npmjs.org/@msgpackr-extract%2fmsgpackr-extract-darwin-x64 cache-miss
2132 silly fetch manifest @msgpackr-extract/msgpackr-extract-linux-arm@3.0.4
2133 silly packumentCache full:https://registry.npmjs.org/@msgpackr-extract%2fmsgpackr-extract-linux-arm cache-miss
2134 silly fetch manifest @msgpackr-extract/msgpackr-extract-linux-arm64@3.0.4
2135 silly packumentCache full:https://registry.npmjs.org/@msgpackr-extract%2fmsgpackr-extract-linux-arm64 cache-miss
2136 silly fetch manifest @msgpackr-extract/msgpackr-extract-linux-x64@3.0.4
2137 silly packumentCache full:https://registry.npmjs.org/@msgpackr-extract%2fmsgpackr-extract-linux-x64 cache-miss
2138 silly fetch manifest @msgpackr-extract/msgpackr-extract-win32-x64@3.0.4
2139 silly packumentCache full:https://registry.npmjs.org/@msgpackr-extract%2fmsgpackr-extract-win32-x64 cache-miss
2140 http fetch GET 200 https://registry.npmjs.org/node-gyp-build-optional-packages 85ms (cache miss)
2141 silly packumentCache full:https://registry.npmjs.org/node-gyp-build-optional-packages set size:undefined disposed:false
2142 http fetch GET 200 https://registry.npmjs.org/@msgpackr-extract%2fmsgpackr-extract-linux-arm64 93ms (cache miss)
2143 silly packumentCache full:https://registry.npmjs.org/@msgpackr-extract%2fmsgpackr-extract-linux-arm64 set size:undefined disposed:false
2144 http fetch GET 200 https://registry.npmjs.org/@msgpackr-extract%2fmsgpackr-extract-linux-x64 101ms (cache miss)
2145 silly packumentCache full:https://registry.npmjs.org/@msgpackr-extract%2fmsgpackr-extract-linux-x64 set size:undefined disposed:false
2146 http fetch GET 200 https://registry.npmjs.org/@msgpackr-extract%2fmsgpackr-extract-darwin-x64 105ms (cache miss)
2147 silly packumentCache full:https://registry.npmjs.org/@msgpackr-extract%2fmsgpackr-extract-darwin-x64 set size:undefined disposed:false
2148 http fetch GET 200 https://registry.npmjs.org/@msgpackr-extract%2fmsgpackr-extract-win32-x64 104ms (cache miss)
2149 silly packumentCache full:https://registry.npmjs.org/@msgpackr-extract%2fmsgpackr-extract-win32-x64 set size:undefined disposed:false
2150 http fetch GET 200 https://registry.npmjs.org/@msgpackr-extract%2fmsgpackr-extract-linux-arm 135ms (cache miss)
2151 silly packumentCache full:https://registry.npmjs.org/@msgpackr-extract%2fmsgpackr-extract-linux-arm set size:undefined disposed:false
2152 http fetch GET 200 https://registry.npmjs.org/@msgpackr-extract%2fmsgpackr-extract-darwin-arm64 138ms (cache miss)
2153 silly packumentCache full:https://registry.npmjs.org/@msgpackr-extract%2fmsgpackr-extract-darwin-arm64 set size:undefined disposed:false
2154 silly placeDep ROOT @msgpackr-extract/msgpackr-extract-darwin-arm64@3.0.4 OK for: msgpackr-extract@3.0.4 want: 3.0.4
2155 silly placeDep ROOT @msgpackr-extract/msgpackr-extract-darwin-x64@3.0.4 OK for: msgpackr-extract@3.0.4 want: 3.0.4
2156 silly placeDep ROOT @msgpackr-extract/msgpackr-extract-linux-arm@3.0.4 OK for: msgpackr-extract@3.0.4 want: 3.0.4
2157 silly placeDep ROOT @msgpackr-extract/msgpackr-extract-linux-arm64@3.0.4 OK for: msgpackr-extract@3.0.4 want: 3.0.4
2158 silly placeDep ROOT @msgpackr-extract/msgpackr-extract-linux-x64@3.0.4 OK for: msgpackr-extract@3.0.4 want: 3.0.4
2159 silly placeDep ROOT @msgpackr-extract/msgpackr-extract-win32-x64@3.0.4 OK for: msgpackr-extract@3.0.4 want: 3.0.4
2160 silly placeDep ROOT node-gyp-build-optional-packages@5.2.2 OK for: msgpackr-extract@3.0.4 want: 5.2.2
2161 silly placeDep ROOT ee-first@1.1.1 OK for: on-finished@2.3.0 want: 1.1.1
2162 silly placeDep ROOT pngjs@3.4.0 OK for: parse-png@2.1.0 want: ^3.3.0
2163 silly placeDep node_modules/path-scurry lru-cache@11.5.1 OK for: path-scurry@2.0.2 want: ^11.0.0
2164 silly placeDep ROOT nanoid@3.3.12 OK for: postcss@8.5.15 want: ^3.3.12
2165 silly placeDep ROOT source-map-js@1.2.1 OK for: postcss@8.5.15 want: ^1.2.1
2166 silly placeDep node_modules/pretty-format ansi-styles@5.2.0 OK for: pretty-format@29.7.0 want: ^5.0.0
2167 silly placeDep ROOT react-is@18.3.1 OK for: pretty-format@29.7.0 want: ^18.0.0
2168 silly placeDep ROOT inherits@2.0.4 OK for: queue@6.0.2 want: ~2.0.3
2169 silly placeDep ROOT scheduler@0.27.0 OK for: react-dom@19.2.3 want: ^0.27.0
2170 silly fetch manifest @react-native-community/cli@*
2171 silly packumentCache full:https://registry.npmjs.org/@react-native-community%2fcli cache-miss
2172 http fetch GET 200 https://registry.npmjs.org/@react-native-community%2fcli 217ms (cache miss)
2173 silly packumentCache full:https://registry.npmjs.org/@react-native-community%2fcli set size:undefined disposed:false
2174 silly fetch manifest @react-native/metro-config@0.85.3
2175 silly packumentCache full:https://registry.npmjs.org/@react-native%2fmetro-config cache-miss
2176 http cache https://registry.npmjs.org/@react-native%2fmetro-config 11ms (cache hit)
2177 silly packumentCache full:https://registry.npmjs.org/@react-native%2fmetro-config set size:2210334 disposed:false
2178 silly placeDep ROOT @react-native/assets-registry@0.85.3 OK for: react-native@0.85.3 want: 0.85.3
2179 silly placeDep ROOT @react-native/community-cli-plugin@0.85.3 OK for: react-native@0.85.3 want: 0.85.3
2180 silly placeDep ROOT @react-native/gradle-plugin@0.85.3 OK for: react-native@0.85.3 want: 0.85.3
2181 silly placeDep ROOT @react-native/js-polyfills@0.85.3 OK for: react-native@0.85.3 want: 0.85.3
2182 silly placeDep ROOT @react-native/normalize-colors@0.85.3 OK for: react-native@0.85.3 want: 0.85.3
2183 silly placeDep ROOT @react-native/virtualized-lists@0.85.3 OK for: react-native@0.85.3 want: 0.85.3
2184 silly placeDep ROOT abort-controller@3.0.0 OK for: react-native@0.85.3 want: ^3.0.0
2185 silly placeDep ROOT ansi-regex@5.0.1 OK for: react-native@0.85.3 want: ^5.0.0
2186 silly placeDep node_modules/react-native commander@12.1.0 OK for: react-native@0.85.3 want: ^12.0.0
2187 silly placeDep ROOT hermes-compiler@250829098.0.10 OK for: react-native@0.85.3 want: 250829098.0.10
2188 silly placeDep ROOT memoize-one@5.2.1 OK for: react-native@0.85.3 want: ^5.0.0
2189 silly placeDep ROOT promise@8.3.0 OK for: react-native@0.85.3 want: ^8.3.0
2190 silly placeDep ROOT react-devtools-core@6.1.5 OK for: react-native@0.85.3 want: ^6.1.5
2191 silly placeDep ROOT regenerator-runtime@0.13.11 OK for: react-native@0.85.3 want: ^0.13.2
2192 silly placeDep ROOT whatwg-fetch@3.6.20 OK for: react-native@0.85.3 want: ^3.0.0
2193 silly fetch manifest event-target-shim@^5.0.0
2194 silly packumentCache full:https://registry.npmjs.org/event-target-shim cache-miss
2195 silly fetch manifest asap@~2.0.6
2196 silly packumentCache full:https://registry.npmjs.org/asap cache-miss
2197 silly fetch manifest shell-quote@^1.6.1
2198 silly packumentCache full:https://registry.npmjs.org/shell-quote cache-miss
2199 http fetch GET 200 https://registry.npmjs.org/asap 86ms (cache miss)
2200 silly packumentCache full:https://registry.npmjs.org/asap set size:undefined disposed:false
2201 http fetch GET 200 https://registry.npmjs.org/event-target-shim 89ms (cache miss)
2202 silly packumentCache full:https://registry.npmjs.org/event-target-shim set size:undefined disposed:false
2203 http fetch GET 200 https://registry.npmjs.org/shell-quote 94ms (cache miss)
2204 silly packumentCache full:https://registry.npmjs.org/shell-quote set size:undefined disposed:false
2205 silly placeDep ROOT @react-native/dev-middleware@0.85.3 OK for: @react-native/community-cli-plugin@0.85.3 want: 0.85.3
2206 silly fetch manifest open@^7.0.3
2207 silly packumentCache full:https://registry.npmjs.org/open cache-miss
2208 silly fetch manifest serve-static@^1.16.2
2209 silly packumentCache full:https://registry.npmjs.org/serve-static cache-miss
2210 silly fetch manifest chrome-launcher@^0.15.2
2211 silly packumentCache full:https://registry.npmjs.org/chrome-launcher cache-miss
2212 silly fetch manifest @isaacs/ttlcache@^1.4.1
2213 silly packumentCache full:https://registry.npmjs.org/@isaacs%2fttlcache cache-miss
2214 silly fetch manifest chromium-edge-launcher@^0.3.0
2215 silly packumentCache full:https://registry.npmjs.org/chromium-edge-launcher cache-miss
2216 silly fetch manifest @react-native/debugger-shell@0.85.3
2217 silly packumentCache full:https://registry.npmjs.org/@react-native%2fdebugger-shell cache-miss
2218 silly fetch manifest @react-native/debugger-frontend@0.85.3
2219 silly packumentCache full:https://registry.npmjs.org/@react-native%2fdebugger-frontend cache-miss
2220 http fetch GET 200 https://registry.npmjs.org/open 88ms (cache miss)
2221 silly packumentCache full:https://registry.npmjs.org/open set size:undefined disposed:false
2222 http fetch GET 200 https://registry.npmjs.org/chromium-edge-launcher 102ms (cache miss)
2223 silly packumentCache full:https://registry.npmjs.org/chromium-edge-launcher set size:undefined disposed:false
2224 http fetch GET 200 https://registry.npmjs.org/chrome-launcher 111ms (cache miss)
2225 silly packumentCache full:https://registry.npmjs.org/chrome-launcher set size:undefined disposed:false
2226 http fetch GET 200 https://registry.npmjs.org/serve-static 120ms (cache miss)
2227 silly packumentCache full:https://registry.npmjs.org/serve-static set size:undefined disposed:false
2228 http fetch GET 200 https://registry.npmjs.org/@isaacs%2fttlcache 129ms (cache miss)
2229 silly packumentCache full:https://registry.npmjs.org/@isaacs%2fttlcache set size:undefined disposed:false
2230 http fetch GET 200 https://registry.npmjs.org/@react-native%2fdebugger-shell 174ms (cache miss)
2231 silly packumentCache full:https://registry.npmjs.org/@react-native%2fdebugger-shell set size:undefined disposed:false
2232 http fetch GET 200 https://registry.npmjs.org/@react-native%2fdebugger-frontend 317ms (cache miss)
2233 silly packumentCache full:https://registry.npmjs.org/@react-native%2fdebugger-frontend set size:undefined disposed:false
2234 silly placeDep ROOT @isaacs/ttlcache@1.4.1 OK for: @react-native/dev-middleware@0.85.3 want: ^1.4.1
2235 silly placeDep ROOT @react-native/debugger-frontend@0.85.3 OK for: @react-native/dev-middleware@0.85.3 want: 0.85.3
2236 silly placeDep ROOT @react-native/debugger-shell@0.85.3 OK for: @react-native/dev-middleware@0.85.3 want: 0.85.3
2237 silly placeDep ROOT chrome-launcher@0.15.2 OK for: @react-native/dev-middleware@0.85.3 want: ^0.15.2
2238 silly placeDep ROOT chromium-edge-launcher@0.3.0 OK for: @react-native/dev-middleware@0.85.3 want: ^0.3.0
2239 silly placeDep ROOT open@7.4.2 OK for: @react-native/dev-middleware@0.85.3 want: ^7.0.3
2240 silly placeDep ROOT serve-static@1.16.3 OK for: @react-native/dev-middleware@0.85.3 want: ^1.16.2
2241 silly fetch manifest fb-dotslash@0.5.8
2242 silly packumentCache full:https://registry.npmjs.org/fb-dotslash cache-miss
2243 silly fetch manifest is-wsl@^2.2.0
2244 silly packumentCache full:https://registry.npmjs.org/is-wsl cache-miss
2245 silly fetch manifest lighthouse-logger@^1.0.0
2246 silly packumentCache full:https://registry.npmjs.org/lighthouse-logger cache-miss
2247 silly fetch manifest escape-string-regexp@^4.0.0
2248 silly packumentCache full:https://registry.npmjs.org/escape-string-regexp cache-miss
2249 silly fetch manifest is-wsl@^2.2.0
2250 silly packumentCache full:https://registry.npmjs.org/is-wsl cache-miss
2251 silly fetch manifest mkdirp@^1.0.4
2252 silly packumentCache full:https://registry.npmjs.org/mkdirp cache-miss
2253 silly fetch manifest lighthouse-logger@^1.0.0
2254 silly packumentCache full:https://registry.npmjs.org/lighthouse-logger cache-miss
2255 silly fetch manifest escape-string-regexp@^4.0.0
2256 silly packumentCache full:https://registry.npmjs.org/escape-string-regexp cache-miss
2257 silly fetch manifest is-wsl@^2.1.1
2258 silly packumentCache full:https://registry.npmjs.org/is-wsl cache-miss
2259 silly fetch manifest is-docker@^2.0.0
2260 silly packumentCache full:https://registry.npmjs.org/is-docker cache-miss
2261 silly fetch manifest send@~0.19.1
2262 silly packumentCache full:https://registry.npmjs.org/send cache-miss
2263 http cache https://registry.npmjs.org/send 14ms (cache hit)
2264 silly packumentCache full:https://registry.npmjs.org/send set size:152810 disposed:false
2265 silly fetch manifest encodeurl@~2.0.0
2266 silly packumentCache full:https://registry.npmjs.org/encodeurl cache-miss
2267 http cache https://registry.npmjs.org/encodeurl 6ms (cache hit)
2268 silly packumentCache full:https://registry.npmjs.org/encodeurl set size:12296 disposed:false
2269 http fetch GET 200 https://registry.npmjs.org/lighthouse-logger 97ms (cache miss)
2270 silly packumentCache full:https://registry.npmjs.org/lighthouse-logger set size:undefined disposed:false
2271 http fetch GET 200 https://registry.npmjs.org/is-wsl 100ms (cache miss)
2272 silly packumentCache full:https://registry.npmjs.org/is-wsl set size:undefined disposed:false
2273 http fetch GET 200 https://registry.npmjs.org/fb-dotslash 104ms (cache miss)
2274 silly packumentCache full:https://registry.npmjs.org/fb-dotslash set size:undefined disposed:false
2275 http fetch GET 200 https://registry.npmjs.org/lighthouse-logger 104ms (cache miss)
2276 silly packumentCache full:https://registry.npmjs.org/lighthouse-logger set size:undefined disposed:false
2277 http fetch GET 200 https://registry.npmjs.org/escape-string-regexp 104ms (cache miss)
2278 silly packumentCache full:https://registry.npmjs.org/escape-string-regexp set size:undefined disposed:false
2279 http fetch GET 200 https://registry.npmjs.org/is-wsl 105ms (cache miss)
2280 silly packumentCache full:https://registry.npmjs.org/is-wsl set size:undefined disposed:false
2281 http fetch GET 200 https://registry.npmjs.org/is-wsl 109ms (cache miss)
2282 silly packumentCache full:https://registry.npmjs.org/is-wsl set size:undefined disposed:false
2283 http fetch GET 200 https://registry.npmjs.org/escape-string-regexp 109ms (cache miss)
2284 silly packumentCache full:https://registry.npmjs.org/escape-string-regexp set size:undefined disposed:false
2285 http fetch GET 200 https://registry.npmjs.org/is-docker 107ms (cache miss)
2286 silly packumentCache full:https://registry.npmjs.org/is-docker set size:undefined disposed:false
2287 http fetch GET 200 https://registry.npmjs.org/mkdirp 110ms (cache miss)
2288 silly packumentCache full:https://registry.npmjs.org/mkdirp set size:undefined disposed:false
2289 silly placeDep ROOT fb-dotslash@0.5.8 OK for: @react-native/debugger-shell@0.85.3 want: 0.5.8
2290 silly placeDep ROOT event-target-shim@5.0.1 OK for: abort-controller@3.0.0 want: ^5.0.0
2291 silly placeDep ROOT escape-string-regexp@4.0.0 OK for: chrome-launcher@0.15.2 want: ^4.0.0
2292 silly placeDep ROOT is-wsl@2.2.0 OK for: chrome-launcher@0.15.2 want: ^2.2.0
2293 silly placeDep ROOT lighthouse-logger@1.4.2 OK for: chrome-launcher@0.15.2 want: ^1.0.0
2294 silly fetch manifest debug@^2.6.9
2295 silly packumentCache full:https://registry.npmjs.org/debug cache-hit
2296 silly fetch manifest marky@^1.2.2
2297 silly packumentCache full:https://registry.npmjs.org/marky cache-miss
2298 http fetch GET 200 https://registry.npmjs.org/marky 99ms (cache miss)
2299 silly packumentCache full:https://registry.npmjs.org/marky set size:undefined disposed:false
2300 silly placeDep ROOT mkdirp@1.0.4 OK for: chromium-edge-launcher@0.3.0 want: ^1.0.4
2301 silly placeDep ROOT is-docker@2.2.1 OK for: is-wsl@2.2.0 want: ^2.0.0
2302 silly placeDep node_modules/lighthouse-logger debug@2.6.9 OK for: lighthouse-logger@1.4.2 want: ^2.6.9
2303 silly placeDep ROOT marky@1.3.0 OK for: lighthouse-logger@1.4.2 want: ^1.2.2
2304 silly placeDep ROOT asap@2.0.6 OK for: promise@8.3.0 want: ~2.0.6
2305 silly placeDep ROOT shell-quote@1.8.4 OK for: react-devtools-core@6.1.5 want: ^1.6.1
2306 silly placeDep node_modules/react-native-web @react-native/normalize-colors@0.74.89 OK for: react-native-web@0.21.2 want: ^0.74.1
2307 silly placeDep ROOT fbjs@3.0.5 OK for: react-native-web@0.21.2 want: ^3.0.4
2308 silly placeDep ROOT inline-style-prefixer@7.0.1 OK for: react-native-web@0.21.2 want: ^7.0.1
2309 silly placeDep node_modules/react-native-web memoize-one@6.0.0 OK for: react-native-web@0.21.2 want: ^6.0.0
2310 silly placeDep ROOT postcss-value-parser@4.2.0 OK for: react-native-web@0.21.2 want: ^4.2.0
2311 silly placeDep ROOT styleq@0.1.3 OK for: react-native-web@0.21.2 want: ^0.1.3
2312 silly fetch manifest cross-fetch@^3.1.5
2313 silly packumentCache full:https://registry.npmjs.org/cross-fetch cache-miss
2314 silly fetch manifest fbjs-css-vars@^1.0.0
2315 silly packumentCache full:https://registry.npmjs.org/fbjs-css-vars cache-miss
2316 silly fetch manifest object-assign@^4.1.0
2317 silly packumentCache full:https://registry.npmjs.org/object-assign cache-miss
2318 silly fetch manifest promise@^7.1.1
2319 silly packumentCache full:https://registry.npmjs.org/promise cache-miss
2320 silly fetch manifest setimmediate@^1.0.5
2321 silly packumentCache full:https://registry.npmjs.org/setimmediate cache-miss
2322 silly fetch manifest ua-parser-js@^1.0.35
2323 silly packumentCache full:https://registry.npmjs.org/ua-parser-js cache-miss
2324 silly fetch manifest css-in-js-utils@^3.1.0
2325 silly packumentCache full:https://registry.npmjs.org/css-in-js-utils cache-miss
2326 http cache https://registry.npmjs.org/promise 14ms (cache hit)
2327 silly packumentCache full:https://registry.npmjs.org/promise set size:112704 disposed:false
2328 http fetch GET 200 https://registry.npmjs.org/fbjs-css-vars 87ms (cache miss)
2329 silly packumentCache full:https://registry.npmjs.org/fbjs-css-vars set size:undefined disposed:false
2330 http fetch GET 200 https://registry.npmjs.org/object-assign 89ms (cache miss)
2331 silly packumentCache full:https://registry.npmjs.org/object-assign set size:undefined disposed:false
2332 http fetch GET 200 https://registry.npmjs.org/setimmediate 92ms (cache miss)
2333 silly packumentCache full:https://registry.npmjs.org/setimmediate set size:undefined disposed:false
2334 http fetch GET 200 https://registry.npmjs.org/cross-fetch 104ms (cache miss)
2335 silly packumentCache full:https://registry.npmjs.org/cross-fetch set size:undefined disposed:false
2336 http fetch GET 200 https://registry.npmjs.org/css-in-js-utils 111ms (cache miss)
2337 silly packumentCache full:https://registry.npmjs.org/css-in-js-utils set size:undefined disposed:false
2338 http fetch GET 200 https://registry.npmjs.org/ua-parser-js 114ms (cache miss)
2339 silly packumentCache full:https://registry.npmjs.org/ua-parser-js set size:undefined disposed:false
2340 silly placeDep ROOT cross-fetch@3.2.0 OK for: fbjs@3.0.5 want: ^3.1.5
2341 silly placeDep ROOT fbjs-css-vars@1.0.2 OK for: fbjs@3.0.5 want: ^1.0.0
2342 silly placeDep ROOT object-assign@4.1.1 OK for: fbjs@3.0.5 want: ^4.1.0
2343 silly placeDep node_modules/fbjs promise@7.3.1 OK for: fbjs@3.0.5 want: ^7.1.1
2344 silly placeDep ROOT setimmediate@1.0.5 OK for: fbjs@3.0.5 want: ^1.0.5
2345 silly placeDep ROOT ua-parser-js@1.0.41 OK for: fbjs@3.0.5 want: ^1.0.35
2346 silly fetch manifest node-fetch@^2.7.0
2347 silly packumentCache full:https://registry.npmjs.org/node-fetch cache-miss
2348 http fetch GET 200 https://registry.npmjs.org/node-fetch 115ms (cache miss)
2349 silly packumentCache full:https://registry.npmjs.org/node-fetch set size:undefined disposed:false
2350 silly fetch manifest encoding@^0.1.0
2351 silly packumentCache full:https://registry.npmjs.org/encoding cache-miss
2352 http fetch GET 200 https://registry.npmjs.org/encoding 90ms (cache miss)
2353 silly packumentCache full:https://registry.npmjs.org/encoding set size:undefined disposed:false
2354 silly placeDep ROOT node-fetch@2.7.0 OK for: cross-fetch@3.2.0 want: ^2.7.0
2355 silly fetch manifest whatwg-url@^5.0.0
2356 silly packumentCache full:https://registry.npmjs.org/whatwg-url cache-miss
2357 http fetch GET 200 https://registry.npmjs.org/whatwg-url 95ms (cache miss)
2358 silly packumentCache full:https://registry.npmjs.org/whatwg-url set size:undefined disposed:false
2359 silly placeDep ROOT css-in-js-utils@3.1.0 OK for: inline-style-prefixer@7.0.1 want: ^3.1.0
2360 silly fetch manifest hyphenate-style-name@^1.0.3
2361 silly packumentCache full:https://registry.npmjs.org/hyphenate-style-name cache-miss
2362 http fetch GET 200 https://registry.npmjs.org/hyphenate-style-name 78ms (cache miss)
2363 silly packumentCache full:https://registry.npmjs.org/hyphenate-style-name set size:undefined disposed:false
2364 silly placeDep ROOT hyphenate-style-name@1.1.0 OK for: css-in-js-utils@3.1.0 want: ^1.0.3
2365 silly placeDep ROOT whatwg-url@5.0.0 OK for: node-fetch@2.7.0 want: ^5.0.0
2366 silly fetch manifest tr46@~0.0.3
2367 silly packumentCache full:https://registry.npmjs.org/tr46 cache-miss
2368 silly fetch manifest webidl-conversions@^3.0.0
2369 silly packumentCache full:https://registry.npmjs.org/webidl-conversions cache-miss
2370 http fetch GET 200 https://registry.npmjs.org/webidl-conversions 89ms (cache miss)
2371 silly packumentCache full:https://registry.npmjs.org/webidl-conversions set size:undefined disposed:false
2372 http fetch GET 200 https://registry.npmjs.org/tr46 100ms (cache miss)
2373 silly packumentCache full:https://registry.npmjs.org/tr46 set size:undefined disposed:false
2374 silly placeDep ROOT regenerate@1.4.2 OK for: regexpu-core@6.4.0 want: ^1.4.2
2375 silly placeDep ROOT regenerate-unicode-properties@10.2.2 OK for: regexpu-core@6.4.0 want: ^10.2.2
2376 silly placeDep ROOT regjsgen@0.8.0 OK for: regexpu-core@6.4.0 want: ^0.8.0
2377 silly placeDep ROOT regjsparser@0.13.1 OK for: regexpu-core@6.4.0 want: ^0.13.0
2378 silly placeDep ROOT unicode-match-property-ecmascript@2.0.0 OK for: regexpu-core@6.4.0 want: ^2.0.0
2379 silly placeDep ROOT unicode-match-property-value-ecmascript@2.2.1 OK for: regexpu-core@6.4.0 want: ^2.2.1
2380 silly fetch manifest unicode-canonical-property-names-ecmascript@^2.0.0
2381 silly packumentCache full:https://registry.npmjs.org/unicode-canonical-property-names-ecmascript cache-miss
2382 silly fetch manifest unicode-property-aliases-ecmascript@^2.0.0
2383 silly packumentCache full:https://registry.npmjs.org/unicode-property-aliases-ecmascript cache-miss
2384 http fetch GET 200 https://registry.npmjs.org/unicode-property-aliases-ecmascript 84ms (cache miss)
2385 silly packumentCache full:https://registry.npmjs.org/unicode-property-aliases-ecmascript set size:undefined disposed:false
2386 http fetch GET 200 https://registry.npmjs.org/unicode-canonical-property-names-ecmascript 87ms (cache miss)
2387 silly packumentCache full:https://registry.npmjs.org/unicode-canonical-property-names-ecmascript set size:undefined disposed:false
2388 silly placeDep ROOT es-errors@1.3.0 OK for: resolve@1.22.12 want: ^1.3.0
2389 silly placeDep ROOT is-core-module@2.16.2 OK for: resolve@1.22.12 want: ^2.16.1
2390 silly placeDep ROOT path-parse@1.0.7 OK for: resolve@1.22.12 want: ^1.0.7
2391 silly placeDep ROOT supports-preserve-symlinks-flag@1.0.0 OK for: resolve@1.22.12 want: ^1.0.0
2392 silly fetch manifest hasown@^2.0.3
2393 silly packumentCache full:https://registry.npmjs.org/hasown cache-miss
2394 http fetch GET 200 https://registry.npmjs.org/hasown 91ms (cache miss)
2395 silly packumentCache full:https://registry.npmjs.org/hasown set size:undefined disposed:false
2396 silly placeDep ROOT hasown@2.0.4 OK for: is-core-module@2.16.2 want: ^2.0.3
2397 silly fetch manifest function-bind@^1.1.2
2398 silly packumentCache full:https://registry.npmjs.org/function-bind cache-miss
2399 http fetch GET 200 https://registry.npmjs.org/function-bind 87ms (cache miss)
2400 silly packumentCache full:https://registry.npmjs.org/function-bind set size:undefined disposed:false
2401 silly placeDep ROOT function-bind@1.1.2 OK for: hasown@2.0.4 want: ^1.1.2
2402 silly placeDep node_modules/serve-static encodeurl@2.0.0 OK for: serve-static@1.16.3 want: ~2.0.0
2403 silly placeDep ROOT send@0.19.2 OK for: serve-static@1.16.3 want: ~0.19.1
2404 silly fetch manifest depd@2.0.0
2405 silly packumentCache full:https://registry.npmjs.org/depd cache-miss
2406 silly fetch manifest etag@~1.8.1
2407 silly packumentCache full:https://registry.npmjs.org/etag cache-miss
2408 silly fetch manifest mime@1.6.0
2409 silly packumentCache full:https://registry.npmjs.org/mime cache-miss
2410 silly fetch manifest fresh@~0.5.2
2411 silly packumentCache full:https://registry.npmjs.org/fresh cache-miss
2412 silly fetch manifest destroy@1.2.0
2413 silly packumentCache full:https://registry.npmjs.org/destroy cache-miss
2414 silly fetch manifest statuses@~2.0.2
2415 silly packumentCache full:https://registry.npmjs.org/statuses cache-miss
2416 silly fetch manifest http-errors@~2.0.1
2417 silly packumentCache full:https://registry.npmjs.org/http-errors cache-miss
2418 silly fetch manifest on-finished@~2.4.1
2419 silly packumentCache full:https://registry.npmjs.org/on-finished cache-miss
2420 silly fetch manifest range-parser@~1.2.1
2421 silly packumentCache full:https://registry.npmjs.org/range-parser cache-miss
2422 http cache https://registry.npmjs.org/statuses 12ms (cache hit)
2423 silly packumentCache full:https://registry.npmjs.org/statuses set size:37117 disposed:false
2424 http cache https://registry.npmjs.org/on-finished 13ms (cache hit)
2425 silly packumentCache full:https://registry.npmjs.org/on-finished set size:23212 disposed:false
2426 http fetch GET 200 https://registry.npmjs.org/depd 105ms (cache miss)
2427 silly packumentCache full:https://registry.npmjs.org/depd set size:undefined disposed:false
2428 http fetch GET 200 https://registry.npmjs.org/etag 108ms (cache miss)
2429 silly packumentCache full:https://registry.npmjs.org/etag set size:undefined disposed:false
2430 http fetch GET 200 https://registry.npmjs.org/destroy 110ms (cache miss)
2431 silly packumentCache full:https://registry.npmjs.org/destroy set size:undefined disposed:false
2432 http fetch GET 200 https://registry.npmjs.org/fresh 111ms (cache miss)
2433 silly packumentCache full:https://registry.npmjs.org/fresh set size:undefined disposed:false
2434 http fetch GET 200 https://registry.npmjs.org/http-errors 112ms (cache miss)
2435 silly packumentCache full:https://registry.npmjs.org/http-errors set size:undefined disposed:false
2436 http fetch GET 200 https://registry.npmjs.org/mime 115ms (cache miss)
2437 silly packumentCache full:https://registry.npmjs.org/mime set size:undefined disposed:false
2438 http fetch GET 200 https://registry.npmjs.org/range-parser 114ms (cache miss)
2439 silly packumentCache full:https://registry.npmjs.org/range-parser set size:undefined disposed:false
2440 silly placeDep node_modules/send debug@2.6.9 OK for: send@0.19.2 want: 2.6.9
2441 silly placeDep ROOT depd@2.0.0 OK for: send@0.19.2 want: 2.0.0
2442 silly placeDep ROOT destroy@1.2.0 OK for: send@0.19.2 want: 1.2.0
2443 silly placeDep node_modules/send encodeurl@2.0.0 OK for: send@0.19.2 want: ~2.0.0
2444 silly placeDep ROOT etag@1.8.1 OK for: send@0.19.2 want: ~1.8.1
2445 silly placeDep ROOT fresh@0.5.2 OK for: send@0.19.2 want: ~0.5.2
2446 silly placeDep ROOT http-errors@2.0.1 OK for: send@0.19.2 want: ~2.0.1
2447 silly placeDep ROOT mime@1.6.0 OK for: send@0.19.2 want: 1.6.0
2448 silly placeDep node_modules/send on-finished@2.4.1 OK for: send@0.19.2 want: ~2.4.1
2449 silly placeDep ROOT range-parser@1.2.1 OK for: send@0.19.2 want: ~1.2.1
2450 silly placeDep node_modules/send statuses@2.0.2 OK for: send@0.19.2 want: ~2.0.2
2451 silly fetch manifest setprototypeof@~1.2.0
2452 silly packumentCache full:https://registry.npmjs.org/setprototypeof cache-miss
2453 silly fetch manifest toidentifier@~1.0.1
2454 silly packumentCache full:https://registry.npmjs.org/toidentifier cache-miss
2455 http fetch GET 200 https://registry.npmjs.org/setprototypeof 79ms (cache miss)
2456 silly packumentCache full:https://registry.npmjs.org/setprototypeof set size:undefined disposed:false
2457 http fetch GET 200 https://registry.npmjs.org/toidentifier 79ms (cache miss)
2458 silly packumentCache full:https://registry.npmjs.org/toidentifier set size:undefined disposed:false
2459 silly placeDep ROOT setprototypeof@1.2.0 OK for: http-errors@2.0.1 want: ~1.2.0
2460 silly placeDep node_modules/http-errors statuses@2.0.2 OK for: http-errors@2.0.1 want: ~2.0.2
2461 silly placeDep ROOT toidentifier@1.0.1 OK for: http-errors@2.0.1 want: ~1.0.1
2462 silly placeDep ROOT shebang-regex@3.0.0 OK for: shebang-command@2.0.0 want: ^3.0.0
2463 silly placeDep ROOT type-fest@0.7.1 OK for: stacktrace-parser@0.1.11 want: ^0.7.1
2464 silly placeDep ROOT has-flag@4.0.0 OK for: supports-color@7.2.0 want: ^4.0.0
2465 silly placeDep ROOT @jridgewell/source-map@0.3.11 OK for: terser@5.48.0 want: ^0.3.3
2466 silly placeDep ROOT acorn@8.16.0 OK for: terser@5.48.0 want: ^8.15.0
2467 silly placeDep node_modules/terser commander@2.20.3 OK for: terser@5.48.0 want: ^2.20.0
2468 silly placeDep ROOT source-map-support@0.5.21 OK for: terser@5.48.0 want: ~0.5.20
2469 silly fetch manifest buffer-from@^1.0.0
2470 silly packumentCache full:https://registry.npmjs.org/buffer-from cache-miss
2471 silly fetch manifest source-map@^0.6.0
2472 silly packumentCache full:https://registry.npmjs.org/source-map cache-miss
2473 http cache https://registry.npmjs.org/source-map 24ms (cache hit)
2474 silly packumentCache full:https://registry.npmjs.org/source-map set size:226212 disposed:false
2475 http fetch GET 200 https://registry.npmjs.org/buffer-from 85ms (cache miss)
2476 silly packumentCache full:https://registry.npmjs.org/buffer-from set size:undefined disposed:false
2477 silly placeDep ROOT buffer-from@1.1.2 OK for: source-map-support@0.5.21 want: ^1.0.0
2478 silly placeDep node_modules/source-map-support source-map@0.6.1 OK for: source-map-support@0.5.21 want: ^0.6.0
2479 silly placeDep ROOT fdir@6.5.0 OK for: tinyglobby@0.2.17 want: ^6.5.0
2480 silly placeDep ROOT is-number@7.0.0 OK for: to-regex-range@5.0.1 want: ^7.0.0
2481 silly placeDep ROOT unicode-canonical-property-names-ecmascript@2.0.1 OK for: unicode-match-property-ecmascript@2.0.0 want: ^2.0.0
2482 silly placeDep ROOT unicode-property-aliases-ecmascript@2.2.0 OK for: unicode-match-property-ecmascript@2.0.0 want: ^2.0.0
2483 silly placeDep ROOT escalade@3.2.0 OK for: update-browserslist-db@1.2.3 want: ^3.2.0
2484 silly placeDep ROOT makeerror@1.0.12 OK for: walker@1.0.8 want: 1.0.12
2485 silly fetch manifest tmpl@1.0.5
2486 silly packumentCache full:https://registry.npmjs.org/tmpl cache-miss
2487 http fetch GET 200 https://registry.npmjs.org/tmpl 77ms (cache miss)
2488 silly packumentCache full:https://registry.npmjs.org/tmpl set size:undefined disposed:false
2489 silly placeDep ROOT tmpl@1.0.5 OK for: makeerror@1.0.12 want: 1.0.5
2490 silly placeDep ROOT tr46@0.0.3 OK for: whatwg-url@5.0.0 want: ~0.0.3
2491 silly placeDep ROOT webidl-conversions@3.0.1 OK for: whatwg-url@5.0.0 want: ^3.0.0
2492 silly placeDep ROOT isexe@2.0.0 OK for: which@2.0.2 want: ^2.0.0
2493 silly placeDep ROOT simple-plist@1.3.1 OK for: xcode@3.0.1 want: ^1.1.0
2494 silly placeDep ROOT uuid@7.0.3 OK for: xcode@3.0.1 want: ^7.0.3
2495 silly fetch manifest bplist-parser@0.3.1
2496 silly packumentCache full:https://registry.npmjs.org/bplist-parser cache-miss
2497 silly fetch manifest plist@^3.0.5
2498 silly packumentCache full:https://registry.npmjs.org/plist cache-miss
2499 http cache https://registry.npmjs.org/bplist-parser 6ms (cache hit)
2500 silly packumentCache full:https://registry.npmjs.org/bplist-parser set size:21877 disposed:false
2501 http fetch GET 200 https://registry.npmjs.org/plist 79ms (cache miss)
2502 silly packumentCache full:https://registry.npmjs.org/plist set size:undefined disposed:false
2503 silly placeDep ROOT bplist-creator@0.1.0 OK for: simple-plist@1.3.1 want: 0.1.0
2504 silly placeDep ROOT bplist-parser@0.3.1 OK for: simple-plist@1.3.1 want: 0.3.1
2505 silly placeDep ROOT plist@3.1.1 OK for: simple-plist@1.3.1 want: ^3.0.5
2506 silly fetch manifest stream-buffers@2.2.x
2507 silly packumentCache full:https://registry.npmjs.org/stream-buffers cache-miss
2508 silly fetch manifest big-integer@1.6.x
2509 silly packumentCache full:https://registry.npmjs.org/big-integer cache-miss
2510 silly fetch manifest @xmldom/xmldom@^0.9.10
2511 silly packumentCache full:https://registry.npmjs.org/@xmldom%2fxmldom cache-miss
2512 http cache https://registry.npmjs.org/@xmldom%2fxmldom 6ms (cache hit)
2513 silly packumentCache full:https://registry.npmjs.org/@xmldom%2fxmldom set size:166253 disposed:false
2514 http fetch GET 200 https://registry.npmjs.org/stream-buffers 84ms (cache miss)
2515 silly packumentCache full:https://registry.npmjs.org/stream-buffers set size:undefined disposed:false
2516 http fetch GET 200 https://registry.npmjs.org/big-integer 93ms (cache miss)
2517 silly packumentCache full:https://registry.npmjs.org/big-integer set size:undefined disposed:false
2518 silly placeDep ROOT stream-buffers@2.2.0 OK for: bplist-creator@0.1.0 want: 2.2.x
2519 silly placeDep ROOT big-integer@1.6.52 OK for: bplist-parser@0.3.1 want: 1.6.x
2520 silly placeDep node_modules/plist @xmldom/xmldom@0.9.10 OK for: plist@3.1.1 want: ^0.9.10
2521 silly placeDep ROOT sax@1.6.0 OK for: xml2js@0.6.0 want: >=0.6.0
2522 silly placeDep node_modules/xml2js xmlbuilder@11.0.1 OK for: xml2js@0.6.0 want: ~11.0.0
2523 silly placeDep ROOT cliui@8.0.1 OK for: yargs@17.7.2 want: ^8.0.1
2524 silly placeDep ROOT get-caller-file@2.0.5 OK for: yargs@17.7.2 want: ^2.0.5
2525 silly placeDep ROOT require-directory@2.1.1 OK for: yargs@17.7.2 want: ^2.1.1
2526 silly placeDep ROOT string-width@4.2.3 OK for: yargs@17.7.2 want: ^4.2.3
2527 silly placeDep ROOT y18n@5.0.8 OK for: yargs@17.7.2 want: ^5.0.5
2528 silly placeDep ROOT yargs-parser@21.1.1 OK for: yargs@17.7.2 want: ^21.1.1
2529 silly fetch manifest strip-ansi@^6.0.1
2530 silly packumentCache full:https://registry.npmjs.org/strip-ansi cache-miss
2531 silly fetch manifest string-width@^4.2.0
2532 silly packumentCache full:https://registry.npmjs.org/string-width cache-miss
2533 silly fetch manifest strip-ansi@^6.0.1
2534 silly packumentCache full:https://registry.npmjs.org/strip-ansi cache-miss
2535 silly fetch manifest emoji-regex@^8.0.0
2536 silly packumentCache full:https://registry.npmjs.org/emoji-regex cache-miss
2537 silly fetch manifest is-fullwidth-code-point@^3.0.0
2538 silly packumentCache full:https://registry.npmjs.org/is-fullwidth-code-point cache-miss
2539 http cache https://registry.npmjs.org/string-width 9ms (cache hit)
2540 silly packumentCache full:https://registry.npmjs.org/string-width set size:70381 disposed:false
2541 http fetch GET 200 https://registry.npmjs.org/strip-ansi 84ms (cache miss)
2542 silly packumentCache full:https://registry.npmjs.org/strip-ansi set size:undefined disposed:false
2543 http fetch GET 200 https://registry.npmjs.org/emoji-regex 85ms (cache miss)
2544 silly packumentCache full:https://registry.npmjs.org/emoji-regex set size:undefined disposed:false
2545 http fetch GET 200 https://registry.npmjs.org/strip-ansi 88ms (cache miss)
2546 silly packumentCache full:https://registry.npmjs.org/strip-ansi set size:undefined disposed:false
2547 http fetch GET 200 https://registry.npmjs.org/is-fullwidth-code-point 109ms (cache miss)
2548 silly packumentCache full:https://registry.npmjs.org/is-fullwidth-code-point set size:undefined disposed:false
2549 silly placeDep ROOT strip-ansi@6.0.1 OK for: cliui@8.0.1 want: ^6.0.1
2550 silly placeDep ROOT wrap-ansi@7.0.0 OK for: cliui@8.0.1 want: ^7.0.0
2551 silly placeDep ROOT emoji-regex@8.0.0 OK for: string-width@4.2.3 want: ^8.0.0
2552 silly placeDep ROOT is-fullwidth-code-point@3.0.0 OK for: string-width@4.2.3 want: ^3.0.0
2553 silly placeDep node_modules/connect ms@2.0.0 OK for: debug@2.6.9 want: 2.0.0
2554 silly fetch manifest utf-8-validate@>=5.0.2
2555 silly packumentCache full:https://registry.npmjs.org/utf-8-validate cache-miss
2556 http cache https://registry.npmjs.org/utf-8-validate 7ms (cache hit)
2557 silly packumentCache full:https://registry.npmjs.org/utf-8-validate set size:77148 disposed:false
2558 silly fetch manifest @expo/metro-runtime@^56.0.14
2559 silly packumentCache full:https://registry.npmjs.org/@expo%2fmetro-runtime cache-miss
2560 http cache https://registry.npmjs.org/@expo%2fmetro-runtime 8ms (cache hit)
2561 silly packumentCache full:https://registry.npmjs.org/@expo%2fmetro-runtime set size:716149 disposed:false
2562 silly fetch manifest expo-constants@^56.0.17
2563 silly packumentCache full:https://registry.npmjs.org/expo-constants cache-miss
2564 http cache https://registry.npmjs.org/expo-constants 7ms (cache hit)
2565 silly packumentCache full:https://registry.npmjs.org/expo-constants set size:1088070 disposed:false
2566 silly fetch manifest expo-font@^56.0.5
2567 silly packumentCache full:https://registry.npmjs.org/expo-font cache-miss
2568 http cache https://registry.npmjs.org/expo-font 7ms (cache hit)
2569 silly packumentCache full:https://registry.npmjs.org/expo-font set size:927673 disposed:false
2570 silly placeDep ROOT @expo/code-signing-certificates@0.0.6 OK for: @expo/cli@56.1.14 want: ^0.0.6
2571 silly placeDep ROOT @expo/devcert@1.2.1 OK for: @expo/cli@56.1.14 want: ^1.2.1
2572 silly placeDep ROOT @expo/inline-modules@0.0.11 OK for: @expo/cli@56.1.14 want: ^0.0.11
2573 silly placeDep ROOT @expo/metro-file-map@56.0.3 OK for: @expo/cli@56.1.14 want: ^56.0.3
2574 silly placeDep ROOT @expo/osascript@2.6.0 OK for: @expo/cli@56.1.14 want: ^2.6.0
2575 silly placeDep ROOT @expo/package-manager@1.12.1 OK for: @expo/cli@56.1.14 want: ^1.12.1
2576 silly placeDep ROOT @expo/prebuild-config@56.0.15 OK for: @expo/cli@56.1.14 want: ^56.0.15
2577 silly placeDep node_modules/expo/node_modules/@expo/cli @expo/router-server@56.0.13 CONFLICT for: @expo/cli@56.1.14 want: ^56.0.13
2578 silly placeDep ROOT expo-server@56.0.5 OK for: @expo/router-server@56.0.13 want: ^56.0.5
2579 silly placeDep ROOT @expo/schema-utils@56.0.1 OK for: @expo/cli@56.1.14 want: ^56.0.0
2580 silly placeDep ROOT @expo/ws-tunnel@1.0.6 OK for: @expo/cli@56.1.14 want: ^1.0.1
2581 silly placeDep ROOT @expo/xcpretty@4.4.4 OK for: @expo/cli@56.1.14 want: ^4.4.4
2582 silly placeDep node_modules/expo accepts@1.3.8 OK for: @expo/cli@56.1.14 want: ^1.3.8
2583 silly placeDep node_modules/expo ci-info@3.9.0 OK for: @expo/cli@56.1.14 want: ^3.3.0
2584 silly placeDep ROOT compression@1.8.1 OK for: @expo/cli@56.1.14 want: ^1.7.4
2585 silly placeDep ROOT dnssd-advertise@1.1.4 OK for: @expo/cli@56.1.14 want: ^1.1.4
2586 silly placeDep ROOT fetch-nodeshim@0.4.10 OK for: @expo/cli@56.1.14 want: ^0.4.10
2587 silly placeDep ROOT lan-network@0.2.1 OK for: @expo/cli@56.1.14 want: ^0.2.1
2588 silly placeDep ROOT multitars@1.0.0 OK for: @expo/cli@56.1.14 want: ^1.0.0
2589 silly placeDep ROOT node-forge@1.4.0 OK for: @expo/cli@56.1.14 want: ^1.3.3
2590 silly placeDep ROOT npm-package-arg@11.0.3 OK for: @expo/cli@56.1.14 want: ^11.0.0
2591 silly placeDep ROOT ora@3.4.0 OK for: @expo/cli@56.1.14 want: ^3.4.0
2592 silly placeDep ROOT progress@2.0.3 OK for: @expo/cli@56.1.14 want: ^2.0.3
2593 silly placeDep ROOT prompts@2.4.2 OK for: @expo/cli@56.1.14 want: ^2.3.2
2594 silly placeDep ROOT structured-headers@0.4.1 OK for: @expo/cli@56.1.14 want: ^0.4.1
2595 silly placeDep ROOT terminal-link@2.1.1 OK for: @expo/cli@56.1.14 want: ^2.1.1
2596 silly placeDep ROOT toqr@0.1.1 OK for: @expo/cli@56.1.14 want: ^0.1.1
2597 silly placeDep node_modules/expo ws@8.21.0 OK for: @expo/cli@56.1.14 want: ^8.12.1
2598 silly placeDep ROOT zod@3.25.76 OK for: @expo/cli@56.1.14 want: ^3.25.76
2599 silly fetch manifest debug@^3.1.0
2600 silly packumentCache full:https://registry.npmjs.org/debug cache-hit
2601 silly fetch manifest @expo/sudo-prompt@^9.3.1
2602 silly packumentCache full:https://registry.npmjs.org/@expo%2fsudo-prompt cache-miss
2603 silly fetch manifest js-yaml@^4.1.0
2604 silly packumentCache full:https://registry.npmjs.org/js-yaml cache-miss
2605 silly fetch manifest mime-types@~2.1.34
2606 silly packumentCache full:https://registry.npmjs.org/mime-types cache-hit
2607 silly fetch manifest negotiator@0.6.3
2608 silly packumentCache full:https://registry.npmjs.org/negotiator cache-miss
2609 silly fetch manifest vary@~1.1.2
2610 silly packumentCache full:https://registry.npmjs.org/vary cache-miss
2611 silly fetch manifest bytes@3.1.2
2612 silly packumentCache full:https://registry.npmjs.org/bytes cache-miss
2613 silly fetch manifest negotiator@~0.6.4
2614 silly packumentCache full:https://registry.npmjs.org/negotiator cache-miss
2615 silly fetch manifest on-headers@~1.1.0
2616 silly packumentCache full:https://registry.npmjs.org/on-headers cache-miss
2617 silly fetch manifest safe-buffer@5.2.1
2618 silly packumentCache full:https://registry.npmjs.org/safe-buffer cache-miss
2619 silly fetch manifest compressible@~2.0.18
2620 silly packumentCache full:https://registry.npmjs.org/compressible cache-miss
2621 silly fetch manifest proc-log@^4.0.0
2622 silly packumentCache full:https://registry.npmjs.org/proc-log cache-miss
2623 silly fetch manifest hosted-git-info@^7.0.0
2624 silly packumentCache full:https://registry.npmjs.org/hosted-git-info cache-miss
2625 http cache https://registry.npmjs.org/negotiator 12ms (cache hit)
2626 silly packumentCache full:https://registry.npmjs.org/negotiator set size:48046 disposed:false
2627 silly fetch manifest validate-npm-package-name@^5.0.0
2628 silly packumentCache full:https://registry.npmjs.org/validate-npm-package-name cache-miss
2629 http cache https://registry.npmjs.org/negotiator 16ms (cache hit)
2630 silly packumentCache full:https://registry.npmjs.org/negotiator set size:48046 disposed:false
2631 silly packumentCache full:https://registry.npmjs.org/negotiator dispose
2632 silly fetch manifest chalk@^2.4.2
2633 silly packumentCache full:https://registry.npmjs.org/chalk cache-hit
2634 silly fetch manifest wcwidth@^1.0.1
2635 silly packumentCache full:https://registry.npmjs.org/wcwidth cache-miss
2636 http fetch GET 200 https://registry.npmjs.org/on-headers 86ms (cache miss)
2637 silly packumentCache full:https://registry.npmjs.org/on-headers set size:undefined disposed:false
2638 silly fetch manifest cli-cursor@^2.1.0
2639 silly packumentCache full:https://registry.npmjs.org/cli-cursor cache-miss
2640 http fetch GET 200 https://registry.npmjs.org/safe-buffer 87ms (cache miss)
2641 silly packumentCache full:https://registry.npmjs.org/safe-buffer set size:undefined disposed:false
2642 silly fetch manifest strip-ansi@^5.2.0
2643 silly packumentCache full:https://registry.npmjs.org/strip-ansi cache-miss
2644 http fetch GET 200 https://registry.npmjs.org/vary 100ms (cache miss)
2645 silly packumentCache full:https://registry.npmjs.org/vary set size:undefined disposed:false
2646 silly fetch manifest log-symbols@^2.2.0
2647 silly packumentCache full:https://registry.npmjs.org/log-symbols cache-miss
2648 http fetch GET 200 https://registry.npmjs.org/bytes 102ms (cache miss)
2649 silly packumentCache full:https://registry.npmjs.org/bytes set size:undefined disposed:false
2650 silly fetch manifest cli-spinners@^2.0.0
2651 silly packumentCache full:https://registry.npmjs.org/cli-spinners cache-miss
2652 http fetch GET 200 https://registry.npmjs.org/proc-log 105ms (cache miss)
2653 silly packumentCache full:https://registry.npmjs.org/proc-log set size:undefined disposed:false
2654 silly fetch manifest kleur@^3.0.3
2655 silly packumentCache full:https://registry.npmjs.org/kleur cache-miss
2656 http fetch GET 200 https://registry.npmjs.org/compressible 109ms (cache miss)
2657 silly packumentCache full:https://registry.npmjs.org/compressible set size:undefined disposed:false
2658 silly fetch manifest sisteransi@^1.0.5
2659 silly packumentCache full:https://registry.npmjs.org/sisteransi cache-miss
2660 http fetch GET 200 https://registry.npmjs.org/validate-npm-package-name 102ms (cache miss)
2661 silly packumentCache full:https://registry.npmjs.org/validate-npm-package-name set size:undefined disposed:false
2662 silly fetch manifest ansi-escapes@^4.2.1
2663 silly packumentCache full:https://registry.npmjs.org/ansi-escapes cache-miss
2664 http fetch GET 200 https://registry.npmjs.org/js-yaml 123ms (cache miss)
2665 silly packumentCache full:https://registry.npmjs.org/js-yaml set size:undefined disposed:false
2666 silly fetch manifest supports-hyperlinks@^2.0.0
2667 silly packumentCache full:https://registry.npmjs.org/supports-hyperlinks cache-miss
2668 http fetch GET 200 https://registry.npmjs.org/@expo%2fsudo-prompt 127ms (cache miss)
2669 silly packumentCache full:https://registry.npmjs.org/@expo%2fsudo-prompt set size:undefined disposed:false
2670 http cache https://registry.npmjs.org/strip-ansi 37ms (cache hit)
2671 silly packumentCache full:https://registry.npmjs.org/strip-ansi set size:44998 disposed:false
2672 http fetch GET 200 https://registry.npmjs.org/wcwidth 116ms (cache miss)
2673 silly packumentCache full:https://registry.npmjs.org/wcwidth set size:undefined disposed:false
2674 http fetch GET 200 https://registry.npmjs.org/hosted-git-info 133ms (cache miss)
2675 silly packumentCache full:https://registry.npmjs.org/hosted-git-info set size:undefined disposed:false
2676 http fetch GET 200 https://registry.npmjs.org/cli-cursor 93ms (cache miss)
2677 silly packumentCache full:https://registry.npmjs.org/cli-cursor set size:undefined disposed:false
2678 http fetch GET 200 https://registry.npmjs.org/log-symbols 86ms (cache miss)
2679 silly packumentCache full:https://registry.npmjs.org/log-symbols set size:undefined disposed:false
2680 http fetch GET 200 https://registry.npmjs.org/cli-spinners 87ms (cache miss)
2681 silly packumentCache full:https://registry.npmjs.org/cli-spinners set size:undefined disposed:false
2682 http fetch GET 200 https://registry.npmjs.org/sisteransi 91ms (cache miss)
2683 silly packumentCache full:https://registry.npmjs.org/sisteransi set size:undefined disposed:false
2684 http fetch GET 200 https://registry.npmjs.org/kleur 96ms (cache miss)
2685 silly packumentCache full:https://registry.npmjs.org/kleur set size:undefined disposed:false
2686 http fetch GET 200 https://registry.npmjs.org/ansi-escapes 89ms (cache miss)
2687 silly packumentCache full:https://registry.npmjs.org/ansi-escapes set size:undefined disposed:false
2688 http fetch GET 200 https://registry.npmjs.org/supports-hyperlinks 101ms (cache miss)
2689 silly packumentCache full:https://registry.npmjs.org/supports-hyperlinks set size:undefined disposed:false
2690 silly placeDep ROOT @expo/sudo-prompt@9.3.2 OK for: @expo/devcert@1.2.1 want: ^9.3.1
2691 silly placeDep node_modules/@expo/devcert debug@3.2.7 OK for: @expo/devcert@1.2.1 want: ^3.1.0
2692 silly placeDep ROOT js-yaml@4.2.0 OK for: @expo/xcpretty@4.4.4 want: ^4.1.0
2693 silly fetch manifest argparse@^2.0.1
2694 silly packumentCache full:https://registry.npmjs.org/argparse cache-miss
2695 http fetch GET 200 https://registry.npmjs.org/argparse 89ms (cache miss)
2696 silly packumentCache full:https://registry.npmjs.org/argparse set size:undefined disposed:false
2697 silly placeDep ROOT bytes@3.1.2 OK for: compression@1.8.1 want: 3.1.2
2698 silly placeDep ROOT compressible@2.0.18 OK for: compression@1.8.1 want: ~2.0.18
2699 silly placeDep node_modules/compression debug@2.6.9 OK for: compression@1.8.1 want: 2.6.9
2700 silly placeDep node_modules/compression negotiator@0.6.4 OK for: compression@1.8.1 want: ~0.6.4
2701 silly placeDep ROOT on-headers@1.1.0 OK for: compression@1.8.1 want: ~1.1.0
2702 silly placeDep ROOT safe-buffer@5.2.1 OK for: compression@1.8.1 want: 5.2.1
2703 silly placeDep ROOT vary@1.1.2 OK for: compression@1.8.1 want: ~1.1.2
2704 silly placeDep ROOT argparse@2.0.1 OK for: js-yaml@4.2.0 want: ^2.0.1
2705 silly placeDep ROOT hosted-git-info@7.0.2 OK for: npm-package-arg@11.0.3 want: ^7.0.0
2706 silly placeDep ROOT proc-log@4.2.0 OK for: npm-package-arg@11.0.3 want: ^4.0.0
2707 silly placeDep ROOT validate-npm-package-name@5.0.1 OK for: npm-package-arg@11.0.3 want: ^5.0.0
2708 silly fetch manifest lru-cache@^10.0.1
2709 silly packumentCache full:https://registry.npmjs.org/lru-cache cache-hit
2710 silly placeDep node_modules/hosted-git-info lru-cache@10.4.3 OK for: hosted-git-info@7.0.2 want: ^10.0.1
2711 silly placeDep node_modules/ora chalk@2.4.2 OK for: ora@3.4.0 want: ^2.4.2
2712 silly placeDep ROOT cli-cursor@2.1.0 OK for: ora@3.4.0 want: ^2.1.0
2713 silly placeDep ROOT cli-spinners@2.9.2 OK for: ora@3.4.0 want: ^2.0.0
2714 silly placeDep ROOT log-symbols@2.2.0 OK for: ora@3.4.0 want: ^2.2.0
2715 silly placeDep node_modules/ora strip-ansi@5.2.0 OK for: ora@3.4.0 want: ^5.2.0
2716 silly placeDep ROOT wcwidth@1.0.1 OK for: ora@3.4.0 want: ^1.0.1
2717 silly fetch manifest ansi-styles@^3.2.1
2718 silly packumentCache full:https://registry.npmjs.org/ansi-styles cache-hit
2719 silly fetch manifest supports-color@^5.3.0
2720 silly packumentCache full:https://registry.npmjs.org/supports-color cache-hit
2721 silly fetch manifest escape-string-regexp@^1.0.5
2722 silly packumentCache full:https://registry.npmjs.org/escape-string-regexp cache-miss
2723 silly fetch manifest restore-cursor@^2.0.0
2724 silly packumentCache full:https://registry.npmjs.org/restore-cursor cache-miss
2725 silly fetch manifest chalk@^2.0.1
2726 silly packumentCache full:https://registry.npmjs.org/chalk cache-hit
2727 silly fetch manifest ansi-regex@^4.1.0
2728 silly packumentCache full:https://registry.npmjs.org/ansi-regex cache-miss
2729 silly fetch manifest defaults@^1.0.3
2730 silly packumentCache full:https://registry.npmjs.org/defaults cache-miss
2731 http cache https://registry.npmjs.org/ansi-regex 8ms (cache hit)
2732 silly packumentCache full:https://registry.npmjs.org/ansi-regex set size:43572 disposed:false
2733 http cache https://registry.npmjs.org/escape-string-regexp 11ms (cache hit)
2734 silly packumentCache full:https://registry.npmjs.org/escape-string-regexp set size:22244 disposed:false
2735 http fetch GET 200 https://registry.npmjs.org/restore-cursor 85ms (cache miss)
2736 silly packumentCache full:https://registry.npmjs.org/restore-cursor set size:undefined disposed:false
2737 http fetch GET 200 https://registry.npmjs.org/defaults 91ms (cache miss)
2738 silly packumentCache full:https://registry.npmjs.org/defaults set size:undefined disposed:false
2739 silly placeDep ROOT restore-cursor@2.0.0 OK for: cli-cursor@2.1.0 want: ^2.0.0
2740 silly fetch manifest onetime@^2.0.0
2741 silly packumentCache full:https://registry.npmjs.org/onetime cache-miss
2742 silly fetch manifest signal-exit@^3.0.2
2743 silly packumentCache full:https://registry.npmjs.org/signal-exit cache-miss
2744 http fetch GET 200 https://registry.npmjs.org/signal-exit 85ms (cache miss)
2745 silly packumentCache full:https://registry.npmjs.org/signal-exit set size:undefined disposed:false
2746 http fetch GET 200 https://registry.npmjs.org/onetime 89ms (cache miss)
2747 silly packumentCache full:https://registry.npmjs.org/onetime set size:undefined disposed:false
2748 silly placeDep node_modules/log-symbols chalk@2.4.2 OK for: log-symbols@2.2.0 want: ^2.0.1
2749 silly placeDep ROOT kleur@3.0.3 OK for: prompts@2.4.2 want: ^3.0.3
2750 silly placeDep ROOT sisteransi@1.0.5 OK for: prompts@2.4.2 want: ^1.0.5
2751 silly placeDep ROOT onetime@2.0.1 OK for: restore-cursor@2.0.0 want: ^2.0.0
2752 silly placeDep ROOT signal-exit@3.0.7 OK for: restore-cursor@2.0.0 want: ^3.0.2
2753 silly fetch manifest mimic-fn@^1.0.0
2754 silly packumentCache full:https://registry.npmjs.org/mimic-fn cache-miss
2755 http fetch GET 200 https://registry.npmjs.org/mimic-fn 82ms (cache miss)
2756 silly packumentCache full:https://registry.npmjs.org/mimic-fn set size:undefined disposed:false
2757 silly placeDep ROOT mimic-fn@1.2.0 OK for: onetime@2.0.1 want: ^1.0.0
2758 silly placeDep ROOT ansi-escapes@4.3.2 OK for: terminal-link@2.1.1 want: ^4.2.1
2759 silly placeDep ROOT supports-hyperlinks@2.3.0 OK for: terminal-link@2.1.1 want: ^2.0.0
2760 silly fetch manifest type-fest@^0.21.3
2761 silly packumentCache full:https://registry.npmjs.org/type-fest cache-miss
2762 http cache https://registry.npmjs.org/type-fest 8ms (cache hit)
2763 silly packumentCache full:https://registry.npmjs.org/type-fest set size:563278 disposed:false
2764 silly placeDep node_modules/ansi-escapes type-fest@0.21.3 OK for: ansi-escapes@4.3.2 want: ^0.21.3
2765 silly placeDep ROOT defaults@1.0.4 OK for: wcwidth@1.0.1 want: ^1.0.3
2766 silly fetch manifest clone@^1.0.2
2767 silly packumentCache full:https://registry.npmjs.org/clone cache-miss
2768 http fetch GET 200 https://registry.npmjs.org/clone 82ms (cache miss)
2769 silly packumentCache full:https://registry.npmjs.org/clone set size:undefined disposed:false
2770 silly placeDep ROOT clone@1.0.4 OK for: defaults@1.0.4 want: ^1.0.2
2771 silly placeDep node_modules/compression ms@2.0.0 OK for: debug@2.6.9 want: 2.0.0
2772 silly placeDep node_modules/expo mime-types@2.1.35 OK for: accepts@1.3.8 want: ~2.1.34
2773 silly placeDep node_modules/expo negotiator@0.6.3 OK for: accepts@1.3.8 want: 0.6.3
2774 silly fetch manifest mime-db@1.52.0
2775 silly packumentCache full:https://registry.npmjs.org/mime-db cache-miss
2776 http cache https://registry.npmjs.org/mime-db 5ms (cache hit)
2777 silly packumentCache full:https://registry.npmjs.org/mime-db set size:164953 disposed:false
2778 silly placeDep node_modules/expo mime-db@1.52.0 OK for: mime-types@2.1.35 want: 1.52.0
2779 silly placeDep node_modules/finalhandler ms@2.0.0 OK for: debug@2.6.9 want: 2.0.0
2780 silly placeDep node_modules/lighthouse-logger ms@2.0.0 OK for: debug@2.6.9 want: 2.0.0
2781 silly placeDep node_modules/log-symbols ansi-styles@3.2.1 OK for: chalk@2.4.2 want: ^3.2.1
2782 silly placeDep node_modules/log-symbols escape-string-regexp@1.0.5 OK for: chalk@2.4.2 want: ^1.0.5
2783 silly placeDep node_modules/log-symbols supports-color@5.5.0 OK for: chalk@2.4.2 want: ^5.3.0
2784 silly fetch manifest color-convert@^1.9.0
2785 silly packumentCache full:https://registry.npmjs.org/color-convert cache-miss
2786 silly fetch manifest has-flag@^3.0.0
2787 silly packumentCache full:https://registry.npmjs.org/has-flag cache-miss
2788 http cache https://registry.npmjs.org/has-flag 6ms (cache hit)
2789 silly packumentCache full:https://registry.npmjs.org/has-flag set size:15180 disposed:false
2790 http cache https://registry.npmjs.org/color-convert 7ms (cache hit)
2791 silly packumentCache full:https://registry.npmjs.org/color-convert set size:72663 disposed:false
2792 silly placeDep node_modules/log-symbols color-convert@1.9.3 OK for: ansi-styles@3.2.1 want: ^1.9.0
2793 silly fetch manifest color-name@1.1.3
2794 silly packumentCache full:https://registry.npmjs.org/color-name cache-miss
2795 http cache https://registry.npmjs.org/color-name 4ms (cache hit)
2796 silly packumentCache full:https://registry.npmjs.org/color-name set size:19467 disposed:false
2797 silly placeDep node_modules/log-symbols color-name@1.1.3 OK for: color-convert@1.9.3 want: 1.1.3
2798 silly placeDep node_modules/log-symbols has-flag@3.0.0 OK for: supports-color@5.5.0 want: ^3.0.0
2799 silly placeDep node_modules/metro-babel-transformer hermes-estree@0.35.0 OK for: hermes-parser@0.35.0 want: 0.35.0
2800 silly placeDep node_modules/metro hermes-estree@0.35.0 OK for: hermes-parser@0.35.0 want: 0.35.0
2801 silly placeDep node_modules/ora ansi-styles@3.2.1 OK for: chalk@2.4.2 want: ^3.2.1
2802 silly placeDep node_modules/ora escape-string-regexp@1.0.5 OK for: chalk@2.4.2 want: ^1.0.5
2803 silly placeDep node_modules/ora supports-color@5.5.0 OK for: chalk@2.4.2 want: ^5.3.0
2804 silly placeDep node_modules/ora color-convert@1.9.3 OK for: ansi-styles@3.2.1 want: ^1.9.0
2805 silly placeDep node_modules/ora color-name@1.1.3 OK for: color-convert@1.9.3 want: 1.1.3
2806 silly placeDep node_modules/ora ansi-regex@4.1.1 OK for: strip-ansi@5.2.0 want: ^4.1.0
2807 silly placeDep node_modules/ora has-flag@3.0.0 OK for: supports-color@5.5.0 want: ^3.0.0
2808 silly placeDep node_modules/send/node_modules/debug ms@2.0.0 OK for: debug@2.6.9 want: 2.0.0
2809 silly reify moves {}
2810 silly audit bulk request {
2810 silly audit   '@types/react': [ '19.2.17' ],
2810 silly audit   expo: [ '56.0.9' ],
2810 silly audit   react: [ '19.2.3' ],
2810 silly audit   'react-native': [ '0.85.3' ],
2810 silly audit   'expo-status-bar': [ '56.0.4' ],
2810 silly audit   'react-dom': [ '19.2.3' ],
2810 silly audit   'react-native-web': [ '0.21.2' ],
2810 silly audit   typescript: [ '6.0.3' ],
2810 silly audit   csstype: [ '3.2.3' ],
2810 silly audit   '@babel/runtime': [ '7.29.7' ],
2810 silly audit   '@expo/cli': [ '56.1.14' ],
2810 silly audit   '@expo/config': [ '56.0.9' ],
2810 silly audit   '@expo/config-plugins': [ '56.0.8' ],
2810 silly audit   '@expo/devtools': [ '56.0.2' ],
2810 silly audit   '@expo/dom-webview': [ '56.0.5' ],
2810 silly audit   '@expo/fingerprint': [ '0.19.4' ],
2810 silly audit   '@expo/local-build-cache-provider': [ '56.0.8' ],
2810 silly audit   '@expo/log-box': [ '56.0.12' ],
2810 silly audit   '@expo/metro': [ '56.0.0' ],
2810 silly audit   '@expo/metro-config': [ '56.0.13' ],
2810 silly audit   '@ungap/structured-clone': [ '1.3.1' ],
2810 silly audit   'babel-preset-expo': [ '56.0.14' ],
2810 silly audit   'react-refresh': [ '0.14.2' ],
2810 silly audit   'expo-asset': [ '56.0.16' ],
2810 silly audit   'expo-constants': [ '56.0.17' ],
2810 silly audit   'expo-file-system': [ '56.0.7' ],
2810 silly audit   'expo-font': [ '56.0.5' ],
2810 silly audit   'expo-keep-awake': [ '56.0.3' ],
2810 silly audit   'expo-modules-autolinking': [ '56.0.15' ],
2810 silly audit   'expo-modules-core': [ '56.0.15' ],
2810 silly audit   'pretty-format': [ '29.7.0' ],
2810 silly audit   'whatwg-url-minimum': [ '0.1.2' ],
2810 silly audit   '@expo/config-types': [ '56.0.5' ],
2810 silly audit   '@expo/json-file': [ '10.2.0' ],
2810 silly audit   '@expo/require-utils': [ '56.1.3' ],
2810 silly audit   deepmerge: [ '4.3.1' ],
2810 silly audit   getenv: [ '2.0.0' ],
2810 silly audit   glob: [ '13.0.6' ],
2810 silly audit   'resolve-workspace-root': [ '2.0.1' ],
2810 silly audit   semver: [ '7.8.4', '6.3.1' ],
2810 silly audit   slugify: [ '1.6.9' ],
2810 silly audit   '@expo/plist': [ '0.7.0' ],
2810 silly audit   '@expo/sdk-runtime-versions': [ '1.0.0' ],
2810 silly audit   chalk: [ '4.1.2', '2.4.2' ],
2810 silly audit   debug: [ '4.4.3', '2.6.9', '3.2.7' ],
2810 silly audit   xcode: [ '3.0.1' ],
2810 silly audit   xml2js: [ '0.6.0' ],
2810 silly audit   '@expo/env': [ '2.3.0' ],
2810 silly audit   '@expo/spawn-async': [ '1.8.0' ],
2810 silly audit   arg: [ '5.0.2' ],
2810 silly audit   ignore: [ '5.3.2' ],
2810 silly audit   minimatch: [ '10.2.5' ],
2810 silly audit   'resolve-from': [ '5.0.0' ],
2810 silly audit   '@babel/code-frame': [ '7.29.7' ],
2810 silly audit   json5: [ '2.2.3' ],
2810 silly audit   '@babel/helper-validator-identifier': [ '7.29.7' ],
2810 silly audit   'js-tokens': [ '4.0.0' ],
2810 silly audit   picocolors: [ '1.1.1' ],
2810 silly audit   anser: [ '1.4.10' ],
2810 silly audit   'stacktrace-parser': [ '0.1.11' ],
2810 silly audit   metro: [ '0.84.4' ],
2810 silly audit   'metro-babel-transformer': [ '0.84.4' ],
2810 silly audit   'metro-cache': [ '0.84.4' ],
2810 silly audit   'metro-cache-key': [ '0.84.4' ],
2810 silly audit   'metro-config': [ '0.84.4' ],
2810 silly audit   'metro-core': [ '0.84.4' ],
2810 silly audit   'metro-file-map': [ '0.84.4' ],
2810 silly audit   'metro-minify-terser': [ '0.84.4' ],
2810 silly audit   'metro-resolver': [ '0.84.4' ],
2810 silly audit   'metro-runtime': [ '0.84.4' ],
2810 silly audit   'metro-source-map': [ '0.84.4' ],
2810 silly audit   'metro-symbolicate': [ '0.84.4' ],
2810 silly audit   'metro-transform-plugins': [ '0.84.4' ],
2810 silly audit   'metro-transform-worker': [ '0.84.4' ],
2810 silly audit   '@babel/core': [ '7.29.7' ],
2810 silly audit   '@babel/generator': [ '7.29.7' ],
2810 silly audit   '@jridgewell/gen-mapping': [ '0.3.13' ],
2810 silly audit   '@jridgewell/remapping': [ '2.3.5' ],
2810 silly audit   '@jridgewell/sourcemap-codec': [ '1.5.5' ],
2810 silly audit   browserslist: [ '4.28.2' ],
2810 silly audit   'hermes-parser': [ '0.33.3', '0.35.0' ],
2810 silly audit   'jsc-safe-url': [ '0.2.4' ],
2810 silly audit   lightningcss: [ '1.32.0' ],
2810 silly audit   msgpackr: [ '2.0.4' ],
2810 silly audit   picomatch: [ '4.0.4', '2.3.2' ],
2810 silly audit   postcss: [ '8.5.15' ],
2810 silly audit   '@babel/helper-compilation-targets': [ '7.29.7' ],
2810 silly audit   '@babel/helper-module-transforms': [ '7.29.7' ],
2810 silly audit   '@babel/helpers': [ '7.29.7' ],
2810 silly audit   '@babel/parser': [ '7.29.7' ],
2810 silly audit   '@babel/template': [ '7.29.7' ],
2810 silly audit   '@babel/traverse': [ '7.29.7' ],
2810 silly audit   '@babel/types': [ '7.29.7' ],
2810 silly audit   'convert-source-map': [ '2.0.0' ],
2810 silly audit   gensync: [ '1.0.0-beta.2' ],
2810 silly audit   '@jridgewell/trace-mapping': [ '0.3.31' ],
2810 silly audit   jsesc: [ '3.1.0' ],
2810 silly audit   '@babel/compat-data': [ '7.29.7' ],
2810 silly audit   '@babel/helper-validator-option': [ '7.29.7' ],
2810 silly audit   'lru-cache': [ '5.1.1', '11.5.1', '10.4.3' ],
2810 silly audit   '@babel/helper-module-imports': [ '7.29.7' ],
2810 silly audit   '@babel/helper-globals': [ '7.29.7' ],
2810 silly audit   '@babel/helper-string-parser': [ '7.29.7' ],
2810 silly audit   '@xmldom/xmldom': [ '0.8.13', '0.9.10' ],
2810 silly audit   'base64-js': [ '1.5.1' ],
2810 silly audit   xmlbuilder: [ '15.1.1', '11.0.1' ],
2810 silly audit   '@babel/plugin-transform-modules-commonjs': [ '7.29.7' ],
2810 silly audit   '@babel/helper-plugin-utils': [ '7.29.7' ],
2810 silly audit   'cross-spawn': [ '7.0.6' ],
2810 silly audit   '@jridgewell/resolve-uri': [ '3.1.2' ],
2810 silly audit   '@babel/plugin-proposal-decorators': [ '7.29.7' ],
2810 silly audit   '@babel/plugin-proposal-export-default-from': [ '7.29.7' ],
2810 silly audit   '@babel/plugin-syntax-dynamic-import': [ '7.8.3' ],
2810 silly audit   '@babel/plugin-syntax-export-default-from': [ '7.29.7' ],
2810 silly audit   '@babel/plugin-syntax-nullish-coalescing-operator': [ '7.8.3' ],
2810 silly audit   '@babel/plugin-syntax-optional-chaining': [ '7.8.3' ],
2810 silly audit   '@babel/plugin-transform-async-generator-functions': [ '7.29.7' ],
2810 silly audit   '@babel/plugin-transform-async-to-generator': [ '7.29.7' ],
2810 silly audit   '@babel/plugin-transform-block-scoping': [ '7.29.7' ],
2810 silly audit   '@babel/plugin-transform-class-properties': [ '7.29.7' ],
2810 silly audit   '@babel/plugin-transform-class-static-block': [ '7.29.7' ],
2810 silly audit   '@babel/plugin-transform-classes': [ '7.29.7' ],
2810 silly audit   '@babel/plugin-transform-destructuring': [ '7.29.7' ],
2810 silly audit   '@babel/plugin-transform-export-namespace-from': [ '7.29.7' ],
2810 silly audit   '@babel/plugin-transform-flow-strip-types': [ '7.29.7' ],
2810 silly audit   '@babel/plugin-transform-for-of': [ '7.29.7' ],
2810 silly audit   '@babel/plugin-transform-logical-assignment-operators': [ '7.29.7' ],
2810 silly audit   '@babel/plugin-transform-named-capturing-groups-regex': [ '7.29.7' ],
2810 silly audit   '@babel/plugin-transform-nullish-coalescing-operator': [ '7.29.7' ],
2810 silly audit   '@babel/plugin-transform-object-rest-spread': [ '7.29.7' ],
2810 silly audit   '@babel/plugin-transform-optional-catch-binding': [ '7.29.7' ],
2810 silly audit   '@babel/plugin-transform-optional-chaining': [ '7.29.7' ],
2810 silly audit   '@babel/plugin-transform-parameters': [ '7.29.7' ],
2810 silly audit   '@babel/plugin-transform-private-methods': [ '7.29.7' ],
2810 silly audit   '@babel/plugin-transform-private-property-in-object': [ '7.29.7' ],
2810 silly audit   '@babel/plugin-transform-react-display-name': [ '7.29.7' ],
2810 silly audit   '@babel/plugin-transform-react-jsx': [ '7.29.7' ],
2810 silly audit   '@babel/plugin-transform-react-jsx-development': [ '7.29.7' ],
2810 silly audit   '@babel/plugin-transform-react-pure-annotations': [ '7.29.7' ],
2810 silly audit   '@babel/plugin-transform-runtime': [ '7.29.7' ],
2810 silly audit   '@babel/plugin-transform-typescript': [ '7.29.7' ],
2810 silly audit   '@babel/plugin-transform-unicode-regex': [ '7.29.7' ],
2810 silly audit   '@babel/preset-typescript': [ '7.29.7' ],
2810 silly audit   '@react-native/babel-plugin-codegen': [ '0.85.3' ],
2810 silly audit   'babel-plugin-react-compiler': [ '1.0.0' ],
2810 silly audit   'babel-plugin-react-native-web': [ '0.21.2' ],
2810 silly audit   'babel-plugin-syntax-hermes-parser': [ '0.33.3' ],
2810 silly audit   'babel-plugin-transform-flow-enums': [ '0.0.2' ],
2810 silly audit   '@babel/helper-create-class-features-plugin': [ '7.29.7' ],
2810 silly audit   '@babel/plugin-syntax-decorators': [ '7.29.7' ],
2810 silly audit   '@babel/helper-annotate-as-pure': [ '7.29.7' ],
2810 silly audit   '@babel/helper-member-expression-to-functions': [ '7.29.7' ],
2810 silly audit   '@babel/helper-optimise-call-expression': [ '7.29.7' ],
2810 silly audit   '@babel/helper-replace-supers': [ '7.29.7' ],
2810 silly audit   '@babel/helper-skip-transparent-expression-wrappers': [ '7.29.7' ],
2810 silly audit   '@babel/helper-remap-async-to-generator': [ '7.29.7' ],
2810 silly audit   '@babel/helper-wrap-function': [ '7.29.7' ],
2810 silly audit   '@babel/plugin-syntax-flow': [ '7.29.7' ],
2810 silly audit   '@babel/helper-create-regexp-features-plugin': [ '7.29.7' ],
2810 silly audit   'regexpu-core': [ '6.4.0' ],
2810 silly audit   '@babel/plugin-syntax-jsx': [ '7.29.7' ],
2810 silly audit   'babel-plugin-polyfill-corejs2': [ '0.4.17' ],
2810 silly audit   'babel-plugin-polyfill-corejs3': [ '0.13.0' ],
2810 silly audit   'babel-plugin-polyfill-regenerator': [ '0.6.8' ],
2810 silly audit   '@babel/plugin-syntax-typescript': [ '7.29.7' ],
2810 silly audit   '@react-native/codegen': [ '0.85.3' ],
2810 silly audit   invariant: [ '2.2.4' ],
2810 silly audit   nullthrows: [ '1.1.1' ],
2810 silly audit   tinyglobby: [ '0.2.17' ],
2810 silly audit   yargs: [ '17.7.2' ],
2810 silly audit   '@babel/helper-define-polyfill-provider': [ '0.6.8' ],
2810 silly audit   'lodash.debounce': [ '4.0.8' ],
2810 silly audit   resolve: [ '1.22.12' ],
2810 silly audit   'core-js-compat': [ '3.49.0' ],
2810 silly audit   'baseline-browser-mapping': [ '2.10.35' ],
2810 silly audit   'caniuse-lite': [ '1.0.30001797' ],
2810 silly audit   'electron-to-chromium': [ '1.5.371' ],
2810 silly audit   'node-releases': [ '2.0.47' ],
2810 silly audit   'update-browserslist-db': [ '1.2.3' ],
2810 silly audit   'ansi-styles': [ '4.3.0', '5.2.0', '3.2.1' ],
2810 silly audit   'supports-color': [ '7.2.0', '8.1.1', '5.5.0' ],
2810 silly audit   'color-convert': [ '2.0.1', '1.9.3' ],
2810 silly audit   'color-name': [ '1.1.4', '1.1.3' ],
2810 silly audit   'path-key': [ '3.1.1' ],
2810 silly audit   'shebang-command': [ '2.0.0' ],
2810 silly audit   which: [ '2.0.2' ],
2810 silly audit   ms: [ '2.1.3', '2.0.0' ],
2810 silly audit   '@expo/image-utils': [ '0.10.1' ],
2810 silly audit   'jimp-compact': [ '0.16.1' ],
2810 silly audit   'parse-png': [ '2.1.0' ],
2810 silly audit   fontfaceobserver: [ '2.3.0' ],
2810 silly audit   commander: [ '7.2.0', '12.1.0', '2.20.3' ],
2810 silly audit   '@expo/expo-modules-macros-plugin': [ '0.0.9' ],
2810 silly audit   'expo-modules-jsi': [ '56.0.8' ],
2810 silly audit   minipass: [ '7.1.3' ],
2810 silly audit   'path-scurry': [ '2.0.2' ],
2810 silly audit   'hermes-estree': [ '0.33.3', '0.35.0' ],
2810 silly audit   'loose-envify': [ '1.4.0' ],
2810 silly audit   'detect-libc': [ '2.1.2' ],
2810 silly audit   'lightningcss-android-arm64': [ '1.32.0' ],
2810 silly audit   'lightningcss-darwin-arm64': [ '1.32.0' ],
2810 silly audit   'lightningcss-darwin-x64': [ '1.32.0' ],
2810 silly audit   'lightningcss-freebsd-x64': [ '1.32.0' ],
2810 silly audit   'lightningcss-linux-arm-gnueabihf': [ '1.32.0' ],
2810 silly audit   'lightningcss-linux-arm64-gnu': [ '1.32.0' ],
2810 silly audit   'lightningcss-linux-arm64-musl': [ '1.32.0' ],
2810 silly audit   'lightningcss-linux-x64-gnu': [ '1.32.0' ],
2810 silly audit   'lightningcss-linux-x64-musl': [ '1.32.0' ],
2810 silly audit   'lightningcss-win32-arm64-msvc': [ '1.32.0' ],
2810 silly audit   'lightningcss-win32-x64-msvc': [ '1.32.0' ],
2810 silly audit   yallist: [ '3.1.1' ],
2810 silly audit   accepts: [ '2.0.0', '1.3.8' ],
2810 silly audit   'ci-info': [ '2.0.0', '3.9.0' ],
2810 silly audit   connect: [ '3.7.0' ],
2810 silly audit   'error-stack-parser': [ '2.1.4' ],
2810 silly audit   'flow-enums-runtime': [ '0.0.6' ],
2810 silly audit   'graceful-fs': [ '4.2.11' ],
2810 silly audit   'image-size': [ '1.2.1' ],
2810 silly audit   'jest-worker': [ '29.7.0' ],
2810 silly audit   'lodash.throttle': [ '4.1.1' ],
2810 silly audit   'mime-types': [ '3.0.2', '2.1.35' ],
2810 silly audit   'serialize-error': [ '2.1.0' ],
2810 silly audit   'source-map': [ '0.5.7', '0.6.1' ],
2810 silly audit   throat: [ '5.0.0' ],
2810 silly audit   ws: [ '7.5.11', '8.21.0' ],
2810 silly audit   negotiator: [ '1.0.0', '0.6.4', '0.6.3' ],
2810 silly audit   finalhandler: [ '1.1.2' ],
2810 silly audit   parseurl: [ '1.3.3' ],
2810 silly audit   'utils-merge': [ '1.0.1' ],
2810 silly audit   stackframe: [ '1.3.4' ],
2810 silly audit   encodeurl: [ '1.0.2', '2.0.0' ],
2810 silly audit   'escape-html': [ '1.0.3' ],
2810 silly audit   'on-finished': [ '2.3.0', '2.4.1' ],
2810 silly audit   statuses: [ '1.5.0', '2.0.2' ],
2810 silly audit   unpipe: [ '1.0.0' ],
2810 silly audit   queue: [ '6.0.2' ],
2810 silly audit   '@types/node': [ '25.9.2' ],
2810 silly audit   'jest-util': [ '29.7.0' ],
2810 silly audit   'merge-stream': [ '2.0.0' ],
2810 silly audit   'undici-types': [ '7.24.6' ],
2810 silly audit   '@jest/types': [ '29.6.3' ],
2810 silly audit   '@jest/schemas': [ '29.6.3' ],
2810 silly audit   '@types/istanbul-lib-coverage': [ '2.0.6' ],
2810 silly audit   '@types/istanbul-reports': [ '3.0.4' ],
2810 silly audit   '@types/yargs': [ '17.0.35' ],
2810 silly audit   '@sinclair/typebox': [ '0.27.10' ],
2810 silly audit   '@types/istanbul-lib-report': [ '3.0.3' ],
2810 silly audit   '@types/yargs-parser': [ '21.0.3' ],
2810 silly audit   'exponential-backoff': [ '3.1.3' ],
2810 silly audit   'https-proxy-agent': [ '7.0.6' ],
2810 silly audit   'agent-base': [ '7.1.4' ],
2810 silly audit   'jest-validate': [ '29.7.0' ],
2810 silly audit   yaml: [ '2.9.0' ],
2810 silly audit   camelcase: [ '6.3.0' ],
2810 silly audit   'jest-get-type': [ '29.6.3' ],
2810 silly audit   leven: [ '3.1.0' ],
2810 silly audit   'fb-watchman': [ '2.0.2' ],
2810 silly audit   micromatch: [ '4.0.8' ],
2810 silly audit   walker: [ '1.0.8' ],
2810 silly audit   bser: [ '2.1.1' ],
2810 silly audit   'node-int64': [ '0.4.0' ],
2810 silly audit   terser: [ '5.48.0' ],
2810 silly audit   ob1: [ '0.84.4' ],
2810 silly audit   vlq: [ '1.0.1' ],
2810 silly audit   braces: [ '3.0.3' ],
2810 silly audit   'fill-range': [ '7.1.1' ],
2810 silly audit   'to-regex-range': [ '5.0.1' ],
2810 silly audit   'mime-db': [ '1.54.0', '1.52.0' ],
2810 silly audit   'brace-expansion': [ '5.0.6' ],
2810 silly audit   'balanced-match': [ '4.0.4' ],
2810 silly audit   'msgpackr-extract': [ '3.0.4' ],
2810 silly audit   '@msgpackr-extract/msgpackr-extract-darwin-arm64': [ '3.0.4' ],
2810 silly audit   '@msgpackr-extract/msgpackr-extract-darwin-x64': [ '3.0.4' ],
2810 silly audit   '@msgpackr-extract/msgpackr-extract-linux-arm': [ '3.0.4' ],
2810 silly audit   '@msgpackr-extract/msgpackr-extract-linux-arm64': [ '3.0.4' ],
2810 silly audit   '@msgpackr-extract/msgpackr-extract-linux-x64': [ '3.0.4' ],
2810 silly audit   '@msgpackr-extract/msgpackr-extract-win32-x64': [ '3.0.4' ],
2810 silly audit   'node-gyp-build-optional-packages': [ '5.2.2' ],
2810 silly audit   'ee-first': [ '1.1.1' ],
2810 silly audit   pngjs: [ '3.4.0' ],
2810 silly audit   nanoid: [ '3.3.12' ],
2810 silly audit   'source-map-js': [ '1.2.1' ],
2810 silly audit   'react-is': [ '18.3.1' ],
2810 silly audit   inherits: [ '2.0.4' ],
2810 silly audit   scheduler: [ '0.27.0' ],
2810 silly audit   '@react-native/assets-registry': [ '0.85.3' ],
2810 silly audit   '@react-native/community-cli-plugin': [ '0.85.3' ],
2810 silly audit   '@react-native/gradle-plugin': [ '0.85.3' ],
2810 silly audit   '@react-native/js-polyfills': [ '0.85.3' ],
2810 silly audit   '@react-native/normalize-colors': [ '0.85.3', '0.74.89' ],
2810 silly audit   '@react-native/virtualized-lists': [ '0.85.3' ],
2810 silly audit   'abort-controller': [ '3.0.0' ],
2810 silly audit   'ansi-regex': [ '5.0.1', '4.1.1' ],
2810 silly audit   'hermes-compiler': [ '250829098.0.10' ],
2810 silly audit   'memoize-one': [ '5.2.1', '6.0.0' ],
2810 silly audit   promise: [ '8.3.0', '7.3.1' ],
2810 silly audit   'react-devtools-core': [ '6.1.5' ],
2810 silly audit   'regenerator-runtime': [ '0.13.11' ],
2810 silly audit   'whatwg-fetch': [ '3.6.20' ],
2810 silly audit   '@react-native/dev-middleware': [ '0.85.3' ],
2810 silly audit   '@isaacs/ttlcache': [ '1.4.1' ],
2810 silly audit   '@react-native/debugger-frontend': [ '0.85.3' ],
2810 silly audit   '@react-native/debugger-shell': [ '0.85.3' ],
2810 silly audit   'chrome-launcher': [ '0.15.2' ],
2810 silly audit   'chromium-edge-launcher': [ '0.3.0' ],
2810 silly audit   open: [ '7.4.2' ],
2810 silly audit   'serve-static': [ '1.16.3' ],
2810 silly audit   'fb-dotslash': [ '0.5.8' ],
2810 silly audit   'event-target-shim': [ '5.0.1' ],
2810 silly audit   'escape-string-regexp': [ '4.0.0', '1.0.5' ],
2810 silly audit   'is-wsl': [ '2.2.0' ],
2810 silly audit   'lighthouse-logger': [ '1.4.2' ],
2810 silly audit   mkdirp: [ '1.0.4' ],
2810 silly audit   'is-docker': [ '2.2.1' ],
2810 silly audit   marky: [ '1.3.0' ],
2810 silly audit   asap: [ '2.0.6' ],
2810 silly audit   'shell-quote': [ '1.8.4' ],
2810 silly audit   fbjs: [ '3.0.5' ],
2810 silly audit   'inline-style-prefixer': [ '7.0.1' ],
2810 silly audit   'postcss-value-parser': [ '4.2.0' ],
2810 silly audit   styleq: [ '0.1.3' ],
2810 silly audit   'cross-fetch': [ '3.2.0' ],
2810 silly audit   'fbjs-css-vars': [ '1.0.2' ],
2810 silly audit   'object-assign': [ '4.1.1' ],
2810 silly audit   setimmediate: [ '1.0.5' ],
2810 silly audit   'ua-parser-js': [ '1.0.41' ],
2810 silly audit   'node-fetch': [ '2.7.0' ],
2810 silly audit   'css-in-js-utils': [ '3.1.0' ],
2810 silly audit   'hyphenate-style-name': [ '1.1.0' ],
2810 silly audit   'whatwg-url': [ '5.0.0' ],
2810 silly audit   regenerate: [ '1.4.2' ],
2810 silly audit   'regenerate-unicode-properties': [ '10.2.2' ],
2810 silly audit   regjsgen: [ '0.8.0' ],
2810 silly audit   regjsparser: [ '0.13.1' ],
2810 silly audit   'unicode-match-property-ecmascript': [ '2.0.0' ],
2810 silly audit   'unicode-match-property-value-ecmascript': [ '2.2.1' ],
2810 silly audit   'es-errors': [ '1.3.0' ],
2810 silly audit   'is-core-module': [ '2.16.2' ],
2810 silly audit   'path-parse': [ '1.0.7' ],
2810 silly audit   'supports-preserve-symlinks-flag': [ '1.0.0' ],
2810 silly audit   hasown: [ '2.0.4' ],
2810 silly audit   'function-bind': [ '1.1.2' ],
2810 silly audit   send: [ '0.19.2' ],
2810 silly audit   depd: [ '2.0.0' ],
2810 silly audit   destroy: [ '1.2.0' ],
2810 silly audit   etag: [ '1.8.1' ],
2810 silly audit   fresh: [ '0.5.2' ],
2810 silly audit   'http-errors': [ '2.0.1' ],
2810 silly audit   mime: [ '1.6.0' ],
2810 silly audit   'range-parser': [ '1.2.1' ],
2810 silly audit   setprototypeof: [ '1.2.0' ],
2810 silly audit   toidentifier: [ '1.0.1' ],
2810 silly audit   'shebang-regex': [ '3.0.0' ],
2810 silly audit   'type-fest': [ '0.7.1', '0.21.3' ],
2810 silly audit   'has-flag': [ '4.0.0', '3.0.0' ],
2810 silly audit   '@jridgewell/source-map': [ '0.3.11' ],
2810 silly audit   acorn: [ '8.16.0' ],
2810 silly audit   'source-map-support': [ '0.5.21' ],
2810 silly audit   'buffer-from': [ '1.1.2' ],
2810 silly audit   fdir: [ '6.5.0' ],
2810 silly audit   'is-number': [ '7.0.0' ],
2810 silly audit   'unicode-canonical-property-names-ecmascript': [ '2.0.1' ],
2810 silly audit   'unicode-property-aliases-ecmascript': [ '2.2.0' ],
2810 silly audit   escalade: [ '3.2.0' ],
2810 silly audit   makeerror: [ '1.0.12' ],
2810 silly audit   tmpl: [ '1.0.5' ],
2810 silly audit   tr46: [ '0.0.3' ],
2810 silly audit   'webidl-conversions': [ '3.0.1' ],
2810 silly audit   isexe: [ '2.0.0' ],
2810 silly audit   'simple-plist': [ '1.3.1' ],
2810 silly audit   uuid: [ '7.0.3' ],
2810 silly audit   'bplist-creator': [ '0.1.0' ],
2810 silly audit   'bplist-parser': [ '0.3.1' ],
2810 silly audit   plist: [ '3.1.1' ],
2810 silly audit   'stream-buffers': [ '2.2.0' ],
2810 silly audit   'big-integer': [ '1.6.52' ],
2810 silly audit   sax: [ '1.6.0' ],
2810 silly audit   cliui: [ '8.0.1' ],
2810 silly audit   'get-caller-file': [ '2.0.5' ],
2810 silly audit   'require-directory': [ '2.1.1' ],
2810 silly audit   'string-width': [ '4.2.3' ],
2810 silly audit   y18n: [ '5.0.8' ],
2810 silly audit   'yargs-parser': [ '21.1.1' ],
2810 silly audit   'strip-ansi': [ '6.0.1', '5.2.0' ],
2810 silly audit   'wrap-ansi': [ '7.0.0' ],
2810 silly audit   'emoji-regex': [ '8.0.0' ],
2810 silly audit   'is-fullwidth-code-point': [ '3.0.0' ],
2810 silly audit   '@expo/code-signing-certificates': [ '0.0.6' ],
2810 silly audit   '@expo/devcert': [ '1.2.1' ],
2810 silly audit   '@expo/inline-modules': [ '0.0.11' ],
2810 silly audit   '@expo/metro-file-map': [ '56.0.3' ],
2810 silly audit   '@expo/osascript': [ '2.6.0' ],
2810 silly audit   '@expo/package-manager': [ '1.12.1' ],
2810 silly audit   '@expo/prebuild-config': [ '56.0.15' ],
2810 silly audit   '@expo/router-server': [ '56.0.13' ],
2810 silly audit   'expo-server': [ '56.0.5' ],
2810 silly audit   '@expo/schema-utils': [ '56.0.1' ],
2810 silly audit   '@expo/ws-tunnel': [ '1.0.6' ],
2810 silly audit   '@expo/xcpretty': [ '4.4.4' ],
2810 silly audit   compression: [ '1.8.1' ],
2810 silly audit   'dnssd-advertise': [ '1.1.4' ],
2810 silly audit   'fetch-nodeshim': [ '0.4.10' ],
2810 silly audit   'lan-network': [ '0.2.1' ],
2810 silly audit   multitars: [ '1.0.0' ],
2810 silly audit   'node-forge': [ '1.4.0' ],
2810 silly audit   'npm-package-arg': [ '11.0.3' ],
2810 silly audit   ora: [ '3.4.0' ],
2810 silly audit   progress: [ '2.0.3' ],
2810 silly audit   prompts: [ '2.4.2' ],
2810 silly audit   'structured-headers': [ '0.4.1' ],
2810 silly audit   'terminal-link': [ '2.1.1' ],
2810 silly audit   toqr: [ '0.1.1' ],
2810 silly audit   zod: [ '3.25.76' ],
2810 silly audit   '@expo/sudo-prompt': [ '9.3.2' ],
2810 silly audit   'js-yaml': [ '4.2.0' ],
2810 silly audit   bytes: [ '3.1.2' ],
2810 silly audit   compressible: [ '2.0.18' ],
2810 silly audit   'on-headers': [ '1.1.0' ],
2810 silly audit   'safe-buffer': [ '5.2.1' ],
2810 silly audit   vary: [ '1.1.2' ],
2810 silly audit   argparse: [ '2.0.1' ],
2810 silly audit   'hosted-git-info': [ '7.0.2' ],
2810 silly audit   'proc-log': [ '4.2.0' ],
2810 silly audit   'validate-npm-package-name': [ '5.0.1' ],
2810 silly audit   'cli-cursor': [ '2.1.0' ],
2810 silly audit   'cli-spinners': [ '2.9.2' ],
2810 silly audit   'log-symbols': [ '2.2.0' ],
2810 silly audit   wcwidth: [ '1.0.1' ],
2810 silly audit   'restore-cursor': [ '2.0.0' ],
2810 silly audit   kleur: [ '3.0.3' ],
2810 silly audit   sisteransi: [ '1.0.5' ],
2810 silly audit   onetime: [ '2.0.1' ],
2810 silly audit   'signal-exit': [ '3.0.7' ],
2810 silly audit   'mimic-fn': [ '1.2.0' ],
2810 silly audit   'ansi-escapes': [ '4.3.2' ],
2810 silly audit   'supports-hyperlinks': [ '2.3.0' ],
2810 silly audit   defaults: [ '1.0.4' ],
2810 silly audit   clone: [ '1.0.4' ]
2810 silly audit }
2811 http cache clone@https://registry.npmjs.org/clone/-/clone-1.0.4.tgz 0ms (cache hit)
2812 http cache defaults@https://registry.npmjs.org/defaults/-/defaults-1.0.4.tgz 0ms (cache hit)
2813 http cache ansi-escapes@https://registry.npmjs.org/ansi-escapes/-/ansi-escapes-4.3.2.tgz 0ms (cache hit)
2814 http cache supports-hyperlinks@https://registry.npmjs.org/supports-hyperlinks/-/supports-hyperlinks-2.3.0.tgz 0ms (cache hit)
2815 http cache signal-exit@https://registry.npmjs.org/signal-exit/-/signal-exit-3.0.7.tgz 0ms (cache hit)
2816 http cache sisteransi@https://registry.npmjs.org/sisteransi/-/sisteransi-1.0.5.tgz 0ms (cache hit)
2817 http cache mimic-fn@https://registry.npmjs.org/mimic-fn/-/mimic-fn-1.2.0.tgz 0ms (cache hit)
2818 http cache onetime@https://registry.npmjs.org/onetime/-/onetime-2.0.1.tgz 0ms (cache hit)
2819 http cache wcwidth@https://registry.npmjs.org/wcwidth/-/wcwidth-1.0.1.tgz 0ms (cache hit)
2820 http cache kleur@https://registry.npmjs.org/kleur/-/kleur-3.0.3.tgz 0ms (cache hit)
2821 http cache restore-cursor@https://registry.npmjs.org/restore-cursor/-/restore-cursor-2.0.0.tgz 0ms (cache hit)
2822 http cache log-symbols@https://registry.npmjs.org/log-symbols/-/log-symbols-2.2.0.tgz 0ms (cache hit)
2823 http cache validate-npm-package-name@https://registry.npmjs.org/validate-npm-package-name/-/validate-npm-package-name-5.0.1.tgz 0ms (cache hit)
2824 http cache cli-spinners@https://registry.npmjs.org/cli-spinners/-/cli-spinners-2.9.2.tgz 0ms (cache hit)
2825 http cache cli-cursor@https://registry.npmjs.org/cli-cursor/-/cli-cursor-2.1.0.tgz 0ms (cache hit)
2826 http cache hosted-git-info@https://registry.npmjs.org/hosted-git-info/-/hosted-git-info-7.0.2.tgz 0ms (cache hit)
2827 http cache proc-log@https://registry.npmjs.org/proc-log/-/proc-log-4.2.0.tgz 0ms (cache hit)
2828 http cache argparse@https://registry.npmjs.org/argparse/-/argparse-2.0.1.tgz 0ms (cache hit)
2829 http cache safe-buffer@https://registry.npmjs.org/safe-buffer/-/safe-buffer-5.2.1.tgz 0ms (cache hit)
2830 http cache vary@https://registry.npmjs.org/vary/-/vary-1.1.2.tgz 0ms (cache hit)
2831 http cache on-headers@https://registry.npmjs.org/on-headers/-/on-headers-1.1.0.tgz 0ms (cache hit)
2832 http cache compressible@https://registry.npmjs.org/compressible/-/compressible-2.0.18.tgz 0ms (cache hit)
2833 http cache bytes@https://registry.npmjs.org/bytes/-/bytes-3.1.2.tgz 0ms (cache hit)
2834 http cache js-yaml@https://registry.npmjs.org/js-yaml/-/js-yaml-4.2.0.tgz 0ms (cache hit)
2835 http cache @expo/sudo-prompt@https://registry.npmjs.org/@expo/sudo-prompt/-/sudo-prompt-9.3.2.tgz 0ms (cache hit)
2836 http cache zod@https://registry.npmjs.org/zod/-/zod-3.25.76.tgz 0ms (cache hit)
2837 http cache terminal-link@https://registry.npmjs.org/terminal-link/-/terminal-link-2.1.1.tgz 0ms (cache hit)
2838 http cache toqr@https://registry.npmjs.org/toqr/-/toqr-0.1.1.tgz 0ms (cache hit)
2839 http cache structured-headers@https://registry.npmjs.org/structured-headers/-/structured-headers-0.4.1.tgz 0ms (cache hit)
2840 http cache progress@https://registry.npmjs.org/progress/-/progress-2.0.3.tgz 0ms (cache hit)
2841 http cache ora@https://registry.npmjs.org/ora/-/ora-3.4.0.tgz 0ms (cache hit)
2842 http cache prompts@https://registry.npmjs.org/prompts/-/prompts-2.4.2.tgz 0ms (cache hit)
2843 http cache npm-package-arg@https://registry.npmjs.org/npm-package-arg/-/npm-package-arg-11.0.3.tgz 0ms (cache hit)
2844 http cache node-forge@https://registry.npmjs.org/node-forge/-/node-forge-1.4.0.tgz 0ms (cache hit)
2845 http cache lan-network@https://registry.npmjs.org/lan-network/-/lan-network-0.2.1.tgz 0ms (cache hit)
2846 http cache multitars@https://registry.npmjs.org/multitars/-/multitars-1.0.0.tgz 0ms (cache hit)
2847 http cache fetch-nodeshim@https://registry.npmjs.org/fetch-nodeshim/-/fetch-nodeshim-0.4.10.tgz 0ms (cache hit)
2848 http cache @expo/xcpretty@https://registry.npmjs.org/@expo/xcpretty/-/xcpretty-4.4.4.tgz 0ms (cache hit)
2849 http cache @expo/schema-utils@https://registry.npmjs.org/@expo/schema-utils/-/schema-utils-56.0.1.tgz 0ms (cache hit)
2850 http cache @expo/ws-tunnel@https://registry.npmjs.org/@expo/ws-tunnel/-/ws-tunnel-1.0.6.tgz 0ms (cache hit)
2851 http cache @expo/prebuild-config@https://registry.npmjs.org/@expo/prebuild-config/-/prebuild-config-56.0.15.tgz 0ms (cache hit)
2852 http cache dnssd-advertise@https://registry.npmjs.org/dnssd-advertise/-/dnssd-advertise-1.1.4.tgz 0ms (cache hit)
2853 http cache compression@https://registry.npmjs.org/compression/-/compression-1.8.1.tgz 0ms (cache hit)
2854 http cache @expo/package-manager@https://registry.npmjs.org/@expo/package-manager/-/package-manager-1.12.1.tgz 0ms (cache hit)
2855 http cache expo-server@https://registry.npmjs.org/expo-server/-/expo-server-56.0.5.tgz 0ms (cache hit)
2856 http cache @expo/metro-file-map@https://registry.npmjs.org/@expo/metro-file-map/-/metro-file-map-56.0.3.tgz 0ms (cache hit)
2857 http cache @expo/devcert@https://registry.npmjs.org/@expo/devcert/-/devcert-1.2.1.tgz 0ms (cache hit)
2858 http cache @expo/osascript@https://registry.npmjs.org/@expo/osascript/-/osascript-2.6.0.tgz 0ms (cache hit)
2859 http cache @expo/inline-modules@https://registry.npmjs.org/@expo/inline-modules/-/inline-modules-0.0.11.tgz 0ms (cache hit)
2860 http cache is-fullwidth-code-point@https://registry.npmjs.org/is-fullwidth-code-point/-/is-fullwidth-code-point-3.0.0.tgz 0ms (cache hit)
2861 http cache @expo/code-signing-certificates@https://registry.npmjs.org/@expo/code-signing-certificates/-/code-signing-certificates-0.0.6.tgz 0ms (cache hit)
2862 http cache strip-ansi@https://registry.npmjs.org/strip-ansi/-/strip-ansi-6.0.1.tgz 0ms (cache hit)
2863 http cache wrap-ansi@https://registry.npmjs.org/wrap-ansi/-/wrap-ansi-7.0.0.tgz 0ms (cache hit)
2864 http cache emoji-regex@https://registry.npmjs.org/emoji-regex/-/emoji-regex-8.0.0.tgz 0ms (cache hit)
2865 http cache y18n@https://registry.npmjs.org/y18n/-/y18n-5.0.8.tgz 0ms (cache hit)
2866 http cache yargs-parser@https://registry.npmjs.org/yargs-parser/-/yargs-parser-21.1.1.tgz 0ms (cache hit)
2867 http cache get-caller-file@https://registry.npmjs.org/get-caller-file/-/get-caller-file-2.0.5.tgz 0ms (cache hit)
2868 http cache string-width@https://registry.npmjs.org/string-width/-/string-width-4.2.3.tgz 0ms (cache hit)
2869 http cache require-directory@https://registry.npmjs.org/require-directory/-/require-directory-2.1.1.tgz 0ms (cache hit)
2870 http cache sax@https://registry.npmjs.org/sax/-/sax-1.6.0.tgz 0ms (cache hit)
2871 http cache cliui@https://registry.npmjs.org/cliui/-/cliui-8.0.1.tgz 0ms (cache hit)
2872 http cache plist@https://registry.npmjs.org/plist/-/plist-3.1.1.tgz 0ms (cache hit)
2873 http cache big-integer@https://registry.npmjs.org/big-integer/-/big-integer-1.6.52.tgz 0ms (cache hit)
2874 http cache stream-buffers@https://registry.npmjs.org/stream-buffers/-/stream-buffers-2.2.0.tgz 0ms (cache hit)
2875 http cache bplist-creator@https://registry.npmjs.org/bplist-creator/-/bplist-creator-0.1.0.tgz 0ms (cache hit)
2876 http cache bplist-parser@https://registry.npmjs.org/bplist-parser/-/bplist-parser-0.3.1.tgz 0ms (cache hit)
2877 http cache isexe@https://registry.npmjs.org/isexe/-/isexe-2.0.0.tgz 0ms (cache hit)
2878 http cache uuid@https://registry.npmjs.org/uuid/-/uuid-7.0.3.tgz 0ms (cache hit)
2879 http cache simple-plist@https://registry.npmjs.org/simple-plist/-/simple-plist-1.3.1.tgz 0ms (cache hit)
2880 http cache tmpl@https://registry.npmjs.org/tmpl/-/tmpl-1.0.5.tgz 0ms (cache hit)
2881 http cache webidl-conversions@https://registry.npmjs.org/webidl-conversions/-/webidl-conversions-3.0.1.tgz 0ms (cache hit)
2882 http cache unicode-property-aliases-ecmascript@https://registry.npmjs.org/unicode-property-aliases-ecmascript/-/unicode-property-aliases-ecmascript-2.2.0.tgz 0ms (cache hit)
2883 http cache tr46@https://registry.npmjs.org/tr46/-/tr46-0.0.3.tgz 0ms (cache hit)
2884 http cache makeerror@https://registry.npmjs.org/makeerror/-/makeerror-1.0.12.tgz 0ms (cache hit)
2885 http cache unicode-canonical-property-names-ecmascript@https://registry.npmjs.org/unicode-canonical-property-names-ecmascript/-/unicode-canonical-property-names-ecmascript-2.0.1.tgz 0ms (cache hit)
2886 http cache escalade@https://registry.npmjs.org/escalade/-/escalade-3.2.0.tgz 0ms (cache hit)
2887 http cache buffer-from@https://registry.npmjs.org/buffer-from/-/buffer-from-1.1.2.tgz 0ms (cache hit)
2888 http cache is-number@https://registry.npmjs.org/is-number/-/is-number-7.0.0.tgz 0ms (cache hit)
2889 http cache fdir@https://registry.npmjs.org/fdir/-/fdir-6.5.0.tgz 0ms (cache hit)
2890 http cache acorn@https://registry.npmjs.org/acorn/-/acorn-8.16.0.tgz 0ms (cache hit)
2891 http cache @jridgewell/source-map@https://registry.npmjs.org/@jridgewell/source-map/-/source-map-0.3.11.tgz 0ms (cache hit)
2892 http cache shebang-regex@https://registry.npmjs.org/shebang-regex/-/shebang-regex-3.0.0.tgz 0ms (cache hit)
2893 http cache source-map-support@https://registry.npmjs.org/source-map-support/-/source-map-support-0.5.21.tgz 0ms (cache hit)
2894 http cache has-flag@https://registry.npmjs.org/has-flag/-/has-flag-4.0.0.tgz 0ms (cache hit)
2895 http cache toidentifier@https://registry.npmjs.org/toidentifier/-/toidentifier-1.0.1.tgz 0ms (cache hit)
2896 http cache type-fest@https://registry.npmjs.org/type-fest/-/type-fest-0.7.1.tgz 0ms (cache hit)
2897 http cache mime@https://registry.npmjs.org/mime/-/mime-1.6.0.tgz 0ms (cache hit)
2898 http cache setprototypeof@https://registry.npmjs.org/setprototypeof/-/setprototypeof-1.2.0.tgz 0ms (cache hit)
2899 http cache range-parser@https://registry.npmjs.org/range-parser/-/range-parser-1.2.1.tgz 0ms (cache hit)
2900 http cache fresh@https://registry.npmjs.org/fresh/-/fresh-0.5.2.tgz 0ms (cache hit)
2901 http cache http-errors@https://registry.npmjs.org/http-errors/-/http-errors-2.0.1.tgz 0ms (cache hit)
2902 http cache etag@https://registry.npmjs.org/etag/-/etag-1.8.1.tgz 0ms (cache hit)
2903 http cache destroy@https://registry.npmjs.org/destroy/-/destroy-1.2.0.tgz 0ms (cache hit)
2904 http cache depd@https://registry.npmjs.org/depd/-/depd-2.0.0.tgz 0ms (cache hit)
2905 http cache send@https://registry.npmjs.org/send/-/send-0.19.2.tgz 0ms (cache hit)
2906 http cache hasown@https://registry.npmjs.org/hasown/-/hasown-2.0.4.tgz 0ms (cache hit)
2907 http cache supports-preserve-symlinks-flag@https://registry.npmjs.org/supports-preserve-symlinks-flag/-/supports-preserve-symlinks-flag-1.0.0.tgz 0ms (cache hit)
2908 http cache function-bind@https://registry.npmjs.org/function-bind/-/function-bind-1.1.2.tgz 0ms (cache hit)
2909 http cache es-errors@https://registry.npmjs.org/es-errors/-/es-errors-1.3.0.tgz 0ms (cache hit)
2910 http cache is-core-module@https://registry.npmjs.org/is-core-module/-/is-core-module-2.16.2.tgz 0ms (cache hit)
2911 http cache regjsparser@https://registry.npmjs.org/regjsparser/-/regjsparser-0.13.1.tgz 0ms (cache hit)
2912 http cache path-parse@https://registry.npmjs.org/path-parse/-/path-parse-1.0.7.tgz 0ms (cache hit)
2913 http cache unicode-match-property-value-ecmascript@https://registry.npmjs.org/unicode-match-property-value-ecmascript/-/unicode-match-property-value-ecmascript-2.2.1.tgz 0ms (cache hit)
2914 http cache regjsgen@https://registry.npmjs.org/regjsgen/-/regjsgen-0.8.0.tgz 0ms (cache hit)
2915 http cache unicode-match-property-ecmascript@https://registry.npmjs.org/unicode-match-property-ecmascript/-/unicode-match-property-ecmascript-2.0.0.tgz 0ms (cache hit)
2916 http cache hyphenate-style-name@https://registry.npmjs.org/hyphenate-style-name/-/hyphenate-style-name-1.1.0.tgz 0ms (cache hit)
2917 http cache regenerate-unicode-properties@https://registry.npmjs.org/regenerate-unicode-properties/-/regenerate-unicode-properties-10.2.2.tgz 0ms (cache hit)
2918 http cache regenerate@https://registry.npmjs.org/regenerate/-/regenerate-1.4.2.tgz 0ms (cache hit)
2919 http cache css-in-js-utils@https://registry.npmjs.org/css-in-js-utils/-/css-in-js-utils-3.1.0.tgz 0ms (cache hit)
2920 http cache whatwg-url@https://registry.npmjs.org/whatwg-url/-/whatwg-url-5.0.0.tgz 0ms (cache hit)
2921 http cache ua-parser-js@https://registry.npmjs.org/ua-parser-js/-/ua-parser-js-1.0.41.tgz 0ms (cache hit)
2922 http cache node-fetch@https://registry.npmjs.org/node-fetch/-/node-fetch-2.7.0.tgz 0ms (cache hit)
2923 http cache setimmediate@https://registry.npmjs.org/setimmediate/-/setimmediate-1.0.5.tgz 0ms (cache hit)
2924 http cache fbjs-css-vars@https://registry.npmjs.org/fbjs-css-vars/-/fbjs-css-vars-1.0.2.tgz 0ms (cache hit)
2925 http cache object-assign@https://registry.npmjs.org/object-assign/-/object-assign-4.1.1.tgz 0ms (cache hit)
2926 http cache postcss-value-parser@https://registry.npmjs.org/postcss-value-parser/-/postcss-value-parser-4.2.0.tgz 0ms (cache hit)
2927 http cache cross-fetch@https://registry.npmjs.org/cross-fetch/-/cross-fetch-3.2.0.tgz 0ms (cache hit)
2928 http cache styleq@https://registry.npmjs.org/styleq/-/styleq-0.1.3.tgz 0ms (cache hit)
2929 http cache fbjs@https://registry.npmjs.org/fbjs/-/fbjs-3.0.5.tgz 0ms (cache hit)
2930 http cache inline-style-prefixer@https://registry.npmjs.org/inline-style-prefixer/-/inline-style-prefixer-7.0.1.tgz 0ms (cache hit)
2931 http cache marky@https://registry.npmjs.org/marky/-/marky-1.3.0.tgz 0ms (cache hit)
2932 http cache shell-quote@https://registry.npmjs.org/shell-quote/-/shell-quote-1.8.4.tgz 0ms (cache hit)
2933 http cache mkdirp@https://registry.npmjs.org/mkdirp/-/mkdirp-1.0.4.tgz 0ms (cache hit)
2934 http cache asap@https://registry.npmjs.org/asap/-/asap-2.0.6.tgz 0ms (cache hit)
2935 http cache is-docker@https://registry.npmjs.org/is-docker/-/is-docker-2.2.1.tgz 0ms (cache hit)
2936 http cache is-wsl@https://registry.npmjs.org/is-wsl/-/is-wsl-2.2.0.tgz 0ms (cache hit)
2937 http cache lighthouse-logger@https://registry.npmjs.org/lighthouse-logger/-/lighthouse-logger-1.4.2.tgz 0ms (cache hit)
2938 http cache fb-dotslash@https://registry.npmjs.org/fb-dotslash/-/fb-dotslash-0.5.8.tgz 0ms (cache hit)
2939 http cache escape-string-regexp@https://registry.npmjs.org/escape-string-regexp/-/escape-string-regexp-4.0.0.tgz 0ms (cache hit)
2940 http cache event-target-shim@https://registry.npmjs.org/event-target-shim/-/event-target-shim-5.0.1.tgz 0ms (cache hit)
2941 http cache open@https://registry.npmjs.org/open/-/open-7.4.2.tgz 0ms (cache hit)
2942 http cache @react-native/debugger-frontend@https://registry.npmjs.org/@react-native/debugger-frontend/-/debugger-frontend-0.85.3.tgz 0ms (cache hit)
2943 http cache chromium-edge-launcher@https://registry.npmjs.org/chromium-edge-launcher/-/chromium-edge-launcher-0.3.0.tgz 0ms (cache hit)
2944 http cache @react-native/debugger-shell@https://registry.npmjs.org/@react-native/debugger-shell/-/debugger-shell-0.85.3.tgz 0ms (cache hit)
2945 http cache serve-static@https://registry.npmjs.org/serve-static/-/serve-static-1.16.3.tgz 0ms (cache hit)
2946 http cache chrome-launcher@https://registry.npmjs.org/chrome-launcher/-/chrome-launcher-0.15.2.tgz 0ms (cache hit)
2947 http cache regenerator-runtime@https://registry.npmjs.org/regenerator-runtime/-/regenerator-runtime-0.13.11.tgz 0ms (cache hit)
2948 http cache @react-native/dev-middleware@https://registry.npmjs.org/@react-native/dev-middleware/-/dev-middleware-0.85.3.tgz 0ms (cache hit)
2949 http cache whatwg-fetch@https://registry.npmjs.org/whatwg-fetch/-/whatwg-fetch-3.6.20.tgz 0ms (cache hit)
2950 http cache react-devtools-core@https://registry.npmjs.org/react-devtools-core/-/react-devtools-core-6.1.5.tgz 0ms (cache hit)
2951 http cache @isaacs/ttlcache@https://registry.npmjs.org/@isaacs/ttlcache/-/ttlcache-1.4.1.tgz 0ms (cache hit)
2952 http cache memoize-one@https://registry.npmjs.org/memoize-one/-/memoize-one-5.2.1.tgz 0ms (cache hit)
2953 http cache promise@https://registry.npmjs.org/promise/-/promise-8.3.0.tgz 0ms (cache hit)
2954 http cache @react-native/virtualized-lists@https://registry.npmjs.org/@react-native/virtualized-lists/-/virtualized-lists-0.85.3.tgz 1ms (cache hit)
2955 http cache ansi-regex@https://registry.npmjs.org/ansi-regex/-/ansi-regex-5.0.1.tgz 0ms (cache hit)
2956 http cache @react-native/normalize-colors@https://registry.npmjs.org/@react-native/normalize-colors/-/normalize-colors-0.85.3.tgz 0ms (cache hit)
2957 http cache @react-native/js-polyfills@https://registry.npmjs.org/@react-native/js-polyfills/-/js-polyfills-0.85.3.tgz 0ms (cache hit)
2958 http cache abort-controller@https://registry.npmjs.org/abort-controller/-/abort-controller-3.0.0.tgz 0ms (cache hit)
2959 http cache hermes-compiler@https://registry.npmjs.org/hermes-compiler/-/hermes-compiler-250829098.0.10.tgz 0ms (cache hit)
2960 http cache @react-native/community-cli-plugin@https://registry.npmjs.org/@react-native/community-cli-plugin/-/community-cli-plugin-0.85.3.tgz 0ms (cache hit)
2961 http cache inherits@https://registry.npmjs.org/inherits/-/inherits-2.0.4.tgz 0ms (cache hit)
2962 http cache @react-native/gradle-plugin@https://registry.npmjs.org/@react-native/gradle-plugin/-/gradle-plugin-0.85.3.tgz 0ms (cache hit)
2963 http cache @react-native/assets-registry@https://registry.npmjs.org/@react-native/assets-registry/-/assets-registry-0.85.3.tgz 0ms (cache hit)
2964 http cache scheduler@https://registry.npmjs.org/scheduler/-/scheduler-0.27.0.tgz 0ms (cache hit)
2965 http cache react-is@https://registry.npmjs.org/react-is/-/react-is-18.3.1.tgz 0ms (cache hit)
2966 http cache source-map-js@https://registry.npmjs.org/source-map-js/-/source-map-js-1.2.1.tgz 0ms (cache hit)
2967 http cache pngjs@https://registry.npmjs.org/pngjs/-/pngjs-3.4.0.tgz 0ms (cache hit)
2968 http cache nanoid@https://registry.npmjs.org/nanoid/-/nanoid-3.3.12.tgz 0ms (cache hit)
2969 http cache node-gyp-build-optional-packages@https://registry.npmjs.org/node-gyp-build-optional-packages/-/node-gyp-build-optional-packages-5.2.2.tgz 0ms (cache hit)
2970 http cache ee-first@https://registry.npmjs.org/ee-first/-/ee-first-1.1.1.tgz 0ms (cache hit)
2971 http cache @msgpackr-extract/msgpackr-extract-win32-x64@https://registry.npmjs.org/@msgpackr-extract/msgpackr-extract-win32-x64/-/msgpackr-extract-win32-x64-3.0.4.tgz 0ms (cache hit)
2972 http cache balanced-match@https://registry.npmjs.org/balanced-match/-/balanced-match-4.0.4.tgz 0ms (cache hit)
2973 http cache msgpackr-extract@https://registry.npmjs.org/msgpackr-extract/-/msgpackr-extract-3.0.4.tgz 0ms (cache hit)
2974 http cache to-regex-range@https://registry.npmjs.org/to-regex-range/-/to-regex-range-5.0.1.tgz 0ms (cache hit)
2975 http cache mime-db@https://registry.npmjs.org/mime-db/-/mime-db-1.54.0.tgz 0ms (cache hit)
2976 http cache brace-expansion@https://registry.npmjs.org/brace-expansion/-/brace-expansion-5.0.6.tgz 0ms (cache hit)
2977 http cache braces@https://registry.npmjs.org/braces/-/braces-3.0.3.tgz 0ms (cache hit)
2978 http cache fill-range@https://registry.npmjs.org/fill-range/-/fill-range-7.1.1.tgz 0ms (cache hit)
2979 http cache vlq@https://registry.npmjs.org/vlq/-/vlq-1.0.1.tgz 0ms (cache hit)
2980 http cache node-int64@https://registry.npmjs.org/node-int64/-/node-int64-0.4.0.tgz 0ms (cache hit)
2981 http cache bser@https://registry.npmjs.org/bser/-/bser-2.1.1.tgz 0ms (cache hit)
2982 http cache ob1@https://registry.npmjs.org/ob1/-/ob1-0.84.4.tgz 0ms (cache hit)
2983 http cache terser@https://registry.npmjs.org/terser/-/terser-5.48.0.tgz 0ms (cache hit)
2984 http cache walker@https://registry.npmjs.org/walker/-/walker-1.0.8.tgz 0ms (cache hit)
2985 http cache micromatch@https://registry.npmjs.org/micromatch/-/micromatch-4.0.8.tgz 0ms (cache hit)
2986 http cache jest-get-type@https://registry.npmjs.org/jest-get-type/-/jest-get-type-29.6.3.tgz 0ms (cache hit)
2987 http cache camelcase@https://registry.npmjs.org/camelcase/-/camelcase-6.3.0.tgz 0ms (cache hit)
2988 http cache fb-watchman@https://registry.npmjs.org/fb-watchman/-/fb-watchman-2.0.2.tgz 0ms (cache hit)
2989 http cache leven@https://registry.npmjs.org/leven/-/leven-3.1.0.tgz 0ms (cache hit)
2990 http cache yaml@https://registry.npmjs.org/yaml/-/yaml-2.9.0.tgz 0ms (cache hit)
2991 http cache jest-validate@https://registry.npmjs.org/jest-validate/-/jest-validate-29.7.0.tgz 0ms (cache hit)
2992 http cache https-proxy-agent@https://registry.npmjs.org/https-proxy-agent/-/https-proxy-agent-7.0.6.tgz 0ms (cache hit)
2993 http cache exponential-backoff@https://registry.npmjs.org/exponential-backoff/-/exponential-backoff-3.1.3.tgz 0ms (cache hit)
2994 http cache agent-base@https://registry.npmjs.org/agent-base/-/agent-base-7.1.4.tgz 0ms (cache hit)
2995 http cache @types/yargs-parser@https://registry.npmjs.org/@types/yargs-parser/-/yargs-parser-21.0.3.tgz 0ms (cache hit)
2996 http cache @types/istanbul-lib-report@https://registry.npmjs.org/@types/istanbul-lib-report/-/istanbul-lib-report-3.0.3.tgz 0ms (cache hit)
2997 http cache @sinclair/typebox@https://registry.npmjs.org/@sinclair/typebox/-/typebox-0.27.10.tgz 0ms (cache hit)
2998 http cache undici-types@https://registry.npmjs.org/undici-types/-/undici-types-7.24.6.tgz 0ms (cache hit)
2999 http cache @types/yargs@https://registry.npmjs.org/@types/yargs/-/yargs-17.0.35.tgz 0ms (cache hit)
3000 http cache @jest/schemas@https://registry.npmjs.org/@jest/schemas/-/schemas-29.6.3.tgz 0ms (cache hit)
3001 http cache @types/istanbul-reports@https://registry.npmjs.org/@types/istanbul-reports/-/istanbul-reports-3.0.4.tgz 0ms (cache hit)
3002 http cache @types/istanbul-lib-coverage@https://registry.npmjs.org/@types/istanbul-lib-coverage/-/istanbul-lib-coverage-2.0.6.tgz 0ms (cache hit)
3003 http cache merge-stream@https://registry.npmjs.org/merge-stream/-/merge-stream-2.0.0.tgz 0ms (cache hit)
3004 http cache queue@https://registry.npmjs.org/queue/-/queue-6.0.2.tgz 0ms (cache hit)
3005 http cache jest-util@https://registry.npmjs.org/jest-util/-/jest-util-29.7.0.tgz 0ms (cache hit)
3006 http cache @jest/types@https://registry.npmjs.org/@jest/types/-/types-29.6.3.tgz 0ms (cache hit)
3007 http cache @types/node@https://registry.npmjs.org/@types/node/-/node-25.9.2.tgz 0ms (cache hit)
3008 http cache unpipe@https://registry.npmjs.org/unpipe/-/unpipe-1.0.0.tgz 0ms (cache hit)
3009 http cache statuses@https://registry.npmjs.org/statuses/-/statuses-1.5.0.tgz 0ms (cache hit)
3010 http cache encodeurl@https://registry.npmjs.org/encodeurl/-/encodeurl-1.0.2.tgz 0ms (cache hit)
3011 http cache parseurl@https://registry.npmjs.org/parseurl/-/parseurl-1.3.3.tgz 0ms (cache hit)
3012 http cache on-finished@https://registry.npmjs.org/on-finished/-/on-finished-2.3.0.tgz 0ms (cache hit)
3013 http cache escape-html@https://registry.npmjs.org/escape-html/-/escape-html-1.0.3.tgz 0ms (cache hit)
3014 http cache stackframe@https://registry.npmjs.org/stackframe/-/stackframe-1.3.4.tgz 0ms (cache hit)
3015 http cache utils-merge@https://registry.npmjs.org/utils-merge/-/utils-merge-1.0.1.tgz 0ms (cache hit)
3016 http cache negotiator@https://registry.npmjs.org/negotiator/-/negotiator-1.0.0.tgz 0ms (cache hit)
3017 http cache source-map@https://registry.npmjs.org/source-map/-/source-map-0.5.7.tgz 0ms (cache hit)
3018 http cache finalhandler@https://registry.npmjs.org/finalhandler/-/finalhandler-1.1.2.tgz 0ms (cache hit)
3019 http cache ws@https://registry.npmjs.org/ws/-/ws-7.5.11.tgz 0ms (cache hit)
3020 http cache throat@https://registry.npmjs.org/throat/-/throat-5.0.0.tgz 0ms (cache hit)
3021 http cache mime-types@https://registry.npmjs.org/mime-types/-/mime-types-3.0.2.tgz 0ms (cache hit)
3022 http cache jest-worker@https://registry.npmjs.org/jest-worker/-/jest-worker-29.7.0.tgz 0ms (cache hit)
3023 http cache image-size@https://registry.npmjs.org/image-size/-/image-size-1.2.1.tgz 0ms (cache hit)
3024 http cache lodash.throttle@https://registry.npmjs.org/lodash.throttle/-/lodash.throttle-4.1.1.tgz 0ms (cache hit)
3025 http cache serialize-error@https://registry.npmjs.org/serialize-error/-/serialize-error-2.1.0.tgz 0ms (cache hit)
3026 http cache graceful-fs@https://registry.npmjs.org/graceful-fs/-/graceful-fs-4.2.11.tgz 0ms (cache hit)
3027 http cache flow-enums-runtime@https://registry.npmjs.org/flow-enums-runtime/-/flow-enums-runtime-0.0.6.tgz 0ms (cache hit)
3028 http cache accepts@https://registry.npmjs.org/accepts/-/accepts-2.0.0.tgz 0ms (cache hit)
3029 http cache connect@https://registry.npmjs.org/connect/-/connect-3.7.0.tgz 0ms (cache hit)
3030 http cache ci-info@https://registry.npmjs.org/ci-info/-/ci-info-2.0.0.tgz 0ms (cache hit)
3031 http cache yallist@https://registry.npmjs.org/yallist/-/yallist-3.1.1.tgz 0ms (cache hit)
3032 http cache loose-envify@https://registry.npmjs.org/loose-envify/-/loose-envify-1.4.0.tgz 0ms (cache hit)
3033 http cache error-stack-parser@https://registry.npmjs.org/error-stack-parser/-/error-stack-parser-2.1.4.tgz 0ms (cache hit)
3034 http cache lightningcss-win32-x64-msvc@https://registry.npmjs.org/lightningcss-win32-x64-msvc/-/lightningcss-win32-x64-msvc-1.32.0.tgz 0ms (cache hit)
3035 http cache detect-libc@https://registry.npmjs.org/detect-libc/-/detect-libc-2.1.2.tgz 0ms (cache hit)
3036 http cache hermes-estree@https://registry.npmjs.org/hermes-estree/-/hermes-estree-0.33.3.tgz 0ms (cache hit)
3037 http cache @expo/expo-modules-macros-plugin@https://registry.npmjs.org/@expo/expo-modules-macros-plugin/-/expo-modules-macros-plugin-0.0.9.tgz 0ms (cache hit)
3038 http cache path-scurry@https://registry.npmjs.org/path-scurry/-/path-scurry-2.0.2.tgz 0ms (cache hit)
3039 http cache minipass@https://registry.npmjs.org/minipass/-/minipass-7.1.3.tgz 0ms (cache hit)
3040 http cache expo-modules-jsi@https://registry.npmjs.org/expo-modules-jsi/-/expo-modules-jsi-56.0.8.tgz 0ms (cache hit)
3041 http cache commander@https://registry.npmjs.org/commander/-/commander-7.2.0.tgz 0ms (cache hit)
3042 http cache parse-png@https://registry.npmjs.org/parse-png/-/parse-png-2.1.0.tgz 0ms (cache hit)
3043 http cache @expo/image-utils@https://registry.npmjs.org/@expo/image-utils/-/image-utils-0.10.1.tgz 0ms (cache hit)
3044 http cache ms@https://registry.npmjs.org/ms/-/ms-2.1.3.tgz 0ms (cache hit)
3045 http cache fontfaceobserver@https://registry.npmjs.org/fontfaceobserver/-/fontfaceobserver-2.3.0.tgz 0ms (cache hit)
3046 http cache jimp-compact@https://registry.npmjs.org/jimp-compact/-/jimp-compact-0.16.1.tgz 0ms (cache hit)
3047 http cache which@https://registry.npmjs.org/which/-/which-2.0.2.tgz 0ms (cache hit)
3048 http cache shebang-command@https://registry.npmjs.org/shebang-command/-/shebang-command-2.0.0.tgz 0ms (cache hit)
3049 http cache supports-color@https://registry.npmjs.org/supports-color/-/supports-color-7.2.0.tgz 0ms (cache hit)
3050 http cache path-key@https://registry.npmjs.org/path-key/-/path-key-3.1.1.tgz 0ms (cache hit)
3051 http cache color-convert@https://registry.npmjs.org/color-convert/-/color-convert-2.0.1.tgz 0ms (cache hit)
3052 http cache color-name@https://registry.npmjs.org/color-name/-/color-name-1.1.4.tgz 0ms (cache hit)
3053 http cache ansi-styles@https://registry.npmjs.org/ansi-styles/-/ansi-styles-4.3.0.tgz 0ms (cache hit)
3054 http cache node-releases@https://registry.npmjs.org/node-releases/-/node-releases-2.0.47.tgz 0ms (cache hit)
3055 http cache caniuse-lite@https://registry.npmjs.org/caniuse-lite/-/caniuse-lite-1.0.30001797.tgz 0ms (cache hit)
3056 http cache update-browserslist-db@https://registry.npmjs.org/update-browserslist-db/-/update-browserslist-db-1.2.3.tgz 0ms (cache hit)
3057 http cache baseline-browser-mapping@https://registry.npmjs.org/baseline-browser-mapping/-/baseline-browser-mapping-2.10.35.tgz 0ms (cache hit)
3058 http cache electron-to-chromium@https://registry.npmjs.org/electron-to-chromium/-/electron-to-chromium-1.5.371.tgz 0ms (cache hit)
3059 http cache @babel/helper-define-polyfill-provider@https://registry.npmjs.org/@babel/helper-define-polyfill-provider/-/helper-define-polyfill-provider-0.6.8.tgz 0ms (cache hit)
3060 http cache resolve@https://registry.npmjs.org/resolve/-/resolve-1.22.12.tgz 0ms (cache hit)
3061 http cache lodash.debounce@https://registry.npmjs.org/lodash.debounce/-/lodash.debounce-4.0.8.tgz 0ms (cache hit)
3062 http cache core-js-compat@https://registry.npmjs.org/core-js-compat/-/core-js-compat-3.49.0.tgz 0ms (cache hit)
3063 http cache yargs@https://registry.npmjs.org/yargs/-/yargs-17.7.2.tgz 0ms (cache hit)
3064 http cache tinyglobby@https://registry.npmjs.org/tinyglobby/-/tinyglobby-0.2.17.tgz 0ms (cache hit)
3065 http cache invariant@https://registry.npmjs.org/invariant/-/invariant-2.2.4.tgz 0ms (cache hit)
3066 http cache @babel/plugin-syntax-typescript@https://registry.npmjs.org/@babel/plugin-syntax-typescript/-/plugin-syntax-typescript-7.29.7.tgz 0ms (cache hit)
3067 http cache babel-plugin-polyfill-corejs3@https://registry.npmjs.org/babel-plugin-polyfill-corejs3/-/babel-plugin-polyfill-corejs3-0.13.0.tgz 0ms (cache hit)
3068 http cache nullthrows@https://registry.npmjs.org/nullthrows/-/nullthrows-1.1.1.tgz 0ms (cache hit)
3069 http cache @react-native/codegen@https://registry.npmjs.org/@react-native/codegen/-/codegen-0.85.3.tgz 0ms (cache hit)
3070 http cache babel-plugin-polyfill-regenerator@https://registry.npmjs.org/babel-plugin-polyfill-regenerator/-/babel-plugin-polyfill-regenerator-0.6.8.tgz 0ms (cache hit)
3071 http cache babel-plugin-polyfill-corejs2@https://registry.npmjs.org/babel-plugin-polyfill-corejs2/-/babel-plugin-polyfill-corejs2-0.4.17.tgz 0ms (cache hit)
3072 http cache @babel/helper-create-regexp-features-plugin@https://registry.npmjs.org/@babel/helper-create-regexp-features-plugin/-/helper-create-regexp-features-plugin-7.29.7.tgz 0ms (cache hit)
3073 http cache @babel/helper-wrap-function@https://registry.npmjs.org/@babel/helper-wrap-function/-/helper-wrap-function-7.29.7.tgz 0ms (cache hit)
3074 http cache @babel/plugin-syntax-flow@https://registry.npmjs.org/@babel/plugin-syntax-flow/-/plugin-syntax-flow-7.29.7.tgz 0ms (cache hit)
3075 http cache regexpu-core@https://registry.npmjs.org/regexpu-core/-/regexpu-core-6.4.0.tgz 0ms (cache hit)
3076 http cache @babel/helper-remap-async-to-generator@https://registry.npmjs.org/@babel/helper-remap-async-to-generator/-/helper-remap-async-to-generator-7.29.7.tgz 0ms (cache hit)
3077 http cache @babel/helper-optimise-call-expression@https://registry.npmjs.org/@babel/helper-optimise-call-expression/-/helper-optimise-call-expression-7.29.7.tgz 0ms (cache hit)
3078 http cache @babel/plugin-syntax-jsx@https://registry.npmjs.org/@babel/plugin-syntax-jsx/-/plugin-syntax-jsx-7.29.7.tgz 0ms (cache hit)
3079 http cache @babel/helper-annotate-as-pure@https://registry.npmjs.org/@babel/helper-annotate-as-pure/-/helper-annotate-as-pure-7.29.7.tgz 0ms (cache hit)
3080 http cache @babel/helper-replace-supers@https://registry.npmjs.org/@babel/helper-replace-supers/-/helper-replace-supers-7.29.7.tgz 0ms (cache hit)
3081 http cache @babel/helper-skip-transparent-expression-wrappers@https://registry.npmjs.org/@babel/helper-skip-transparent-expression-wrappers/-/helper-skip-transparent-expression-wrappers-7.29.7.tgz 0ms (cache hit)
3082 http cache babel-plugin-transform-flow-enums@https://registry.npmjs.org/babel-plugin-transform-flow-enums/-/babel-plugin-transform-flow-enums-0.0.2.tgz 0ms (cache hit)
3083 http cache @babel/helper-member-expression-to-functions@https://registry.npmjs.org/@babel/helper-member-expression-to-functions/-/helper-member-expression-to-functions-7.29.7.tgz 0ms (cache hit)
3084 http cache @babel/helper-create-class-features-plugin@https://registry.npmjs.org/@babel/helper-create-class-features-plugin/-/helper-create-class-features-plugin-7.29.7.tgz 0ms (cache hit)
3085 http cache babel-plugin-syntax-hermes-parser@https://registry.npmjs.org/babel-plugin-syntax-hermes-parser/-/babel-plugin-syntax-hermes-parser-0.33.3.tgz 0ms (cache hit)
3086 http cache babel-plugin-react-native-web@https://registry.npmjs.org/babel-plugin-react-native-web/-/babel-plugin-react-native-web-0.21.2.tgz 0ms (cache hit)
3087 http cache @babel/plugin-syntax-decorators@https://registry.npmjs.org/@babel/plugin-syntax-decorators/-/plugin-syntax-decorators-7.29.7.tgz 0ms (cache hit)
3088 http cache @babel/preset-typescript@https://registry.npmjs.org/@babel/preset-typescript/-/preset-typescript-7.29.7.tgz 0ms (cache hit)
3089 http cache babel-plugin-react-compiler@https://registry.npmjs.org/babel-plugin-react-compiler/-/babel-plugin-react-compiler-1.0.0.tgz 0ms (cache hit)
3090 http cache @babel/plugin-transform-unicode-regex@https://registry.npmjs.org/@babel/plugin-transform-unicode-regex/-/plugin-transform-unicode-regex-7.29.7.tgz 0ms (cache hit)
3091 http cache @react-native/babel-plugin-codegen@https://registry.npmjs.org/@react-native/babel-plugin-codegen/-/babel-plugin-codegen-0.85.3.tgz 0ms (cache hit)
3092 http cache @babel/plugin-transform-react-pure-annotations@https://registry.npmjs.org/@babel/plugin-transform-react-pure-annotations/-/plugin-transform-react-pure-annotations-7.29.7.tgz 0ms (cache hit)
3093 http cache @babel/plugin-transform-typescript@https://registry.npmjs.org/@babel/plugin-transform-typescript/-/plugin-transform-typescript-7.29.7.tgz 0ms (cache hit)
3094 http cache @babel/plugin-transform-runtime@https://registry.npmjs.org/@babel/plugin-transform-runtime/-/plugin-transform-runtime-7.29.7.tgz 0ms (cache hit)
3095 http cache @babel/plugin-transform-react-jsx@https://registry.npmjs.org/@babel/plugin-transform-react-jsx/-/plugin-transform-react-jsx-7.29.7.tgz 0ms (cache hit)
3096 http cache @babel/plugin-transform-private-property-in-object@https://registry.npmjs.org/@babel/plugin-transform-private-property-in-object/-/plugin-transform-private-property-in-object-7.29.7.tgz 0ms (cache hit)
3097 http cache @babel/plugin-transform-react-jsx-development@https://registry.npmjs.org/@babel/plugin-transform-react-jsx-development/-/plugin-transform-react-jsx-development-7.29.7.tgz 0ms (cache hit)
3098 http cache @babel/plugin-transform-private-methods@https://registry.npmjs.org/@babel/plugin-transform-private-methods/-/plugin-transform-private-methods-7.29.7.tgz 0ms (cache hit)
3099 http cache @babel/plugin-transform-react-display-name@https://registry.npmjs.org/@babel/plugin-transform-react-display-name/-/plugin-transform-react-display-name-7.29.7.tgz 0ms (cache hit)
3100 http cache @babel/plugin-transform-parameters@https://registry.npmjs.org/@babel/plugin-transform-parameters/-/plugin-transform-parameters-7.29.7.tgz 0ms (cache hit)
3101 http cache @babel/plugin-transform-optional-catch-binding@https://registry.npmjs.org/@babel/plugin-transform-optional-catch-binding/-/plugin-transform-optional-catch-binding-7.29.7.tgz 0ms (cache hit)
3102 http cache @babel/plugin-transform-nullish-coalescing-operator@https://registry.npmjs.org/@babel/plugin-transform-nullish-coalescing-operator/-/plugin-transform-nullish-coalescing-operator-7.29.7.tgz 0ms (cache hit)
3103 http cache @babel/plugin-transform-named-capturing-groups-regex@https://registry.npmjs.org/@babel/plugin-transform-named-capturing-groups-regex/-/plugin-transform-named-capturing-groups-regex-7.29.7.tgz 0ms (cache hit)
3104 http cache @babel/plugin-transform-object-rest-spread@https://registry.npmjs.org/@babel/plugin-transform-object-rest-spread/-/plugin-transform-object-rest-spread-7.29.7.tgz 0ms (cache hit)
3105 http cache @babel/plugin-transform-logical-assignment-operators@https://registry.npmjs.org/@babel/plugin-transform-logical-assignment-operators/-/plugin-transform-logical-assignment-operators-7.29.7.tgz 0ms (cache hit)
3106 http cache @babel/plugin-transform-optional-chaining@https://registry.npmjs.org/@babel/plugin-transform-optional-chaining/-/plugin-transform-optional-chaining-7.29.7.tgz 0ms (cache hit)
3107 http cache @babel/plugin-transform-for-of@https://registry.npmjs.org/@babel/plugin-transform-for-of/-/plugin-transform-for-of-7.29.7.tgz 0ms (cache hit)
3108 http cache @babel/plugin-transform-flow-strip-types@https://registry.npmjs.org/@babel/plugin-transform-flow-strip-types/-/plugin-transform-flow-strip-types-7.29.7.tgz 0ms (cache hit)
3109 http cache @babel/plugin-transform-destructuring@https://registry.npmjs.org/@babel/plugin-transform-destructuring/-/plugin-transform-destructuring-7.29.7.tgz 0ms (cache hit)
3110 http cache @babel/plugin-transform-classes@https://registry.npmjs.org/@babel/plugin-transform-classes/-/plugin-transform-classes-7.29.7.tgz 0ms (cache hit)
3111 http cache @babel/plugin-transform-class-static-block@https://registry.npmjs.org/@babel/plugin-transform-class-static-block/-/plugin-transform-class-static-block-7.29.7.tgz 0ms (cache hit)
3112 http cache @babel/plugin-transform-export-namespace-from@https://registry.npmjs.org/@babel/plugin-transform-export-namespace-from/-/plugin-transform-export-namespace-from-7.29.7.tgz 0ms (cache hit)
3113 http cache @babel/plugin-transform-block-scoping@https://registry.npmjs.org/@babel/plugin-transform-block-scoping/-/plugin-transform-block-scoping-7.29.7.tgz 0ms (cache hit)
3114 http cache @babel/plugin-transform-async-to-generator@https://registry.npmjs.org/@babel/plugin-transform-async-to-generator/-/plugin-transform-async-to-generator-7.29.7.tgz 0ms (cache hit)
3115 http cache @babel/plugin-transform-class-properties@https://registry.npmjs.org/@babel/plugin-transform-class-properties/-/plugin-transform-class-properties-7.29.7.tgz 0ms (cache hit)
3116 http cache @babel/plugin-syntax-optional-chaining@https://registry.npmjs.org/@babel/plugin-syntax-optional-chaining/-/plugin-syntax-optional-chaining-7.8.3.tgz 0ms (cache hit)
3117 http cache @babel/plugin-syntax-export-default-from@https://registry.npmjs.org/@babel/plugin-syntax-export-default-from/-/plugin-syntax-export-default-from-7.29.7.tgz 0ms (cache hit)
3118 http cache @babel/plugin-transform-async-generator-functions@https://registry.npmjs.org/@babel/plugin-transform-async-generator-functions/-/plugin-transform-async-generator-functions-7.29.7.tgz 0ms (cache hit)
3119 http cache @babel/plugin-syntax-nullish-coalescing-operator@https://registry.npmjs.org/@babel/plugin-syntax-nullish-coalescing-operator/-/plugin-syntax-nullish-coalescing-operator-7.8.3.tgz 0ms (cache hit)
3120 http cache @babel/plugin-proposal-export-default-from@https://registry.npmjs.org/@babel/plugin-proposal-export-default-from/-/plugin-proposal-export-default-from-7.29.7.tgz 0ms (cache hit)
3121 http cache @jridgewell/resolve-uri@https://registry.npmjs.org/@jridgewell/resolve-uri/-/resolve-uri-3.1.2.tgz 0ms (cache hit)
3122 http cache @babel/plugin-proposal-decorators@https://registry.npmjs.org/@babel/plugin-proposal-decorators/-/plugin-proposal-decorators-7.29.7.tgz 0ms (cache hit)
3123 http cache cross-spawn@https://registry.npmjs.org/cross-spawn/-/cross-spawn-7.0.6.tgz 0ms (cache hit)
3124 http cache @babel/plugin-syntax-dynamic-import@https://registry.npmjs.org/@babel/plugin-syntax-dynamic-import/-/plugin-syntax-dynamic-import-7.8.3.tgz 0ms (cache hit)
3125 http cache xmlbuilder@https://registry.npmjs.org/xmlbuilder/-/xmlbuilder-15.1.1.tgz 0ms (cache hit)
3126 http cache @babel/plugin-transform-modules-commonjs@https://registry.npmjs.org/@babel/plugin-transform-modules-commonjs/-/plugin-transform-modules-commonjs-7.29.7.tgz 0ms (cache hit)
3127 http cache @babel/helper-plugin-utils@https://registry.npmjs.org/@babel/helper-plugin-utils/-/helper-plugin-utils-7.29.7.tgz 0ms (cache hit)
3128 http cache @xmldom/xmldom@https://registry.npmjs.org/@xmldom/xmldom/-/xmldom-0.8.13.tgz 0ms (cache hit)
3129 http cache base64-js@https://registry.npmjs.org/base64-js/-/base64-js-1.5.1.tgz 0ms (cache hit)
3130 http cache @babel/helper-globals@https://registry.npmjs.org/@babel/helper-globals/-/helper-globals-7.29.7.tgz 0ms (cache hit)
3131 http cache lru-cache@https://registry.npmjs.org/lru-cache/-/lru-cache-5.1.1.tgz 0ms (cache hit)
3132 http cache @babel/helper-module-imports@https://registry.npmjs.org/@babel/helper-module-imports/-/helper-module-imports-7.29.7.tgz 0ms (cache hit)
3133 http cache @babel/helper-string-parser@https://registry.npmjs.org/@babel/helper-string-parser/-/helper-string-parser-7.29.7.tgz 0ms (cache hit)
3134 http cache @jridgewell/trace-mapping@https://registry.npmjs.org/@jridgewell/trace-mapping/-/trace-mapping-0.3.31.tgz 0ms (cache hit)
3135 http cache @babel/helper-validator-option@https://registry.npmjs.org/@babel/helper-validator-option/-/helper-validator-option-7.29.7.tgz 0ms (cache hit)
3136 http cache @babel/compat-data@https://registry.npmjs.org/@babel/compat-data/-/compat-data-7.29.7.tgz 0ms (cache hit)
3137 http cache jsesc@https://registry.npmjs.org/jsesc/-/jsesc-3.1.0.tgz 0ms (cache hit)
3138 http cache @babel/traverse@https://registry.npmjs.org/@babel/traverse/-/traverse-7.29.7.tgz 0ms (cache hit)
3139 http cache convert-source-map@https://registry.npmjs.org/convert-source-map/-/convert-source-map-2.0.0.tgz 0ms (cache hit)
3140 http cache @babel/parser@https://registry.npmjs.org/@babel/parser/-/parser-7.29.7.tgz 0ms (cache hit)
3141 http cache gensync@https://registry.npmjs.org/gensync/-/gensync-1.0.0-beta.2.tgz 0ms (cache hit)
3142 http cache @babel/template@https://registry.npmjs.org/@babel/template/-/template-7.29.7.tgz 0ms (cache hit)
3143 http cache @babel/helpers@https://registry.npmjs.org/@babel/helpers/-/helpers-7.29.7.tgz 0ms (cache hit)
3144 http cache @babel/types@https://registry.npmjs.org/@babel/types/-/types-7.29.7.tgz 0ms (cache hit)
3145 http cache @babel/helper-module-transforms@https://registry.npmjs.org/@babel/helper-module-transforms/-/helper-module-transforms-7.29.7.tgz 0ms (cache hit)
3146 http cache picomatch@https://registry.npmjs.org/picomatch/-/picomatch-4.0.4.tgz 0ms (cache hit)
3147 http cache postcss@https://registry.npmjs.org/postcss/-/postcss-8.5.15.tgz 1ms (cache hit)
3148 http cache msgpackr@https://registry.npmjs.org/msgpackr/-/msgpackr-2.0.4.tgz 0ms (cache hit)
3149 http cache lightningcss@https://registry.npmjs.org/lightningcss/-/lightningcss-1.32.0.tgz 0ms (cache hit)
3150 http cache @babel/helper-compilation-targets@https://registry.npmjs.org/@babel/helper-compilation-targets/-/helper-compilation-targets-7.29.7.tgz 0ms (cache hit)
3151 http cache jsc-safe-url@https://registry.npmjs.org/jsc-safe-url/-/jsc-safe-url-0.2.4.tgz 0ms (cache hit)
3152 http cache hermes-parser@https://registry.npmjs.org/hermes-parser/-/hermes-parser-0.33.3.tgz 0ms (cache hit)
3153 http cache @jridgewell/sourcemap-codec@https://registry.npmjs.org/@jridgewell/sourcemap-codec/-/sourcemap-codec-1.5.5.tgz 0ms (cache hit)
3154 http cache @jridgewell/remapping@https://registry.npmjs.org/@jridgewell/remapping/-/remapping-2.3.5.tgz 0ms (cache hit)
3155 http cache @jridgewell/gen-mapping@https://registry.npmjs.org/@jridgewell/gen-mapping/-/gen-mapping-0.3.13.tgz 0ms (cache hit)
3156 http cache browserslist@https://registry.npmjs.org/browserslist/-/browserslist-4.28.2.tgz 0ms (cache hit)
3157 http cache metro-transform-worker@https://registry.npmjs.org/metro-transform-worker/-/metro-transform-worker-0.84.4.tgz 0ms (cache hit)
3158 http cache @babel/generator@https://registry.npmjs.org/@babel/generator/-/generator-7.29.7.tgz 0ms (cache hit)
3159 http cache metro-transform-plugins@https://registry.npmjs.org/metro-transform-plugins/-/metro-transform-plugins-0.84.4.tgz 0ms (cache hit)
3160 http cache metro-symbolicate@https://registry.npmjs.org/metro-symbolicate/-/metro-symbolicate-0.84.4.tgz 0ms (cache hit)
3161 http cache @babel/core@https://registry.npmjs.org/@babel/core/-/core-7.29.7.tgz 0ms (cache hit)
3162 http cache metro-source-map@https://registry.npmjs.org/metro-source-map/-/metro-source-map-0.84.4.tgz 0ms (cache hit)
3163 http cache metro-resolver@https://registry.npmjs.org/metro-resolver/-/metro-resolver-0.84.4.tgz 0ms (cache hit)
3164 http cache metro-runtime@https://registry.npmjs.org/metro-runtime/-/metro-runtime-0.84.4.tgz 0ms (cache hit)
3165 http cache metro-core@https://registry.npmjs.org/metro-core/-/metro-core-0.84.4.tgz 0ms (cache hit)
3166 http cache metro-file-map@https://registry.npmjs.org/metro-file-map/-/metro-file-map-0.84.4.tgz 0ms (cache hit)
3167 http cache metro-minify-terser@https://registry.npmjs.org/metro-minify-terser/-/metro-minify-terser-0.84.4.tgz 0ms (cache hit)
3168 http cache metro-cache-key@https://registry.npmjs.org/metro-cache-key/-/metro-cache-key-0.84.4.tgz 0ms (cache hit)
3169 http cache metro-config@https://registry.npmjs.org/metro-config/-/metro-config-0.84.4.tgz 0ms (cache hit)
3170 http cache metro@https://registry.npmjs.org/metro/-/metro-0.84.4.tgz 0ms (cache hit)
3171 http cache metro-cache@https://registry.npmjs.org/metro-cache/-/metro-cache-0.84.4.tgz 0ms (cache hit)
3172 http cache metro-babel-transformer@https://registry.npmjs.org/metro-babel-transformer/-/metro-babel-transformer-0.84.4.tgz 0ms (cache hit)
3173 http cache stacktrace-parser@https://registry.npmjs.org/stacktrace-parser/-/stacktrace-parser-0.1.11.tgz 0ms (cache hit)
3174 http cache @babel/helper-validator-identifier@https://registry.npmjs.org/@babel/helper-validator-identifier/-/helper-validator-identifier-7.29.7.tgz 0ms (cache hit)
3175 http cache @babel/code-frame@https://registry.npmjs.org/@babel/code-frame/-/code-frame-7.29.7.tgz 0ms (cache hit)
3176 http cache minimatch@https://registry.npmjs.org/minimatch/-/minimatch-10.2.5.tgz 0ms (cache hit)
3177 http cache anser@https://registry.npmjs.org/anser/-/anser-1.4.10.tgz 0ms (cache hit)
3178 http cache picocolors@https://registry.npmjs.org/picocolors/-/picocolors-1.1.1.tgz 0ms (cache hit)
3179 http cache js-tokens@https://registry.npmjs.org/js-tokens/-/js-tokens-4.0.0.tgz 0ms (cache hit)
3180 http cache arg@https://registry.npmjs.org/arg/-/arg-5.0.2.tgz 0ms (cache hit)
3181 http cache xml2js@https://registry.npmjs.org/xml2js/-/xml2js-0.6.0.tgz 0ms (cache hit)
3182 http cache json5@https://registry.npmjs.org/json5/-/json5-2.2.3.tgz 0ms (cache hit)
3183 http cache @expo/spawn-async@https://registry.npmjs.org/@expo/spawn-async/-/spawn-async-1.8.0.tgz 0ms (cache hit)
3184 http cache resolve-from@https://registry.npmjs.org/resolve-from/-/resolve-from-5.0.0.tgz 0ms (cache hit)
3185 http cache @expo/env@https://registry.npmjs.org/@expo/env/-/env-2.3.0.tgz 0ms (cache hit)
3186 http cache xcode@https://registry.npmjs.org/xcode/-/xcode-3.0.1.tgz 0ms (cache hit)
3187 http cache ignore@https://registry.npmjs.org/ignore/-/ignore-5.3.2.tgz 0ms (cache hit)
3188 http cache debug@https://registry.npmjs.org/debug/-/debug-4.4.3.tgz 0ms (cache hit)
3189 http cache chalk@https://registry.npmjs.org/chalk/-/chalk-4.1.2.tgz 0ms (cache hit)
3190 http cache @expo/sdk-runtime-versions@https://registry.npmjs.org/@expo/sdk-runtime-versions/-/sdk-runtime-versions-1.0.0.tgz 0ms (cache hit)
3191 http cache resolve-workspace-root@https://registry.npmjs.org/resolve-workspace-root/-/resolve-workspace-root-2.0.1.tgz 0ms (cache hit)
3192 http cache semver@https://registry.npmjs.org/semver/-/semver-7.8.4.tgz 0ms (cache hit)
3193 http cache @expo/plist@https://registry.npmjs.org/@expo/plist/-/plist-0.7.0.tgz 0ms (cache hit)
3194 http cache @expo/require-utils@https://registry.npmjs.org/@expo/require-utils/-/require-utils-56.1.3.tgz 0ms (cache hit)
3195 http cache slugify@https://registry.npmjs.org/slugify/-/slugify-1.6.9.tgz 0ms (cache hit)
3196 http cache deepmerge@https://registry.npmjs.org/deepmerge/-/deepmerge-4.3.1.tgz 0ms (cache hit)
3197 http cache @expo/json-file@https://registry.npmjs.org/@expo/json-file/-/json-file-10.2.0.tgz 0ms (cache hit)
3198 http cache glob@https://registry.npmjs.org/glob/-/glob-13.0.6.tgz 0ms (cache hit)
3199 http cache getenv@https://registry.npmjs.org/getenv/-/getenv-2.0.0.tgz 0ms (cache hit)
3200 http cache @expo/config-types@https://registry.npmjs.org/@expo/config-types/-/config-types-56.0.5.tgz 0ms (cache hit)
3201 http cache pretty-format@https://registry.npmjs.org/pretty-format/-/pretty-format-29.7.0.tgz 0ms (cache hit)
3202 http cache whatwg-url-minimum@https://registry.npmjs.org/whatwg-url-minimum/-/whatwg-url-minimum-0.1.2.tgz 0ms (cache hit)
3203 http cache expo-keep-awake@https://registry.npmjs.org/expo-keep-awake/-/expo-keep-awake-56.0.3.tgz 0ms (cache hit)
3204 http cache expo-modules-autolinking@https://registry.npmjs.org/expo-modules-autolinking/-/expo-modules-autolinking-56.0.15.tgz 0ms (cache hit)
3205 http cache expo-file-system@https://registry.npmjs.org/expo-file-system/-/expo-file-system-56.0.7.tgz 0ms (cache hit)
3206 http cache expo-font@https://registry.npmjs.org/expo-font/-/expo-font-56.0.5.tgz 0ms (cache hit)
3207 http cache expo-asset@https://registry.npmjs.org/expo-asset/-/expo-asset-56.0.16.tgz 0ms (cache hit)
3208 http cache expo-constants@https://registry.npmjs.org/expo-constants/-/expo-constants-56.0.17.tgz 0ms (cache hit)
3209 http cache react-refresh@https://registry.npmjs.org/react-refresh/-/react-refresh-0.14.2.tgz 0ms (cache hit)
3210 http cache @ungap/structured-clone@https://registry.npmjs.org/@ungap/structured-clone/-/structured-clone-1.3.1.tgz 0ms (cache hit)
3211 http cache @expo/metro-config@https://registry.npmjs.org/@expo/metro-config/-/metro-config-56.0.13.tgz 0ms (cache hit)
3212 http cache expo-modules-core@https://registry.npmjs.org/expo-modules-core/-/expo-modules-core-56.0.15.tgz 0ms (cache hit)
3213 http cache babel-preset-expo@https://registry.npmjs.org/babel-preset-expo/-/babel-preset-expo-56.0.14.tgz 0ms (cache hit)
3214 http cache @expo/log-box@https://registry.npmjs.org/@expo/log-box/-/log-box-56.0.12.tgz 0ms (cache hit)
3215 http cache @expo/metro@https://registry.npmjs.org/@expo/metro/-/metro-56.0.0.tgz 0ms (cache hit)
3216 http cache @expo/dom-webview@https://registry.npmjs.org/@expo/dom-webview/-/dom-webview-56.0.5.tgz 0ms (cache hit)
3217 http cache @expo/fingerprint@https://registry.npmjs.org/@expo/fingerprint/-/fingerprint-0.19.4.tgz 0ms (cache hit)
3218 http cache @expo/local-build-cache-provider@https://registry.npmjs.org/@expo/local-build-cache-provider/-/local-build-cache-provider-56.0.8.tgz 0ms (cache hit)
3219 http cache @expo/config-plugins@https://registry.npmjs.org/@expo/config-plugins/-/config-plugins-56.0.8.tgz 0ms (cache hit)
3220 http cache @expo/devtools@https://registry.npmjs.org/@expo/devtools/-/devtools-56.0.2.tgz 0ms (cache hit)
3221 http cache typescript@https://registry.npmjs.org/typescript/-/typescript-6.0.3.tgz 0ms (cache hit)
3222 http cache @babel/runtime@https://registry.npmjs.org/@babel/runtime/-/runtime-7.29.7.tgz 0ms (cache hit)
3223 http cache react-dom@https://registry.npmjs.org/react-dom/-/react-dom-19.2.3.tgz 0ms (cache hit)
3224 http cache @expo/config@https://registry.npmjs.org/@expo/config/-/config-56.0.9.tgz 0ms (cache hit)
3225 http cache csstype@https://registry.npmjs.org/csstype/-/csstype-3.2.3.tgz 0ms (cache hit)
3226 http cache @types/react@https://registry.npmjs.org/@types/react/-/react-19.2.17.tgz 0ms (cache hit)
3227 http cache react-native-web@https://registry.npmjs.org/react-native-web/-/react-native-web-0.21.2.tgz 0ms (cache hit)
3228 http cache expo-status-bar@https://registry.npmjs.org/expo-status-bar/-/expo-status-bar-56.0.4.tgz 0ms (cache hit)
3229 http cache react-native@https://registry.npmjs.org/react-native/-/react-native-0.85.3.tgz 0ms (cache hit)
3230 http cache react@https://registry.npmjs.org/react/-/react-19.2.3.tgz 0ms (cache hit)
3231 http cache type-fest@https://registry.npmjs.org/type-fest/-/type-fest-0.21.3.tgz 0ms (cache hit)
3232 http cache expo@https://registry.npmjs.org/expo/-/expo-56.0.9.tgz 0ms (cache hit)
3233 http cache has-flag@https://registry.npmjs.org/has-flag/-/has-flag-3.0.0.tgz 0ms (cache hit)
3234 http cache supports-color@https://registry.npmjs.org/supports-color/-/supports-color-5.5.0.tgz 0ms (cache hit)
3235 http cache color-convert@https://registry.npmjs.org/color-convert/-/color-convert-1.9.3.tgz 0ms (cache hit)
3236 http cache color-name@https://registry.npmjs.org/color-name/-/color-name-1.1.3.tgz 0ms (cache hit)
3237 http cache escape-string-regexp@https://registry.npmjs.org/escape-string-regexp/-/escape-string-regexp-1.0.5.tgz 0ms (cache hit)
3238 http cache has-flag@https://registry.npmjs.org/has-flag/-/has-flag-3.0.0.tgz 0ms (cache hit)
3239 http cache lru-cache@https://registry.npmjs.org/lru-cache/-/lru-cache-10.4.3.tgz 0ms (cache hit)
3240 http cache ansi-styles@https://registry.npmjs.org/ansi-styles/-/ansi-styles-3.2.1.tgz 0ms (cache hit)
3241 http cache ansi-regex@https://registry.npmjs.org/ansi-regex/-/ansi-regex-4.1.1.tgz 0ms (cache hit)
3242 http cache chalk@https://registry.npmjs.org/chalk/-/chalk-2.4.2.tgz 0ms (cache hit)
3243 http cache color-convert@https://registry.npmjs.org/color-convert/-/color-convert-1.9.3.tgz 0ms (cache hit)
3244 http cache supports-color@https://registry.npmjs.org/supports-color/-/supports-color-5.5.0.tgz 0ms (cache hit)
3245 http cache color-name@https://registry.npmjs.org/color-name/-/color-name-1.1.3.tgz 0ms (cache hit)
3246 http cache ansi-styles@https://registry.npmjs.org/ansi-styles/-/ansi-styles-3.2.1.tgz 0ms (cache hit)
3247 http cache escape-string-regexp@https://registry.npmjs.org/escape-string-regexp/-/escape-string-regexp-1.0.5.tgz 0ms (cache hit)
3248 http cache ms@https://registry.npmjs.org/ms/-/ms-2.0.0.tgz 0ms (cache hit)
3249 http cache chalk@https://registry.npmjs.org/chalk/-/chalk-2.4.2.tgz 0ms (cache hit)
3250 http cache strip-ansi@https://registry.npmjs.org/strip-ansi/-/strip-ansi-5.2.0.tgz 0ms (cache hit)
3251 http cache negotiator@https://registry.npmjs.org/negotiator/-/negotiator-0.6.4.tgz 0ms (cache hit)
3252 http cache debug@https://registry.npmjs.org/debug/-/debug-2.6.9.tgz 0ms (cache hit)
3253 http cache @xmldom/xmldom@https://registry.npmjs.org/@xmldom/xmldom/-/xmldom-0.9.10.tgz 0ms (cache hit)
3254 http cache debug@https://registry.npmjs.org/debug/-/debug-3.2.7.tgz 0ms (cache hit)
3255 http cache ms@https://registry.npmjs.org/ms/-/ms-2.0.0.tgz 0ms (cache hit)
3256 http cache statuses@https://registry.npmjs.org/statuses/-/statuses-2.0.2.tgz 0ms (cache hit)
3257 http cache source-map@https://registry.npmjs.org/source-map/-/source-map-0.6.1.tgz 0ms (cache hit)
3258 http cache statuses@https://registry.npmjs.org/statuses/-/statuses-2.0.2.tgz 0ms (cache hit)
3259 http cache debug@https://registry.npmjs.org/debug/-/debug-2.6.9.tgz 0ms (cache hit)
3260 http cache promise@https://registry.npmjs.org/promise/-/promise-7.3.1.tgz 0ms (cache hit)
3261 http cache on-finished@https://registry.npmjs.org/on-finished/-/on-finished-2.4.1.tgz 0ms (cache hit)
3262 http cache encodeurl@https://registry.npmjs.org/encodeurl/-/encodeurl-2.0.0.tgz 0ms (cache hit)
3263 http cache debug@https://registry.npmjs.org/debug/-/debug-2.6.9.tgz 0ms (cache hit)
3264 http cache encodeurl@https://registry.npmjs.org/encodeurl/-/encodeurl-2.0.0.tgz 0ms (cache hit)
3265 http cache ms@https://registry.npmjs.org/ms/-/ms-2.0.0.tgz 0ms (cache hit)
3266 http cache commander@https://registry.npmjs.org/commander/-/commander-2.20.3.tgz 0ms (cache hit)
3267 http cache picomatch@https://registry.npmjs.org/picomatch/-/picomatch-2.3.2.tgz 0ms (cache hit)
3268 http cache picomatch@https://registry.npmjs.org/picomatch/-/picomatch-2.3.2.tgz 0ms (cache hit)
3269 http cache debug@https://registry.npmjs.org/debug/-/debug-2.6.9.tgz 0ms (cache hit)
3270 http cache ms@https://registry.npmjs.org/ms/-/ms-2.0.0.tgz 0ms (cache hit)
3271 http cache ci-info@https://registry.npmjs.org/ci-info/-/ci-info-3.9.0.tgz 0ms (cache hit)
3272 http cache debug@https://registry.npmjs.org/debug/-/debug-2.6.9.tgz 0ms (cache hit)
3273 http cache ms@https://registry.npmjs.org/ms/-/ms-2.0.0.tgz 0ms (cache hit)
3274 http cache semver@https://registry.npmjs.org/semver/-/semver-6.3.1.tgz 0ms (cache hit)
3275 http cache supports-color@https://registry.npmjs.org/supports-color/-/supports-color-8.1.1.tgz 0ms (cache hit)
3276 http cache lru-cache@https://registry.npmjs.org/lru-cache/-/lru-cache-11.5.1.tgz 0ms (cache hit)
3277 http cache semver@https://registry.npmjs.org/semver/-/semver-6.3.1.tgz 0ms (cache hit)
3278 http cache semver@https://registry.npmjs.org/semver/-/semver-6.3.1.tgz 0ms (cache hit)
3279 http cache semver@https://registry.npmjs.org/semver/-/semver-6.3.1.tgz 0ms (cache hit)
3280 http cache semver@https://registry.npmjs.org/semver/-/semver-6.3.1.tgz 0ms (cache hit)
3281 http cache semver@https://registry.npmjs.org/semver/-/semver-6.3.1.tgz 0ms (cache hit)
3282 http cache ansi-styles@https://registry.npmjs.org/ansi-styles/-/ansi-styles-5.2.0.tgz 0ms (cache hit)
3283 http cache hermes-estree@https://registry.npmjs.org/hermes-estree/-/hermes-estree-0.35.0.tgz 0ms (cache hit)
3284 http cache hermes-parser@https://registry.npmjs.org/hermes-parser/-/hermes-parser-0.35.0.tgz 0ms (cache hit)
3285 http cache hermes-estree@https://registry.npmjs.org/hermes-estree/-/hermes-estree-0.35.0.tgz 0ms (cache hit)
3286 http cache hermes-parser@https://registry.npmjs.org/hermes-parser/-/hermes-parser-0.35.0.tgz 0ms (cache hit)
3287 http cache xmlbuilder@https://registry.npmjs.org/xmlbuilder/-/xmlbuilder-11.0.1.tgz 0ms (cache hit)
3288 http cache commander@https://registry.npmjs.org/commander/-/commander-12.1.0.tgz 0ms (cache hit)
3289 http cache mime-db@https://registry.npmjs.org/mime-db/-/mime-db-1.52.0.tgz 0ms (cache hit)
3290 http cache mime-types@https://registry.npmjs.org/mime-types/-/mime-types-2.1.35.tgz 0ms (cache hit)
3291 http cache memoize-one@https://registry.npmjs.org/memoize-one/-/memoize-one-6.0.0.tgz 0ms (cache hit)
3292 http cache @react-native/normalize-colors@https://registry.npmjs.org/@react-native/normalize-colors/-/normalize-colors-0.74.89.tgz 0ms (cache hit)
3293 http cache @expo/cli@https://registry.npmjs.org/@expo/cli/-/cli-56.1.14.tgz 0ms (cache hit)
3294 http cache ws@https://registry.npmjs.org/ws/-/ws-8.21.0.tgz 0ms (cache hit)
3295 http cache @expo/router-server@https://registry.npmjs.org/@expo/router-server/-/router-server-56.0.13.tgz 0ms (cache hit)
3296 http cache negotiator@https://registry.npmjs.org/negotiator/-/negotiator-0.6.3.tgz 0ms (cache hit)
3297 http cache ci-info@https://registry.npmjs.org/ci-info/-/ci-info-3.9.0.tgz 0ms (cache hit)
3298 http cache accepts@https://registry.npmjs.org/accepts/-/accepts-1.3.8.tgz 0ms (cache hit)
3299 silly tarball no local data for clone@https://registry.npmjs.org/clone/-/clone-1.0.4.tgz. Extracting by manifest.
3300 silly tarball no local data for defaults@https://registry.npmjs.org/defaults/-/defaults-1.0.4.tgz. Extracting by manifest.
3301 silly tarball no local data for ansi-escapes@https://registry.npmjs.org/ansi-escapes/-/ansi-escapes-4.3.2.tgz. Extracting by manifest.
3302 silly tarball no local data for supports-hyperlinks@https://registry.npmjs.org/supports-hyperlinks/-/supports-hyperlinks-2.3.0.tgz. Extracting by manifest.
3303 silly tarball no local data for signal-exit@https://registry.npmjs.org/signal-exit/-/signal-exit-3.0.7.tgz. Extracting by manifest.
3304 silly tarball no local data for sisteransi@https://registry.npmjs.org/sisteransi/-/sisteransi-1.0.5.tgz. Extracting by manifest.
3305 silly tarball no local data for onetime@https://registry.npmjs.org/onetime/-/onetime-2.0.1.tgz. Extracting by manifest.
3306 silly tarball no local data for mimic-fn@https://registry.npmjs.org/mimic-fn/-/mimic-fn-1.2.0.tgz. Extracting by manifest.
3307 silly tarball no local data for wcwidth@https://registry.npmjs.org/wcwidth/-/wcwidth-1.0.1.tgz. Extracting by manifest.
3308 silly tarball no local data for restore-cursor@https://registry.npmjs.org/restore-cursor/-/restore-cursor-2.0.0.tgz. Extracting by manifest.
3309 silly tarball no local data for kleur@https://registry.npmjs.org/kleur/-/kleur-3.0.3.tgz. Extracting by manifest.
3310 silly tarball no local data for log-symbols@https://registry.npmjs.org/log-symbols/-/log-symbols-2.2.0.tgz. Extracting by manifest.
3311 silly tarball no local data for validate-npm-package-name@https://registry.npmjs.org/validate-npm-package-name/-/validate-npm-package-name-5.0.1.tgz. Extracting by manifest.
3312 silly tarball no local data for cli-spinners@https://registry.npmjs.org/cli-spinners/-/cli-spinners-2.9.2.tgz. Extracting by manifest.
3313 silly tarball no local data for cli-cursor@https://registry.npmjs.org/cli-cursor/-/cli-cursor-2.1.0.tgz. Extracting by manifest.
3314 silly tarball no local data for hosted-git-info@https://registry.npmjs.org/hosted-git-info/-/hosted-git-info-7.0.2.tgz. Extracting by manifest.
3315 silly tarball no local data for proc-log@https://registry.npmjs.org/proc-log/-/proc-log-4.2.0.tgz. Extracting by manifest.
3316 silly tarball no local data for argparse@https://registry.npmjs.org/argparse/-/argparse-2.0.1.tgz. Extracting by manifest.
3317 silly tarball no local data for safe-buffer@https://registry.npmjs.org/safe-buffer/-/safe-buffer-5.2.1.tgz. Extracting by manifest.
3318 silly tarball no local data for vary@https://registry.npmjs.org/vary/-/vary-1.1.2.tgz. Extracting by manifest.
3319 silly tarball no local data for on-headers@https://registry.npmjs.org/on-headers/-/on-headers-1.1.0.tgz. Extracting by manifest.
3320 silly tarball no local data for compressible@https://registry.npmjs.org/compressible/-/compressible-2.0.18.tgz. Extracting by manifest.
3321 silly tarball no local data for bytes@https://registry.npmjs.org/bytes/-/bytes-3.1.2.tgz. Extracting by manifest.
3322 silly tarball no local data for js-yaml@https://registry.npmjs.org/js-yaml/-/js-yaml-4.2.0.tgz. Extracting by manifest.
3323 silly tarball no local data for @expo/sudo-prompt@https://registry.npmjs.org/@expo/sudo-prompt/-/sudo-prompt-9.3.2.tgz. Extracting by manifest.
3324 silly tarball no local data for zod@https://registry.npmjs.org/zod/-/zod-3.25.76.tgz. Extracting by manifest.
3325 silly tarball no local data for terminal-link@https://registry.npmjs.org/terminal-link/-/terminal-link-2.1.1.tgz. Extracting by manifest.
3326 silly tarball no local data for toqr@https://registry.npmjs.org/toqr/-/toqr-0.1.1.tgz. Extracting by manifest.
3327 silly tarball no local data for structured-headers@https://registry.npmjs.org/structured-headers/-/structured-headers-0.4.1.tgz. Extracting by manifest.
3328 silly tarball no local data for progress@https://registry.npmjs.org/progress/-/progress-2.0.3.tgz. Extracting by manifest.
3329 silly tarball no local data for ora@https://registry.npmjs.org/ora/-/ora-3.4.0.tgz. Extracting by manifest.
3330 silly tarball no local data for prompts@https://registry.npmjs.org/prompts/-/prompts-2.4.2.tgz. Extracting by manifest.
3331 silly tarball no local data for npm-package-arg@https://registry.npmjs.org/npm-package-arg/-/npm-package-arg-11.0.3.tgz. Extracting by manifest.
3332 silly tarball no local data for node-forge@https://registry.npmjs.org/node-forge/-/node-forge-1.4.0.tgz. Extracting by manifest.
3333 silly tarball no local data for lan-network@https://registry.npmjs.org/lan-network/-/lan-network-0.2.1.tgz. Extracting by manifest.
3334 silly tarball no local data for multitars@https://registry.npmjs.org/multitars/-/multitars-1.0.0.tgz. Extracting by manifest.
3335 silly tarball no local data for fetch-nodeshim@https://registry.npmjs.org/fetch-nodeshim/-/fetch-nodeshim-0.4.10.tgz. Extracting by manifest.
3336 silly tarball no local data for @expo/xcpretty@https://registry.npmjs.org/@expo/xcpretty/-/xcpretty-4.4.4.tgz. Extracting by manifest.
3337 silly tarball no local data for @expo/schema-utils@https://registry.npmjs.org/@expo/schema-utils/-/schema-utils-56.0.1.tgz. Extracting by manifest.
3338 silly tarball no local data for @expo/ws-tunnel@https://registry.npmjs.org/@expo/ws-tunnel/-/ws-tunnel-1.0.6.tgz. Extracting by manifest.
3339 silly tarball no local data for @expo/prebuild-config@https://registry.npmjs.org/@expo/prebuild-config/-/prebuild-config-56.0.15.tgz. Extracting by manifest.
3340 silly tarball no local data for dnssd-advertise@https://registry.npmjs.org/dnssd-advertise/-/dnssd-advertise-1.1.4.tgz. Extracting by manifest.
3341 silly tarball no local data for compression@https://registry.npmjs.org/compression/-/compression-1.8.1.tgz. Extracting by manifest.
3342 silly tarball no local data for @expo/package-manager@https://registry.npmjs.org/@expo/package-manager/-/package-manager-1.12.1.tgz. Extracting by manifest.
3343 silly tarball no local data for expo-server@https://registry.npmjs.org/expo-server/-/expo-server-56.0.5.tgz. Extracting by manifest.
3344 silly tarball no local data for @expo/metro-file-map@https://registry.npmjs.org/@expo/metro-file-map/-/metro-file-map-56.0.3.tgz. Extracting by manifest.
3345 silly tarball no local data for @expo/devcert@https://registry.npmjs.org/@expo/devcert/-/devcert-1.2.1.tgz. Extracting by manifest.
3346 silly tarball no local data for @expo/osascript@https://registry.npmjs.org/@expo/osascript/-/osascript-2.6.0.tgz. Extracting by manifest.
3347 silly tarball no local data for @expo/inline-modules@https://registry.npmjs.org/@expo/inline-modules/-/inline-modules-0.0.11.tgz. Extracting by manifest.
3348 silly tarball no local data for is-fullwidth-code-point@https://registry.npmjs.org/is-fullwidth-code-point/-/is-fullwidth-code-point-3.0.0.tgz. Extracting by manifest.
3349 silly tarball no local data for @expo/code-signing-certificates@https://registry.npmjs.org/@expo/code-signing-certificates/-/code-signing-certificates-0.0.6.tgz. Extracting by manifest.
3350 silly tarball no local data for strip-ansi@https://registry.npmjs.org/strip-ansi/-/strip-ansi-6.0.1.tgz. Extracting by manifest.
3351 silly tarball no local data for wrap-ansi@https://registry.npmjs.org/wrap-ansi/-/wrap-ansi-7.0.0.tgz. Extracting by manifest.
3352 silly tarball no local data for emoji-regex@https://registry.npmjs.org/emoji-regex/-/emoji-regex-8.0.0.tgz. Extracting by manifest.
3353 silly tarball no local data for y18n@https://registry.npmjs.org/y18n/-/y18n-5.0.8.tgz. Extracting by manifest.
3354 silly tarball no local data for yargs-parser@https://registry.npmjs.org/yargs-parser/-/yargs-parser-21.1.1.tgz. Extracting by manifest.
3355 silly tarball no local data for get-caller-file@https://registry.npmjs.org/get-caller-file/-/get-caller-file-2.0.5.tgz. Extracting by manifest.
3356 silly tarball no local data for string-width@https://registry.npmjs.org/string-width/-/string-width-4.2.3.tgz. Extracting by manifest.
3357 silly tarball no local data for require-directory@https://registry.npmjs.org/require-directory/-/require-directory-2.1.1.tgz. Extracting by manifest.
3358 silly tarball no local data for sax@https://registry.npmjs.org/sax/-/sax-1.6.0.tgz. Extracting by manifest.
3359 silly tarball no local data for cliui@https://registry.npmjs.org/cliui/-/cliui-8.0.1.tgz. Extracting by manifest.
3360 silly tarball no local data for plist@https://registry.npmjs.org/plist/-/plist-3.1.1.tgz. Extracting by manifest.
3361 silly tarball no local data for big-integer@https://registry.npmjs.org/big-integer/-/big-integer-1.6.52.tgz. Extracting by manifest.
3362 silly tarball no local data for stream-buffers@https://registry.npmjs.org/stream-buffers/-/stream-buffers-2.2.0.tgz. Extracting by manifest.
3363 silly tarball no local data for bplist-creator@https://registry.npmjs.org/bplist-creator/-/bplist-creator-0.1.0.tgz. Extracting by manifest.
3364 silly tarball no local data for bplist-parser@https://registry.npmjs.org/bplist-parser/-/bplist-parser-0.3.1.tgz. Extracting by manifest.
3365 silly tarball no local data for isexe@https://registry.npmjs.org/isexe/-/isexe-2.0.0.tgz. Extracting by manifest.
3366 silly tarball no local data for uuid@https://registry.npmjs.org/uuid/-/uuid-7.0.3.tgz. Extracting by manifest.
3367 silly tarball no local data for simple-plist@https://registry.npmjs.org/simple-plist/-/simple-plist-1.3.1.tgz. Extracting by manifest.
3368 silly tarball no local data for tmpl@https://registry.npmjs.org/tmpl/-/tmpl-1.0.5.tgz. Extracting by manifest.
3369 silly tarball no local data for webidl-conversions@https://registry.npmjs.org/webidl-conversions/-/webidl-conversions-3.0.1.tgz. Extracting by manifest.
3370 silly tarball no local data for unicode-property-aliases-ecmascript@https://registry.npmjs.org/unicode-property-aliases-ecmascript/-/unicode-property-aliases-ecmascript-2.2.0.tgz. Extracting by manifest.
3371 silly tarball no local data for tr46@https://registry.npmjs.org/tr46/-/tr46-0.0.3.tgz. Extracting by manifest.
3372 silly tarball no local data for makeerror@https://registry.npmjs.org/makeerror/-/makeerror-1.0.12.tgz. Extracting by manifest.
3373 silly tarball no local data for unicode-canonical-property-names-ecmascript@https://registry.npmjs.org/unicode-canonical-property-names-ecmascript/-/unicode-canonical-property-names-ecmascript-2.0.1.tgz. Extracting by manifest.
3374 silly tarball no local data for escalade@https://registry.npmjs.org/escalade/-/escalade-3.2.0.tgz. Extracting by manifest.
3375 silly tarball no local data for buffer-from@https://registry.npmjs.org/buffer-from/-/buffer-from-1.1.2.tgz. Extracting by manifest.
3376 silly tarball no local data for is-number@https://registry.npmjs.org/is-number/-/is-number-7.0.0.tgz. Extracting by manifest.
3377 silly tarball no local data for fdir@https://registry.npmjs.org/fdir/-/fdir-6.5.0.tgz. Extracting by manifest.
3378 silly tarball no local data for acorn@https://registry.npmjs.org/acorn/-/acorn-8.16.0.tgz. Extracting by manifest.
3379 silly tarball no local data for @jridgewell/source-map@https://registry.npmjs.org/@jridgewell/source-map/-/source-map-0.3.11.tgz. Extracting by manifest.
3380 silly tarball no local data for shebang-regex@https://registry.npmjs.org/shebang-regex/-/shebang-regex-3.0.0.tgz. Extracting by manifest.
3381 silly tarball no local data for source-map-support@https://registry.npmjs.org/source-map-support/-/source-map-support-0.5.21.tgz. Extracting by manifest.
3382 silly tarball no local data for has-flag@https://registry.npmjs.org/has-flag/-/has-flag-4.0.0.tgz. Extracting by manifest.
3383 silly tarball no local data for toidentifier@https://registry.npmjs.org/toidentifier/-/toidentifier-1.0.1.tgz. Extracting by manifest.
3384 silly tarball no local data for type-fest@https://registry.npmjs.org/type-fest/-/type-fest-0.7.1.tgz. Extracting by manifest.
3385 silly tarball no local data for mime@https://registry.npmjs.org/mime/-/mime-1.6.0.tgz. Extracting by manifest.
3386 silly tarball no local data for setprototypeof@https://registry.npmjs.org/setprototypeof/-/setprototypeof-1.2.0.tgz. Extracting by manifest.
3387 silly tarball no local data for range-parser@https://registry.npmjs.org/range-parser/-/range-parser-1.2.1.tgz. Extracting by manifest.
3388 silly tarball no local data for fresh@https://registry.npmjs.org/fresh/-/fresh-0.5.2.tgz. Extracting by manifest.
3389 silly tarball no local data for http-errors@https://registry.npmjs.org/http-errors/-/http-errors-2.0.1.tgz. Extracting by manifest.
3390 silly tarball no local data for etag@https://registry.npmjs.org/etag/-/etag-1.8.1.tgz. Extracting by manifest.
3391 silly tarball no local data for destroy@https://registry.npmjs.org/destroy/-/destroy-1.2.0.tgz. Extracting by manifest.
3392 silly tarball no local data for depd@https://registry.npmjs.org/depd/-/depd-2.0.0.tgz. Extracting by manifest.
3393 silly tarball no local data for send@https://registry.npmjs.org/send/-/send-0.19.2.tgz. Extracting by manifest.
3394 silly tarball no local data for hasown@https://registry.npmjs.org/hasown/-/hasown-2.0.4.tgz. Extracting by manifest.
3395 silly tarball no local data for supports-preserve-symlinks-flag@https://registry.npmjs.org/supports-preserve-symlinks-flag/-/supports-preserve-symlinks-flag-1.0.0.tgz. Extracting by manifest.
3396 silly tarball no local data for function-bind@https://registry.npmjs.org/function-bind/-/function-bind-1.1.2.tgz. Extracting by manifest.
3397 silly tarball no local data for es-errors@https://registry.npmjs.org/es-errors/-/es-errors-1.3.0.tgz. Extracting by manifest.
3398 silly tarball no local data for is-core-module@https://registry.npmjs.org/is-core-module/-/is-core-module-2.16.2.tgz. Extracting by manifest.
3399 silly tarball no local data for regjsparser@https://registry.npmjs.org/regjsparser/-/regjsparser-0.13.1.tgz. Extracting by manifest.
3400 silly tarball no local data for path-parse@https://registry.npmjs.org/path-parse/-/path-parse-1.0.7.tgz. Extracting by manifest.
3401 silly tarball no local data for unicode-match-property-value-ecmascript@https://registry.npmjs.org/unicode-match-property-value-ecmascript/-/unicode-match-property-value-ecmascript-2.2.1.tgz. Extracting by manifest.
3402 silly tarball no local data for regjsgen@https://registry.npmjs.org/regjsgen/-/regjsgen-0.8.0.tgz. Extracting by manifest.
3403 silly tarball no local data for unicode-match-property-ecmascript@https://registry.npmjs.org/unicode-match-property-ecmascript/-/unicode-match-property-ecmascript-2.0.0.tgz. Extracting by manifest.
3404 silly tarball no local data for hyphenate-style-name@https://registry.npmjs.org/hyphenate-style-name/-/hyphenate-style-name-1.1.0.tgz. Extracting by manifest.
3405 silly tarball no local data for regenerate-unicode-properties@https://registry.npmjs.org/regenerate-unicode-properties/-/regenerate-unicode-properties-10.2.2.tgz. Extracting by manifest.
3406 silly tarball no local data for regenerate@https://registry.npmjs.org/regenerate/-/regenerate-1.4.2.tgz. Extracting by manifest.
3407 silly tarball no local data for css-in-js-utils@https://registry.npmjs.org/css-in-js-utils/-/css-in-js-utils-3.1.0.tgz. Extracting by manifest.
3408 silly tarball no local data for whatwg-url@https://registry.npmjs.org/whatwg-url/-/whatwg-url-5.0.0.tgz. Extracting by manifest.
3409 silly tarball no local data for ua-parser-js@https://registry.npmjs.org/ua-parser-js/-/ua-parser-js-1.0.41.tgz. Extracting by manifest.
3410 silly tarball no local data for node-fetch@https://registry.npmjs.org/node-fetch/-/node-fetch-2.7.0.tgz. Extracting by manifest.
3411 silly tarball no local data for setimmediate@https://registry.npmjs.org/setimmediate/-/setimmediate-1.0.5.tgz. Extracting by manifest.
3412 silly tarball no local data for fbjs-css-vars@https://registry.npmjs.org/fbjs-css-vars/-/fbjs-css-vars-1.0.2.tgz. Extracting by manifest.
3413 silly tarball no local data for object-assign@https://registry.npmjs.org/object-assign/-/object-assign-4.1.1.tgz. Extracting by manifest.
3414 silly tarball no local data for postcss-value-parser@https://registry.npmjs.org/postcss-value-parser/-/postcss-value-parser-4.2.0.tgz. Extracting by manifest.
3415 silly tarball no local data for cross-fetch@https://registry.npmjs.org/cross-fetch/-/cross-fetch-3.2.0.tgz. Extracting by manifest.
3416 silly tarball no local data for styleq@https://registry.npmjs.org/styleq/-/styleq-0.1.3.tgz. Extracting by manifest.
3417 silly tarball no local data for fbjs@https://registry.npmjs.org/fbjs/-/fbjs-3.0.5.tgz. Extracting by manifest.
3418 silly tarball no local data for inline-style-prefixer@https://registry.npmjs.org/inline-style-prefixer/-/inline-style-prefixer-7.0.1.tgz. Extracting by manifest.
3419 silly tarball no local data for marky@https://registry.npmjs.org/marky/-/marky-1.3.0.tgz. Extracting by manifest.
3420 silly tarball no local data for shell-quote@https://registry.npmjs.org/shell-quote/-/shell-quote-1.8.4.tgz. Extracting by manifest.
3421 silly tarball no local data for mkdirp@https://registry.npmjs.org/mkdirp/-/mkdirp-1.0.4.tgz. Extracting by manifest.
3422 silly tarball no local data for asap@https://registry.npmjs.org/asap/-/asap-2.0.6.tgz. Extracting by manifest.
3423 silly tarball no local data for is-docker@https://registry.npmjs.org/is-docker/-/is-docker-2.2.1.tgz. Extracting by manifest.
3424 silly tarball no local data for is-wsl@https://registry.npmjs.org/is-wsl/-/is-wsl-2.2.0.tgz. Extracting by manifest.
3425 silly tarball no local data for lighthouse-logger@https://registry.npmjs.org/lighthouse-logger/-/lighthouse-logger-1.4.2.tgz. Extracting by manifest.
3426 silly tarball no local data for fb-dotslash@https://registry.npmjs.org/fb-dotslash/-/fb-dotslash-0.5.8.tgz. Extracting by manifest.
3427 silly tarball no local data for escape-string-regexp@https://registry.npmjs.org/escape-string-regexp/-/escape-string-regexp-4.0.0.tgz. Extracting by manifest.
3428 silly tarball no local data for event-target-shim@https://registry.npmjs.org/event-target-shim/-/event-target-shim-5.0.1.tgz. Extracting by manifest.
3429 silly tarball no local data for open@https://registry.npmjs.org/open/-/open-7.4.2.tgz. Extracting by manifest.
3430 silly tarball no local data for @react-native/debugger-frontend@https://registry.npmjs.org/@react-native/debugger-frontend/-/debugger-frontend-0.85.3.tgz. Extracting by manifest.
3431 silly tarball no local data for chromium-edge-launcher@https://registry.npmjs.org/chromium-edge-launcher/-/chromium-edge-launcher-0.3.0.tgz. Extracting by manifest.
3432 silly tarball no local data for @react-native/debugger-shell@https://registry.npmjs.org/@react-native/debugger-shell/-/debugger-shell-0.85.3.tgz. Extracting by manifest.
3433 silly tarball no local data for serve-static@https://registry.npmjs.org/serve-static/-/serve-static-1.16.3.tgz. Extracting by manifest.
3434 silly tarball no local data for chrome-launcher@https://registry.npmjs.org/chrome-launcher/-/chrome-launcher-0.15.2.tgz. Extracting by manifest.
3435 silly tarball no local data for regenerator-runtime@https://registry.npmjs.org/regenerator-runtime/-/regenerator-runtime-0.13.11.tgz. Extracting by manifest.
3436 silly tarball no local data for @react-native/dev-middleware@https://registry.npmjs.org/@react-native/dev-middleware/-/dev-middleware-0.85.3.tgz. Extracting by manifest.
3437 silly tarball no local data for whatwg-fetch@https://registry.npmjs.org/whatwg-fetch/-/whatwg-fetch-3.6.20.tgz. Extracting by manifest.
3438 silly tarball no local data for react-devtools-core@https://registry.npmjs.org/react-devtools-core/-/react-devtools-core-6.1.5.tgz. Extracting by manifest.
3439 silly tarball no local data for @isaacs/ttlcache@https://registry.npmjs.org/@isaacs/ttlcache/-/ttlcache-1.4.1.tgz. Extracting by manifest.
3440 silly tarball no local data for memoize-one@https://registry.npmjs.org/memoize-one/-/memoize-one-5.2.1.tgz. Extracting by manifest.
3441 silly tarball no local data for promise@https://registry.npmjs.org/promise/-/promise-8.3.0.tgz. Extracting by manifest.
3442 silly tarball no local data for @react-native/virtualized-lists@https://registry.npmjs.org/@react-native/virtualized-lists/-/virtualized-lists-0.85.3.tgz. Extracting by manifest.
3443 silly tarball no local data for ansi-regex@https://registry.npmjs.org/ansi-regex/-/ansi-regex-5.0.1.tgz. Extracting by manifest.
3444 silly tarball no local data for @react-native/normalize-colors@https://registry.npmjs.org/@react-native/normalize-colors/-/normalize-colors-0.85.3.tgz. Extracting by manifest.
3445 silly tarball no local data for @react-native/js-polyfills@https://registry.npmjs.org/@react-native/js-polyfills/-/js-polyfills-0.85.3.tgz. Extracting by manifest.
3446 silly tarball no local data for abort-controller@https://registry.npmjs.org/abort-controller/-/abort-controller-3.0.0.tgz. Extracting by manifest.
3447 silly tarball no local data for hermes-compiler@https://registry.npmjs.org/hermes-compiler/-/hermes-compiler-250829098.0.10.tgz. Extracting by manifest.
3448 silly tarball no local data for @react-native/community-cli-plugin@https://registry.npmjs.org/@react-native/community-cli-plugin/-/community-cli-plugin-0.85.3.tgz. Extracting by manifest.
3449 silly tarball no local data for inherits@https://registry.npmjs.org/inherits/-/inherits-2.0.4.tgz. Extracting by manifest.
3450 silly tarball no local data for @react-native/gradle-plugin@https://registry.npmjs.org/@react-native/gradle-plugin/-/gradle-plugin-0.85.3.tgz. Extracting by manifest.
3451 silly tarball no local data for @react-native/assets-registry@https://registry.npmjs.org/@react-native/assets-registry/-/assets-registry-0.85.3.tgz. Extracting by manifest.
3452 silly tarball no local data for scheduler@https://registry.npmjs.org/scheduler/-/scheduler-0.27.0.tgz. Extracting by manifest.
3453 silly tarball no local data for react-is@https://registry.npmjs.org/react-is/-/react-is-18.3.1.tgz. Extracting by manifest.
3454 silly tarball no local data for source-map-js@https://registry.npmjs.org/source-map-js/-/source-map-js-1.2.1.tgz. Extracting by manifest.
3455 silly tarball no local data for pngjs@https://registry.npmjs.org/pngjs/-/pngjs-3.4.0.tgz. Extracting by manifest.
3456 silly tarball no local data for nanoid@https://registry.npmjs.org/nanoid/-/nanoid-3.3.12.tgz. Extracting by manifest.
3457 silly tarball no local data for node-gyp-build-optional-packages@https://registry.npmjs.org/node-gyp-build-optional-packages/-/node-gyp-build-optional-packages-5.2.2.tgz. Extracting by manifest.
3458 silly tarball no local data for ee-first@https://registry.npmjs.org/ee-first/-/ee-first-1.1.1.tgz. Extracting by manifest.
3459 silly tarball no local data for @msgpackr-extract/msgpackr-extract-win32-x64@https://registry.npmjs.org/@msgpackr-extract/msgpackr-extract-win32-x64/-/msgpackr-extract-win32-x64-3.0.4.tgz. Extracting by manifest.
3460 silly tarball no local data for balanced-match@https://registry.npmjs.org/balanced-match/-/balanced-match-4.0.4.tgz. Extracting by manifest.
3461 silly tarball no local data for msgpackr-extract@https://registry.npmjs.org/msgpackr-extract/-/msgpackr-extract-3.0.4.tgz. Extracting by manifest.
3462 silly tarball no local data for to-regex-range@https://registry.npmjs.org/to-regex-range/-/to-regex-range-5.0.1.tgz. Extracting by manifest.
3463 silly tarball no local data for mime-db@https://registry.npmjs.org/mime-db/-/mime-db-1.54.0.tgz. Extracting by manifest.
3464 silly tarball no local data for brace-expansion@https://registry.npmjs.org/brace-expansion/-/brace-expansion-5.0.6.tgz. Extracting by manifest.
3465 silly tarball no local data for braces@https://registry.npmjs.org/braces/-/braces-3.0.3.tgz. Extracting by manifest.
3466 silly tarball no local data for fill-range@https://registry.npmjs.org/fill-range/-/fill-range-7.1.1.tgz. Extracting by manifest.
3467 silly tarball no local data for vlq@https://registry.npmjs.org/vlq/-/vlq-1.0.1.tgz. Extracting by manifest.
3468 silly tarball no local data for node-int64@https://registry.npmjs.org/node-int64/-/node-int64-0.4.0.tgz. Extracting by manifest.
3469 silly tarball no local data for bser@https://registry.npmjs.org/bser/-/bser-2.1.1.tgz. Extracting by manifest.
3470 silly tarball no local data for ob1@https://registry.npmjs.org/ob1/-/ob1-0.84.4.tgz. Extracting by manifest.
3471 silly tarball no local data for terser@https://registry.npmjs.org/terser/-/terser-5.48.0.tgz. Extracting by manifest.
3472 silly tarball no local data for walker@https://registry.npmjs.org/walker/-/walker-1.0.8.tgz. Extracting by manifest.
3473 silly tarball no local data for micromatch@https://registry.npmjs.org/micromatch/-/micromatch-4.0.8.tgz. Extracting by manifest.
3474 silly tarball no local data for jest-get-type@https://registry.npmjs.org/jest-get-type/-/jest-get-type-29.6.3.tgz. Extracting by manifest.
3475 silly tarball no local data for camelcase@https://registry.npmjs.org/camelcase/-/camelcase-6.3.0.tgz. Extracting by manifest.
3476 silly tarball no local data for fb-watchman@https://registry.npmjs.org/fb-watchman/-/fb-watchman-2.0.2.tgz. Extracting by manifest.
3477 silly tarball no local data for leven@https://registry.npmjs.org/leven/-/leven-3.1.0.tgz. Extracting by manifest.
3478 silly tarball no local data for yaml@https://registry.npmjs.org/yaml/-/yaml-2.9.0.tgz. Extracting by manifest.
3479 silly tarball no local data for jest-validate@https://registry.npmjs.org/jest-validate/-/jest-validate-29.7.0.tgz. Extracting by manifest.
3480 silly tarball no local data for https-proxy-agent@https://registry.npmjs.org/https-proxy-agent/-/https-proxy-agent-7.0.6.tgz. Extracting by manifest.
3481 silly tarball no local data for exponential-backoff@https://registry.npmjs.org/exponential-backoff/-/exponential-backoff-3.1.3.tgz. Extracting by manifest.
3482 silly tarball no local data for agent-base@https://registry.npmjs.org/agent-base/-/agent-base-7.1.4.tgz. Extracting by manifest.
3483 silly tarball no local data for @types/yargs-parser@https://registry.npmjs.org/@types/yargs-parser/-/yargs-parser-21.0.3.tgz. Extracting by manifest.
3484 silly tarball no local data for @types/istanbul-lib-report@https://registry.npmjs.org/@types/istanbul-lib-report/-/istanbul-lib-report-3.0.3.tgz. Extracting by manifest.
3485 silly tarball no local data for @sinclair/typebox@https://registry.npmjs.org/@sinclair/typebox/-/typebox-0.27.10.tgz. Extracting by manifest.
3486 silly tarball no local data for undici-types@https://registry.npmjs.org/undici-types/-/undici-types-7.24.6.tgz. Extracting by manifest.
3487 silly tarball no local data for @types/yargs@https://registry.npmjs.org/@types/yargs/-/yargs-17.0.35.tgz. Extracting by manifest.
3488 silly tarball no local data for @jest/schemas@https://registry.npmjs.org/@jest/schemas/-/schemas-29.6.3.tgz. Extracting by manifest.
3489 silly tarball no local data for @types/istanbul-reports@https://registry.npmjs.org/@types/istanbul-reports/-/istanbul-reports-3.0.4.tgz. Extracting by manifest.
3490 silly tarball no local data for @types/istanbul-lib-coverage@https://registry.npmjs.org/@types/istanbul-lib-coverage/-/istanbul-lib-coverage-2.0.6.tgz. Extracting by manifest.
3491 silly tarball no local data for merge-stream@https://registry.npmjs.org/merge-stream/-/merge-stream-2.0.0.tgz. Extracting by manifest.
3492 silly tarball no local data for queue@https://registry.npmjs.org/queue/-/queue-6.0.2.tgz. Extracting by manifest.
3493 silly tarball no local data for jest-util@https://registry.npmjs.org/jest-util/-/jest-util-29.7.0.tgz. Extracting by manifest.
3494 silly tarball no local data for @jest/types@https://registry.npmjs.org/@jest/types/-/types-29.6.3.tgz. Extracting by manifest.
3495 silly tarball no local data for @types/node@https://registry.npmjs.org/@types/node/-/node-25.9.2.tgz. Extracting by manifest.
3496 silly tarball no local data for unpipe@https://registry.npmjs.org/unpipe/-/unpipe-1.0.0.tgz. Extracting by manifest.
3497 silly tarball no local data for statuses@https://registry.npmjs.org/statuses/-/statuses-1.5.0.tgz. Extracting by manifest.
3498 silly tarball no local data for encodeurl@https://registry.npmjs.org/encodeurl/-/encodeurl-1.0.2.tgz. Extracting by manifest.
3499 silly tarball no local data for parseurl@https://registry.npmjs.org/parseurl/-/parseurl-1.3.3.tgz. Extracting by manifest.
3500 silly tarball no local data for on-finished@https://registry.npmjs.org/on-finished/-/on-finished-2.3.0.tgz. Extracting by manifest.
3501 silly tarball no local data for escape-html@https://registry.npmjs.org/escape-html/-/escape-html-1.0.3.tgz. Extracting by manifest.
3502 silly tarball no local data for stackframe@https://registry.npmjs.org/stackframe/-/stackframe-1.3.4.tgz. Extracting by manifest.
3503 silly tarball no local data for utils-merge@https://registry.npmjs.org/utils-merge/-/utils-merge-1.0.1.tgz. Extracting by manifest.
3504 silly tarball no local data for negotiator@https://registry.npmjs.org/negotiator/-/negotiator-1.0.0.tgz. Extracting by manifest.
3505 silly tarball no local data for source-map@https://registry.npmjs.org/source-map/-/source-map-0.5.7.tgz. Extracting by manifest.
3506 silly tarball no local data for finalhandler@https://registry.npmjs.org/finalhandler/-/finalhandler-1.1.2.tgz. Extracting by manifest.
3507 silly tarball no local data for ws@https://registry.npmjs.org/ws/-/ws-7.5.11.tgz. Extracting by manifest.
3508 silly tarball no local data for throat@https://registry.npmjs.org/throat/-/throat-5.0.0.tgz. Extracting by manifest.
3509 silly tarball no local data for mime-types@https://registry.npmjs.org/mime-types/-/mime-types-3.0.2.tgz. Extracting by manifest.
3510 silly tarball no local data for jest-worker@https://registry.npmjs.org/jest-worker/-/jest-worker-29.7.0.tgz. Extracting by manifest.
3511 silly tarball no local data for image-size@https://registry.npmjs.org/image-size/-/image-size-1.2.1.tgz. Extracting by manifest.
3512 silly tarball no local data for lodash.throttle@https://registry.npmjs.org/lodash.throttle/-/lodash.throttle-4.1.1.tgz. Extracting by manifest.
3513 silly tarball no local data for serialize-error@https://registry.npmjs.org/serialize-error/-/serialize-error-2.1.0.tgz. Extracting by manifest.
3514 silly tarball no local data for graceful-fs@https://registry.npmjs.org/graceful-fs/-/graceful-fs-4.2.11.tgz. Extracting by manifest.
3515 silly tarball no local data for flow-enums-runtime@https://registry.npmjs.org/flow-enums-runtime/-/flow-enums-runtime-0.0.6.tgz. Extracting by manifest.
3516 silly tarball no local data for accepts@https://registry.npmjs.org/accepts/-/accepts-2.0.0.tgz. Extracting by manifest.
3517 silly tarball no local data for connect@https://registry.npmjs.org/connect/-/connect-3.7.0.tgz. Extracting by manifest.
3518 silly tarball no local data for ci-info@https://registry.npmjs.org/ci-info/-/ci-info-2.0.0.tgz. Extracting by manifest.
3519 silly tarball no local data for yallist@https://registry.npmjs.org/yallist/-/yallist-3.1.1.tgz. Extracting by manifest.
3520 silly tarball no local data for loose-envify@https://registry.npmjs.org/loose-envify/-/loose-envify-1.4.0.tgz. Extracting by manifest.
3521 silly tarball no local data for error-stack-parser@https://registry.npmjs.org/error-stack-parser/-/error-stack-parser-2.1.4.tgz. Extracting by manifest.
3522 silly tarball no local data for lightningcss-win32-x64-msvc@https://registry.npmjs.org/lightningcss-win32-x64-msvc/-/lightningcss-win32-x64-msvc-1.32.0.tgz. Extracting by manifest.
3523 silly tarball no local data for detect-libc@https://registry.npmjs.org/detect-libc/-/detect-libc-2.1.2.tgz. Extracting by manifest.
3524 silly tarball no local data for hermes-estree@https://registry.npmjs.org/hermes-estree/-/hermes-estree-0.33.3.tgz. Extracting by manifest.
3525 silly tarball no local data for @expo/expo-modules-macros-plugin@https://registry.npmjs.org/@expo/expo-modules-macros-plugin/-/expo-modules-macros-plugin-0.0.9.tgz. Extracting by manifest.
3526 silly tarball no local data for path-scurry@https://registry.npmjs.org/path-scurry/-/path-scurry-2.0.2.tgz. Extracting by manifest.
3527 silly tarball no local data for minipass@https://registry.npmjs.org/minipass/-/minipass-7.1.3.tgz. Extracting by manifest.
3528 silly tarball no local data for expo-modules-jsi@https://registry.npmjs.org/expo-modules-jsi/-/expo-modules-jsi-56.0.8.tgz. Extracting by manifest.
3529 silly tarball no local data for commander@https://registry.npmjs.org/commander/-/commander-7.2.0.tgz. Extracting by manifest.
3530 silly tarball no local data for parse-png@https://registry.npmjs.org/parse-png/-/parse-png-2.1.0.tgz. Extracting by manifest.
3531 silly tarball no local data for @expo/image-utils@https://registry.npmjs.org/@expo/image-utils/-/image-utils-0.10.1.tgz. Extracting by manifest.
3532 silly tarball no local data for ms@https://registry.npmjs.org/ms/-/ms-2.1.3.tgz. Extracting by manifest.
3533 silly tarball no local data for fontfaceobserver@https://registry.npmjs.org/fontfaceobserver/-/fontfaceobserver-2.3.0.tgz. Extracting by manifest.
3534 silly tarball no local data for jimp-compact@https://registry.npmjs.org/jimp-compact/-/jimp-compact-0.16.1.tgz. Extracting by manifest.
3535 silly tarball no local data for which@https://registry.npmjs.org/which/-/which-2.0.2.tgz. Extracting by manifest.
3536 silly tarball no local data for shebang-command@https://registry.npmjs.org/shebang-command/-/shebang-command-2.0.0.tgz. Extracting by manifest.
3537 silly tarball no local data for supports-color@https://registry.npmjs.org/supports-color/-/supports-color-7.2.0.tgz. Extracting by manifest.
3538 silly tarball no local data for path-key@https://registry.npmjs.org/path-key/-/path-key-3.1.1.tgz. Extracting by manifest.
3539 silly tarball no local data for color-convert@https://registry.npmjs.org/color-convert/-/color-convert-2.0.1.tgz. Extracting by manifest.
3540 silly tarball no local data for color-name@https://registry.npmjs.org/color-name/-/color-name-1.1.4.tgz. Extracting by manifest.
3541 silly tarball no local data for ansi-styles@https://registry.npmjs.org/ansi-styles/-/ansi-styles-4.3.0.tgz. Extracting by manifest.
3542 silly tarball no local data for node-releases@https://registry.npmjs.org/node-releases/-/node-releases-2.0.47.tgz. Extracting by manifest.
3543 silly tarball no local data for caniuse-lite@https://registry.npmjs.org/caniuse-lite/-/caniuse-lite-1.0.30001797.tgz. Extracting by manifest.
3544 silly tarball no local data for update-browserslist-db@https://registry.npmjs.org/update-browserslist-db/-/update-browserslist-db-1.2.3.tgz. Extracting by manifest.
3545 silly tarball no local data for baseline-browser-mapping@https://registry.npmjs.org/baseline-browser-mapping/-/baseline-browser-mapping-2.10.35.tgz. Extracting by manifest.
3546 silly tarball no local data for electron-to-chromium@https://registry.npmjs.org/electron-to-chromium/-/electron-to-chromium-1.5.371.tgz. Extracting by manifest.
3547 silly tarball no local data for @babel/helper-define-polyfill-provider@https://registry.npmjs.org/@babel/helper-define-polyfill-provider/-/helper-define-polyfill-provider-0.6.8.tgz. Extracting by manifest.
3548 silly tarball no local data for resolve@https://registry.npmjs.org/resolve/-/resolve-1.22.12.tgz. Extracting by manifest.
3549 silly tarball no local data for lodash.debounce@https://registry.npmjs.org/lodash.debounce/-/lodash.debounce-4.0.8.tgz. Extracting by manifest.
3550 silly tarball no local data for core-js-compat@https://registry.npmjs.org/core-js-compat/-/core-js-compat-3.49.0.tgz. Extracting by manifest.
3551 silly tarball no local data for yargs@https://registry.npmjs.org/yargs/-/yargs-17.7.2.tgz. Extracting by manifest.
3552 silly tarball no local data for tinyglobby@https://registry.npmjs.org/tinyglobby/-/tinyglobby-0.2.17.tgz. Extracting by manifest.
3553 silly tarball no local data for invariant@https://registry.npmjs.org/invariant/-/invariant-2.2.4.tgz. Extracting by manifest.
3554 silly tarball no local data for @babel/plugin-syntax-typescript@https://registry.npmjs.org/@babel/plugin-syntax-typescript/-/plugin-syntax-typescript-7.29.7.tgz. Extracting by manifest.
3555 silly tarball no local data for babel-plugin-polyfill-corejs3@https://registry.npmjs.org/babel-plugin-polyfill-corejs3/-/babel-plugin-polyfill-corejs3-0.13.0.tgz. Extracting by manifest.
3556 silly tarball no local data for nullthrows@https://registry.npmjs.org/nullthrows/-/nullthrows-1.1.1.tgz. Extracting by manifest.
3557 silly tarball no local data for @react-native/codegen@https://registry.npmjs.org/@react-native/codegen/-/codegen-0.85.3.tgz. Extracting by manifest.
3558 silly tarball no local data for babel-plugin-polyfill-regenerator@https://registry.npmjs.org/babel-plugin-polyfill-regenerator/-/babel-plugin-polyfill-regenerator-0.6.8.tgz. Extracting by manifest.
3559 silly tarball no local data for babel-plugin-polyfill-corejs2@https://registry.npmjs.org/babel-plugin-polyfill-corejs2/-/babel-plugin-polyfill-corejs2-0.4.17.tgz. Extracting by manifest.
3560 silly tarball no local data for @babel/helper-create-regexp-features-plugin@https://registry.npmjs.org/@babel/helper-create-regexp-features-plugin/-/helper-create-regexp-features-plugin-7.29.7.tgz. Extracting by manifest.
3561 silly tarball no local data for @babel/helper-wrap-function@https://registry.npmjs.org/@babel/helper-wrap-function/-/helper-wrap-function-7.29.7.tgz. Extracting by manifest.
3562 silly tarball no local data for @babel/plugin-syntax-flow@https://registry.npmjs.org/@babel/plugin-syntax-flow/-/plugin-syntax-flow-7.29.7.tgz. Extracting by manifest.
3563 silly tarball no local data for regexpu-core@https://registry.npmjs.org/regexpu-core/-/regexpu-core-6.4.0.tgz. Extracting by manifest.
3564 silly tarball no local data for @babel/helper-remap-async-to-generator@https://registry.npmjs.org/@babel/helper-remap-async-to-generator/-/helper-remap-async-to-generator-7.29.7.tgz. Extracting by manifest.
3565 silly tarball no local data for @babel/helper-optimise-call-expression@https://registry.npmjs.org/@babel/helper-optimise-call-expression/-/helper-optimise-call-expression-7.29.7.tgz. Extracting by manifest.
3566 silly tarball no local data for @babel/plugin-syntax-jsx@https://registry.npmjs.org/@babel/plugin-syntax-jsx/-/plugin-syntax-jsx-7.29.7.tgz. Extracting by manifest.
3567 silly tarball no local data for @babel/helper-annotate-as-pure@https://registry.npmjs.org/@babel/helper-annotate-as-pure/-/helper-annotate-as-pure-7.29.7.tgz. Extracting by manifest.
3568 silly tarball no local data for @babel/helper-replace-supers@https://registry.npmjs.org/@babel/helper-replace-supers/-/helper-replace-supers-7.29.7.tgz. Extracting by manifest.
3569 silly tarball no local data for @babel/helper-skip-transparent-expression-wrappers@https://registry.npmjs.org/@babel/helper-skip-transparent-expression-wrappers/-/helper-skip-transparent-expression-wrappers-7.29.7.tgz. Extracting by manifest.
3570 silly tarball no local data for babel-plugin-transform-flow-enums@https://registry.npmjs.org/babel-plugin-transform-flow-enums/-/babel-plugin-transform-flow-enums-0.0.2.tgz. Extracting by manifest.
3571 silly tarball no local data for @babel/helper-member-expression-to-functions@https://registry.npmjs.org/@babel/helper-member-expression-to-functions/-/helper-member-expression-to-functions-7.29.7.tgz. Extracting by manifest.
3572 silly tarball no local data for @babel/helper-create-class-features-plugin@https://registry.npmjs.org/@babel/helper-create-class-features-plugin/-/helper-create-class-features-plugin-7.29.7.tgz. Extracting by manifest.
3573 silly tarball no local data for babel-plugin-syntax-hermes-parser@https://registry.npmjs.org/babel-plugin-syntax-hermes-parser/-/babel-plugin-syntax-hermes-parser-0.33.3.tgz. Extracting by manifest.
3574 silly tarball no local data for babel-plugin-react-native-web@https://registry.npmjs.org/babel-plugin-react-native-web/-/babel-plugin-react-native-web-0.21.2.tgz. Extracting by manifest.
3575 silly tarball no local data for @babel/plugin-syntax-decorators@https://registry.npmjs.org/@babel/plugin-syntax-decorators/-/plugin-syntax-decorators-7.29.7.tgz. Extracting by manifest.
3576 silly tarball no local data for @babel/preset-typescript@https://registry.npmjs.org/@babel/preset-typescript/-/preset-typescript-7.29.7.tgz. Extracting by manifest.
3577 silly tarball no local data for babel-plugin-react-compiler@https://registry.npmjs.org/babel-plugin-react-compiler/-/babel-plugin-react-compiler-1.0.0.tgz. Extracting by manifest.
3578 silly tarball no local data for @babel/plugin-transform-unicode-regex@https://registry.npmjs.org/@babel/plugin-transform-unicode-regex/-/plugin-transform-unicode-regex-7.29.7.tgz. Extracting by manifest.
3579 silly tarball no local data for @react-native/babel-plugin-codegen@https://registry.npmjs.org/@react-native/babel-plugin-codegen/-/babel-plugin-codegen-0.85.3.tgz. Extracting by manifest.
3580 silly tarball no local data for @babel/plugin-transform-react-pure-annotations@https://registry.npmjs.org/@babel/plugin-transform-react-pure-annotations/-/plugin-transform-react-pure-annotations-7.29.7.tgz. Extracting by manifest.
3581 silly tarball no local data for @babel/plugin-transform-typescript@https://registry.npmjs.org/@babel/plugin-transform-typescript/-/plugin-transform-typescript-7.29.7.tgz. Extracting by manifest.
3582 silly tarball no local data for @babel/plugin-transform-runtime@https://registry.npmjs.org/@babel/plugin-transform-runtime/-/plugin-transform-runtime-7.29.7.tgz. Extracting by manifest.
3583 silly tarball no local data for @babel/plugin-transform-react-jsx@https://registry.npmjs.org/@babel/plugin-transform-react-jsx/-/plugin-transform-react-jsx-7.29.7.tgz. Extracting by manifest.
3584 silly tarball no local data for @babel/plugin-transform-private-property-in-object@https://registry.npmjs.org/@babel/plugin-transform-private-property-in-object/-/plugin-transform-private-property-in-object-7.29.7.tgz. Extracting by manifest.
3585 silly tarball no local data for @babel/plugin-transform-react-jsx-development@https://registry.npmjs.org/@babel/plugin-transform-react-jsx-development/-/plugin-transform-react-jsx-development-7.29.7.tgz. Extracting by manifest.
3586 silly tarball no local data for @babel/plugin-transform-private-methods@https://registry.npmjs.org/@babel/plugin-transform-private-methods/-/plugin-transform-private-methods-7.29.7.tgz. Extracting by manifest.
3587 silly tarball no local data for @babel/plugin-transform-react-display-name@https://registry.npmjs.org/@babel/plugin-transform-react-display-name/-/plugin-transform-react-display-name-7.29.7.tgz. Extracting by manifest.
3588 silly tarball no local data for @babel/plugin-transform-parameters@https://registry.npmjs.org/@babel/plugin-transform-parameters/-/plugin-transform-parameters-7.29.7.tgz. Extracting by manifest.
3589 silly tarball no local data for @babel/plugin-transform-optional-catch-binding@https://registry.npmjs.org/@babel/plugin-transform-optional-catch-binding/-/plugin-transform-optional-catch-binding-7.29.7.tgz. Extracting by manifest.
3590 silly tarball no local data for @babel/plugin-transform-nullish-coalescing-operator@https://registry.npmjs.org/@babel/plugin-transform-nullish-coalescing-operator/-/plugin-transform-nullish-coalescing-operator-7.29.7.tgz. Extracting by manifest.
3591 silly tarball no local data for @babel/plugin-transform-named-capturing-groups-regex@https://registry.npmjs.org/@babel/plugin-transform-named-capturing-groups-regex/-/plugin-transform-named-capturing-groups-regex-7.29.7.tgz. Extracting by manifest.
3592 silly tarball no local data for @babel/plugin-transform-object-rest-spread@https://registry.npmjs.org/@babel/plugin-transform-object-rest-spread/-/plugin-transform-object-rest-spread-7.29.7.tgz. Extracting by manifest.
3593 silly tarball no local data for @babel/plugin-transform-logical-assignment-operators@https://registry.npmjs.org/@babel/plugin-transform-logical-assignment-operators/-/plugin-transform-logical-assignment-operators-7.29.7.tgz. Extracting by manifest.
3594 silly tarball no local data for @babel/plugin-transform-optional-chaining@https://registry.npmjs.org/@babel/plugin-transform-optional-chaining/-/plugin-transform-optional-chaining-7.29.7.tgz. Extracting by manifest.
3595 silly tarball no local data for @babel/plugin-transform-for-of@https://registry.npmjs.org/@babel/plugin-transform-for-of/-/plugin-transform-for-of-7.29.7.tgz. Extracting by manifest.
3596 silly tarball no local data for @babel/plugin-transform-flow-strip-types@https://registry.npmjs.org/@babel/plugin-transform-flow-strip-types/-/plugin-transform-flow-strip-types-7.29.7.tgz. Extracting by manifest.
3597 silly tarball no local data for @babel/plugin-transform-destructuring@https://registry.npmjs.org/@babel/plugin-transform-destructuring/-/plugin-transform-destructuring-7.29.7.tgz. Extracting by manifest.
3598 silly tarball no local data for @babel/plugin-transform-classes@https://registry.npmjs.org/@babel/plugin-transform-classes/-/plugin-transform-classes-7.29.7.tgz. Extracting by manifest.
3599 silly tarball no local data for @babel/plugin-transform-class-static-block@https://registry.npmjs.org/@babel/plugin-transform-class-static-block/-/plugin-transform-class-static-block-7.29.7.tgz. Extracting by manifest.
3600 silly tarball no local data for @babel/plugin-transform-export-namespace-from@https://registry.npmjs.org/@babel/plugin-transform-export-namespace-from/-/plugin-transform-export-namespace-from-7.29.7.tgz. Extracting by manifest.
3601 silly tarball no local data for @babel/plugin-transform-block-scoping@https://registry.npmjs.org/@babel/plugin-transform-block-scoping/-/plugin-transform-block-scoping-7.29.7.tgz. Extracting by manifest.
3602 silly tarball no local data for @babel/plugin-transform-async-to-generator@https://registry.npmjs.org/@babel/plugin-transform-async-to-generator/-/plugin-transform-async-to-generator-7.29.7.tgz. Extracting by manifest.
3603 silly tarball no local data for @babel/plugin-transform-class-properties@https://registry.npmjs.org/@babel/plugin-transform-class-properties/-/plugin-transform-class-properties-7.29.7.tgz. Extracting by manifest.
3604 silly tarball no local data for @babel/plugin-syntax-optional-chaining@https://registry.npmjs.org/@babel/plugin-syntax-optional-chaining/-/plugin-syntax-optional-chaining-7.8.3.tgz. Extracting by manifest.
3605 silly tarball no local data for @babel/plugin-syntax-export-default-from@https://registry.npmjs.org/@babel/plugin-syntax-export-default-from/-/plugin-syntax-export-default-from-7.29.7.tgz. Extracting by manifest.
3606 silly tarball no local data for @babel/plugin-transform-async-generator-functions@https://registry.npmjs.org/@babel/plugin-transform-async-generator-functions/-/plugin-transform-async-generator-functions-7.29.7.tgz. Extracting by manifest.
3607 silly tarball no local data for @babel/plugin-syntax-nullish-coalescing-operator@https://registry.npmjs.org/@babel/plugin-syntax-nullish-coalescing-operator/-/plugin-syntax-nullish-coalescing-operator-7.8.3.tgz. Extracting by manifest.
3608 silly tarball no local data for @babel/plugin-proposal-export-default-from@https://registry.npmjs.org/@babel/plugin-proposal-export-default-from/-/plugin-proposal-export-default-from-7.29.7.tgz. Extracting by manifest.
3609 silly tarball no local data for @jridgewell/resolve-uri@https://registry.npmjs.org/@jridgewell/resolve-uri/-/resolve-uri-3.1.2.tgz. Extracting by manifest.
3610 silly tarball no local data for @babel/plugin-proposal-decorators@https://registry.npmjs.org/@babel/plugin-proposal-decorators/-/plugin-proposal-decorators-7.29.7.tgz. Extracting by manifest.
3611 silly tarball no local data for cross-spawn@https://registry.npmjs.org/cross-spawn/-/cross-spawn-7.0.6.tgz. Extracting by manifest.
3612 silly tarball no local data for @babel/plugin-syntax-dynamic-import@https://registry.npmjs.org/@babel/plugin-syntax-dynamic-import/-/plugin-syntax-dynamic-import-7.8.3.tgz. Extracting by manifest.
3613 silly tarball no local data for xmlbuilder@https://registry.npmjs.org/xmlbuilder/-/xmlbuilder-15.1.1.tgz. Extracting by manifest.
3614 silly tarball no local data for @babel/plugin-transform-modules-commonjs@https://registry.npmjs.org/@babel/plugin-transform-modules-commonjs/-/plugin-transform-modules-commonjs-7.29.7.tgz. Extracting by manifest.
3615 silly tarball no local data for @babel/helper-plugin-utils@https://registry.npmjs.org/@babel/helper-plugin-utils/-/helper-plugin-utils-7.29.7.tgz. Extracting by manifest.
3616 silly tarball no local data for @xmldom/xmldom@https://registry.npmjs.org/@xmldom/xmldom/-/xmldom-0.8.13.tgz. Extracting by manifest.
3617 silly tarball no local data for base64-js@https://registry.npmjs.org/base64-js/-/base64-js-1.5.1.tgz. Extracting by manifest.
3618 silly tarball no local data for @babel/helper-globals@https://registry.npmjs.org/@babel/helper-globals/-/helper-globals-7.29.7.tgz. Extracting by manifest.
3619 silly tarball no local data for lru-cache@https://registry.npmjs.org/lru-cache/-/lru-cache-5.1.1.tgz. Extracting by manifest.
3620 silly tarball no local data for @babel/helper-module-imports@https://registry.npmjs.org/@babel/helper-module-imports/-/helper-module-imports-7.29.7.tgz. Extracting by manifest.
3621 silly tarball no local data for @babel/helper-string-parser@https://registry.npmjs.org/@babel/helper-string-parser/-/helper-string-parser-7.29.7.tgz. Extracting by manifest.
3622 silly tarball no local data for @jridgewell/trace-mapping@https://registry.npmjs.org/@jridgewell/trace-mapping/-/trace-mapping-0.3.31.tgz. Extracting by manifest.
3623 silly tarball no local data for @babel/helper-validator-option@https://registry.npmjs.org/@babel/helper-validator-option/-/helper-validator-option-7.29.7.tgz. Extracting by manifest.
3624 silly tarball no local data for @babel/compat-data@https://registry.npmjs.org/@babel/compat-data/-/compat-data-7.29.7.tgz. Extracting by manifest.
3625 silly tarball no local data for jsesc@https://registry.npmjs.org/jsesc/-/jsesc-3.1.0.tgz. Extracting by manifest.
3626 silly tarball no local data for @babel/traverse@https://registry.npmjs.org/@babel/traverse/-/traverse-7.29.7.tgz. Extracting by manifest.
3627 silly tarball no local data for convert-source-map@https://registry.npmjs.org/convert-source-map/-/convert-source-map-2.0.0.tgz. Extracting by manifest.
3628 silly tarball no local data for @babel/parser@https://registry.npmjs.org/@babel/parser/-/parser-7.29.7.tgz. Extracting by manifest.
3629 silly tarball no local data for gensync@https://registry.npmjs.org/gensync/-/gensync-1.0.0-beta.2.tgz. Extracting by manifest.
3630 silly tarball no local data for @babel/template@https://registry.npmjs.org/@babel/template/-/template-7.29.7.tgz. Extracting by manifest.
3631 silly tarball no local data for @babel/helpers@https://registry.npmjs.org/@babel/helpers/-/helpers-7.29.7.tgz. Extracting by manifest.
3632 silly tarball no local data for @babel/types@https://registry.npmjs.org/@babel/types/-/types-7.29.7.tgz. Extracting by manifest.
3633 silly tarball no local data for @babel/helper-module-transforms@https://registry.npmjs.org/@babel/helper-module-transforms/-/helper-module-transforms-7.29.7.tgz. Extracting by manifest.
3634 silly tarball no local data for picomatch@https://registry.npmjs.org/picomatch/-/picomatch-4.0.4.tgz. Extracting by manifest.
3635 silly tarball no local data for postcss@https://registry.npmjs.org/postcss/-/postcss-8.5.15.tgz. Extracting by manifest.
3636 silly tarball no local data for msgpackr@https://registry.npmjs.org/msgpackr/-/msgpackr-2.0.4.tgz. Extracting by manifest.
3637 silly tarball no local data for lightningcss@https://registry.npmjs.org/lightningcss/-/lightningcss-1.32.0.tgz. Extracting by manifest.
3638 silly tarball no local data for @babel/helper-compilation-targets@https://registry.npmjs.org/@babel/helper-compilation-targets/-/helper-compilation-targets-7.29.7.tgz. Extracting by manifest.
3639 silly tarball no local data for jsc-safe-url@https://registry.npmjs.org/jsc-safe-url/-/jsc-safe-url-0.2.4.tgz. Extracting by manifest.
3640 silly tarball no local data for hermes-parser@https://registry.npmjs.org/hermes-parser/-/hermes-parser-0.33.3.tgz. Extracting by manifest.
3641 silly tarball no local data for @jridgewell/sourcemap-codec@https://registry.npmjs.org/@jridgewell/sourcemap-codec/-/sourcemap-codec-1.5.5.tgz. Extracting by manifest.
3642 silly tarball no local data for @jridgewell/remapping@https://registry.npmjs.org/@jridgewell/remapping/-/remapping-2.3.5.tgz. Extracting by manifest.
3643 silly tarball no local data for @jridgewell/gen-mapping@https://registry.npmjs.org/@jridgewell/gen-mapping/-/gen-mapping-0.3.13.tgz. Extracting by manifest.
3644 silly tarball no local data for browserslist@https://registry.npmjs.org/browserslist/-/browserslist-4.28.2.tgz. Extracting by manifest.
3645 silly tarball no local data for metro-transform-worker@https://registry.npmjs.org/metro-transform-worker/-/metro-transform-worker-0.84.4.tgz. Extracting by manifest.
3646 silly tarball no local data for @babel/generator@https://registry.npmjs.org/@babel/generator/-/generator-7.29.7.tgz. Extracting by manifest.
3647 silly tarball no local data for metro-transform-plugins@https://registry.npmjs.org/metro-transform-plugins/-/metro-transform-plugins-0.84.4.tgz. Extracting by manifest.
3648 silly tarball no local data for metro-symbolicate@https://registry.npmjs.org/metro-symbolicate/-/metro-symbolicate-0.84.4.tgz. Extracting by manifest.
3649 silly tarball no local data for @babel/core@https://registry.npmjs.org/@babel/core/-/core-7.29.7.tgz. Extracting by manifest.
3650 silly tarball no local data for metro-source-map@https://registry.npmjs.org/metro-source-map/-/metro-source-map-0.84.4.tgz. Extracting by manifest.
3651 silly tarball no local data for metro-resolver@https://registry.npmjs.org/metro-resolver/-/metro-resolver-0.84.4.tgz. Extracting by manifest.
3652 silly tarball no local data for metro-runtime@https://registry.npmjs.org/metro-runtime/-/metro-runtime-0.84.4.tgz. Extracting by manifest.
3653 silly tarball no local data for metro-core@https://registry.npmjs.org/metro-core/-/metro-core-0.84.4.tgz. Extracting by manifest.
3654 silly tarball no local data for metro-file-map@https://registry.npmjs.org/metro-file-map/-/metro-file-map-0.84.4.tgz. Extracting by manifest.
3655 silly tarball no local data for metro-minify-terser@https://registry.npmjs.org/metro-minify-terser/-/metro-minify-terser-0.84.4.tgz. Extracting by manifest.
3656 silly tarball no local data for metro-cache-key@https://registry.npmjs.org/metro-cache-key/-/metro-cache-key-0.84.4.tgz. Extracting by manifest.
3657 silly tarball no local data for metro-config@https://registry.npmjs.org/metro-config/-/metro-config-0.84.4.tgz. Extracting by manifest.
3658 silly tarball no local data for metro@https://registry.npmjs.org/metro/-/metro-0.84.4.tgz. Extracting by manifest.
3659 silly tarball no local data for metro-cache@https://registry.npmjs.org/metro-cache/-/metro-cache-0.84.4.tgz. Extracting by manifest.
3660 silly tarball no local data for metro-babel-transformer@https://registry.npmjs.org/metro-babel-transformer/-/metro-babel-transformer-0.84.4.tgz. Extracting by manifest.
3661 silly tarball no local data for stacktrace-parser@https://registry.npmjs.org/stacktrace-parser/-/stacktrace-parser-0.1.11.tgz. Extracting by manifest.
3662 silly tarball no local data for @babel/helper-validator-identifier@https://registry.npmjs.org/@babel/helper-validator-identifier/-/helper-validator-identifier-7.29.7.tgz. Extracting by manifest.
3663 silly tarball no local data for @babel/code-frame@https://registry.npmjs.org/@babel/code-frame/-/code-frame-7.29.7.tgz. Extracting by manifest.
3664 silly tarball no local data for minimatch@https://registry.npmjs.org/minimatch/-/minimatch-10.2.5.tgz. Extracting by manifest.
3665 silly tarball no local data for anser@https://registry.npmjs.org/anser/-/anser-1.4.10.tgz. Extracting by manifest.
3666 silly tarball no local data for picocolors@https://registry.npmjs.org/picocolors/-/picocolors-1.1.1.tgz. Extracting by manifest.
3667 silly tarball no local data for js-tokens@https://registry.npmjs.org/js-tokens/-/js-tokens-4.0.0.tgz. Extracting by manifest.
3668 silly tarball no local data for arg@https://registry.npmjs.org/arg/-/arg-5.0.2.tgz. Extracting by manifest.
3669 silly tarball no local data for xml2js@https://registry.npmjs.org/xml2js/-/xml2js-0.6.0.tgz. Extracting by manifest.
3670 silly tarball no local data for json5@https://registry.npmjs.org/json5/-/json5-2.2.3.tgz. Extracting by manifest.
3671 silly tarball no local data for @expo/spawn-async@https://registry.npmjs.org/@expo/spawn-async/-/spawn-async-1.8.0.tgz. Extracting by manifest.
3672 silly tarball no local data for resolve-from@https://registry.npmjs.org/resolve-from/-/resolve-from-5.0.0.tgz. Extracting by manifest.
3673 silly tarball no local data for @expo/env@https://registry.npmjs.org/@expo/env/-/env-2.3.0.tgz. Extracting by manifest.
3674 silly tarball no local data for xcode@https://registry.npmjs.org/xcode/-/xcode-3.0.1.tgz. Extracting by manifest.
3675 silly tarball no local data for ignore@https://registry.npmjs.org/ignore/-/ignore-5.3.2.tgz. Extracting by manifest.
3676 silly tarball no local data for debug@https://registry.npmjs.org/debug/-/debug-4.4.3.tgz. Extracting by manifest.
3677 silly tarball no local data for chalk@https://registry.npmjs.org/chalk/-/chalk-4.1.2.tgz. Extracting by manifest.
3678 silly tarball no local data for @expo/sdk-runtime-versions@https://registry.npmjs.org/@expo/sdk-runtime-versions/-/sdk-runtime-versions-1.0.0.tgz. Extracting by manifest.
3679 silly tarball no local data for resolve-workspace-root@https://registry.npmjs.org/resolve-workspace-root/-/resolve-workspace-root-2.0.1.tgz. Extracting by manifest.
3680 silly tarball no local data for semver@https://registry.npmjs.org/semver/-/semver-7.8.4.tgz. Extracting by manifest.
3681 silly tarball no local data for @expo/plist@https://registry.npmjs.org/@expo/plist/-/plist-0.7.0.tgz. Extracting by manifest.
3682 silly tarball no local data for @expo/require-utils@https://registry.npmjs.org/@expo/require-utils/-/require-utils-56.1.3.tgz. Extracting by manifest.
3683 silly tarball no local data for slugify@https://registry.npmjs.org/slugify/-/slugify-1.6.9.tgz. Extracting by manifest.
3684 silly tarball no local data for deepmerge@https://registry.npmjs.org/deepmerge/-/deepmerge-4.3.1.tgz. Extracting by manifest.
3685 silly tarball no local data for @expo/json-file@https://registry.npmjs.org/@expo/json-file/-/json-file-10.2.0.tgz. Extracting by manifest.
3686 silly tarball no local data for glob@https://registry.npmjs.org/glob/-/glob-13.0.6.tgz. Extracting by manifest.
3687 silly tarball no local data for getenv@https://registry.npmjs.org/getenv/-/getenv-2.0.0.tgz. Extracting by manifest.
3688 silly tarball no local data for @expo/config-types@https://registry.npmjs.org/@expo/config-types/-/config-types-56.0.5.tgz. Extracting by manifest.
3689 silly tarball no local data for pretty-format@https://registry.npmjs.org/pretty-format/-/pretty-format-29.7.0.tgz. Extracting by manifest.
3690 silly tarball no local data for whatwg-url-minimum@https://registry.npmjs.org/whatwg-url-minimum/-/whatwg-url-minimum-0.1.2.tgz. Extracting by manifest.
3691 silly tarball no local data for expo-keep-awake@https://registry.npmjs.org/expo-keep-awake/-/expo-keep-awake-56.0.3.tgz. Extracting by manifest.
3692 silly tarball no local data for expo-modules-autolinking@https://registry.npmjs.org/expo-modules-autolinking/-/expo-modules-autolinking-56.0.15.tgz. Extracting by manifest.
3693 silly tarball no local data for expo-file-system@https://registry.npmjs.org/expo-file-system/-/expo-file-system-56.0.7.tgz. Extracting by manifest.
3694 silly tarball no local data for expo-font@https://registry.npmjs.org/expo-font/-/expo-font-56.0.5.tgz. Extracting by manifest.
3695 silly tarball no local data for expo-asset@https://registry.npmjs.org/expo-asset/-/expo-asset-56.0.16.tgz. Extracting by manifest.
3696 silly tarball no local data for expo-constants@https://registry.npmjs.org/expo-constants/-/expo-constants-56.0.17.tgz. Extracting by manifest.
3697 silly tarball no local data for react-refresh@https://registry.npmjs.org/react-refresh/-/react-refresh-0.14.2.tgz. Extracting by manifest.
3698 silly tarball no local data for @ungap/structured-clone@https://registry.npmjs.org/@ungap/structured-clone/-/structured-clone-1.3.1.tgz. Extracting by manifest.
3699 silly tarball no local data for @expo/metro-config@https://registry.npmjs.org/@expo/metro-config/-/metro-config-56.0.13.tgz. Extracting by manifest.
3700 silly tarball no local data for expo-modules-core@https://registry.npmjs.org/expo-modules-core/-/expo-modules-core-56.0.15.tgz. Extracting by manifest.
3701 silly tarball no local data for babel-preset-expo@https://registry.npmjs.org/babel-preset-expo/-/babel-preset-expo-56.0.14.tgz. Extracting by manifest.
3702 silly tarball no local data for @expo/log-box@https://registry.npmjs.org/@expo/log-box/-/log-box-56.0.12.tgz. Extracting by manifest.
3703 silly tarball no local data for @expo/metro@https://registry.npmjs.org/@expo/metro/-/metro-56.0.0.tgz. Extracting by manifest.
3704 silly tarball no local data for @expo/dom-webview@https://registry.npmjs.org/@expo/dom-webview/-/dom-webview-56.0.5.tgz. Extracting by manifest.
3705 silly tarball no local data for @expo/fingerprint@https://registry.npmjs.org/@expo/fingerprint/-/fingerprint-0.19.4.tgz. Extracting by manifest.
3706 silly tarball no local data for @expo/local-build-cache-provider@https://registry.npmjs.org/@expo/local-build-cache-provider/-/local-build-cache-provider-56.0.8.tgz. Extracting by manifest.
3707 silly tarball no local data for @expo/config-plugins@https://registry.npmjs.org/@expo/config-plugins/-/config-plugins-56.0.8.tgz. Extracting by manifest.
3708 silly tarball no local data for @expo/devtools@https://registry.npmjs.org/@expo/devtools/-/devtools-56.0.2.tgz. Extracting by manifest.
3709 silly tarball no local data for typescript@https://registry.npmjs.org/typescript/-/typescript-6.0.3.tgz. Extracting by manifest.
3710 silly tarball no local data for @babel/runtime@https://registry.npmjs.org/@babel/runtime/-/runtime-7.29.7.tgz. Extracting by manifest.
3711 silly tarball no local data for react-dom@https://registry.npmjs.org/react-dom/-/react-dom-19.2.3.tgz. Extracting by manifest.
3712 silly tarball no local data for @expo/config@https://registry.npmjs.org/@expo/config/-/config-56.0.9.tgz. Extracting by manifest.
3713 silly tarball no local data for csstype@https://registry.npmjs.org/csstype/-/csstype-3.2.3.tgz. Extracting by manifest.
3714 silly tarball no local data for @types/react@https://registry.npmjs.org/@types/react/-/react-19.2.17.tgz. Extracting by manifest.
3715 silly tarball no local data for react-native-web@https://registry.npmjs.org/react-native-web/-/react-native-web-0.21.2.tgz. Extracting by manifest.
3716 silly tarball no local data for expo-status-bar@https://registry.npmjs.org/expo-status-bar/-/expo-status-bar-56.0.4.tgz. Extracting by manifest.
3717 silly tarball no local data for react-native@https://registry.npmjs.org/react-native/-/react-native-0.85.3.tgz. Extracting by manifest.
3718 silly tarball no local data for react@https://registry.npmjs.org/react/-/react-19.2.3.tgz. Extracting by manifest.
3719 silly tarball no local data for type-fest@https://registry.npmjs.org/type-fest/-/type-fest-0.21.3.tgz. Extracting by manifest.
3720 silly tarball no local data for expo@https://registry.npmjs.org/expo/-/expo-56.0.9.tgz. Extracting by manifest.
3721 silly tarball no local data for has-flag@https://registry.npmjs.org/has-flag/-/has-flag-3.0.0.tgz. Extracting by manifest.
3722 silly tarball no local data for supports-color@https://registry.npmjs.org/supports-color/-/supports-color-5.5.0.tgz. Extracting by manifest.
3723 silly tarball no local data for color-convert@https://registry.npmjs.org/color-convert/-/color-convert-1.9.3.tgz. Extracting by manifest.
3724 silly tarball no local data for color-name@https://registry.npmjs.org/color-name/-/color-name-1.1.3.tgz. Extracting by manifest.
3725 silly tarball no local data for escape-string-regexp@https://registry.npmjs.org/escape-string-regexp/-/escape-string-regexp-1.0.5.tgz. Extracting by manifest.
3726 silly tarball no local data for has-flag@https://registry.npmjs.org/has-flag/-/has-flag-3.0.0.tgz. Extracting by manifest.
3727 silly tarball no local data for lru-cache@https://registry.npmjs.org/lru-cache/-/lru-cache-10.4.3.tgz. Extracting by manifest.
3728 silly tarball no local data for ansi-styles@https://registry.npmjs.org/ansi-styles/-/ansi-styles-3.2.1.tgz. Extracting by manifest.
3729 silly tarball no local data for ansi-regex@https://registry.npmjs.org/ansi-regex/-/ansi-regex-4.1.1.tgz. Extracting by manifest.
3730 silly tarball no local data for chalk@https://registry.npmjs.org/chalk/-/chalk-2.4.2.tgz. Extracting by manifest.
3731 silly tarball no local data for color-convert@https://registry.npmjs.org/color-convert/-/color-convert-1.9.3.tgz. Extracting by manifest.
3732 silly tarball no local data for supports-color@https://registry.npmjs.org/supports-color/-/supports-color-5.5.0.tgz. Extracting by manifest.
3733 silly tarball no local data for color-name@https://registry.npmjs.org/color-name/-/color-name-1.1.3.tgz. Extracting by manifest.
3734 silly tarball no local data for ansi-styles@https://registry.npmjs.org/ansi-styles/-/ansi-styles-3.2.1.tgz. Extracting by manifest.
3735 silly tarball no local data for escape-string-regexp@https://registry.npmjs.org/escape-string-regexp/-/escape-string-regexp-1.0.5.tgz. Extracting by manifest.
3736 silly tarball no local data for ms@https://registry.npmjs.org/ms/-/ms-2.0.0.tgz. Extracting by manifest.
3737 silly tarball no local data for chalk@https://registry.npmjs.org/chalk/-/chalk-2.4.2.tgz. Extracting by manifest.
3738 silly tarball no local data for strip-ansi@https://registry.npmjs.org/strip-ansi/-/strip-ansi-5.2.0.tgz. Extracting by manifest.
3739 silly tarball no local data for negotiator@https://registry.npmjs.org/negotiator/-/negotiator-0.6.4.tgz. Extracting by manifest.
3740 silly tarball no local data for debug@https://registry.npmjs.org/debug/-/debug-2.6.9.tgz. Extracting by manifest.
3741 silly tarball no local data for @xmldom/xmldom@https://registry.npmjs.org/@xmldom/xmldom/-/xmldom-0.9.10.tgz. Extracting by manifest.
3742 silly tarball no local data for debug@https://registry.npmjs.org/debug/-/debug-3.2.7.tgz. Extracting by manifest.
3743 silly tarball no local data for ms@https://registry.npmjs.org/ms/-/ms-2.0.0.tgz. Extracting by manifest.
3744 silly tarball no local data for statuses@https://registry.npmjs.org/statuses/-/statuses-2.0.2.tgz. Extracting by manifest.
3745 silly tarball no local data for source-map@https://registry.npmjs.org/source-map/-/source-map-0.6.1.tgz. Extracting by manifest.
3746 silly tarball no local data for statuses@https://registry.npmjs.org/statuses/-/statuses-2.0.2.tgz. Extracting by manifest.
3747 silly tarball no local data for debug@https://registry.npmjs.org/debug/-/debug-2.6.9.tgz. Extracting by manifest.
3748 silly tarball no local data for promise@https://registry.npmjs.org/promise/-/promise-7.3.1.tgz. Extracting by manifest.
3749 silly tarball no local data for on-finished@https://registry.npmjs.org/on-finished/-/on-finished-2.4.1.tgz. Extracting by manifest.
3750 silly tarball no local data for encodeurl@https://registry.npmjs.org/encodeurl/-/encodeurl-2.0.0.tgz. Extracting by manifest.
3751 silly tarball no local data for debug@https://registry.npmjs.org/debug/-/debug-2.6.9.tgz. Extracting by manifest.
3752 silly tarball no local data for encodeurl@https://registry.npmjs.org/encodeurl/-/encodeurl-2.0.0.tgz. Extracting by manifest.
3753 silly tarball no local data for ms@https://registry.npmjs.org/ms/-/ms-2.0.0.tgz. Extracting by manifest.
3754 silly tarball no local data for commander@https://registry.npmjs.org/commander/-/commander-2.20.3.tgz. Extracting by manifest.
3755 silly tarball no local data for picomatch@https://registry.npmjs.org/picomatch/-/picomatch-2.3.2.tgz. Extracting by manifest.
3756 silly tarball no local data for picomatch@https://registry.npmjs.org/picomatch/-/picomatch-2.3.2.tgz. Extracting by manifest.
3757 silly tarball no local data for debug@https://registry.npmjs.org/debug/-/debug-2.6.9.tgz. Extracting by manifest.
3758 silly tarball no local data for ms@https://registry.npmjs.org/ms/-/ms-2.0.0.tgz. Extracting by manifest.
3759 silly tarball no local data for ci-info@https://registry.npmjs.org/ci-info/-/ci-info-3.9.0.tgz. Extracting by manifest.
3760 silly tarball no local data for debug@https://registry.npmjs.org/debug/-/debug-2.6.9.tgz. Extracting by manifest.
3761 silly tarball no local data for ms@https://registry.npmjs.org/ms/-/ms-2.0.0.tgz. Extracting by manifest.
3762 silly tarball no local data for semver@https://registry.npmjs.org/semver/-/semver-6.3.1.tgz. Extracting by manifest.
3763 silly tarball no local data for supports-color@https://registry.npmjs.org/supports-color/-/supports-color-8.1.1.tgz. Extracting by manifest.
3764 silly tarball no local data for lru-cache@https://registry.npmjs.org/lru-cache/-/lru-cache-11.5.1.tgz. Extracting by manifest.
3765 silly tarball no local data for semver@https://registry.npmjs.org/semver/-/semver-6.3.1.tgz. Extracting by manifest.
3766 silly tarball no local data for semver@https://registry.npmjs.org/semver/-/semver-6.3.1.tgz. Extracting by manifest.
3767 silly tarball no local data for semver@https://registry.npmjs.org/semver/-/semver-6.3.1.tgz. Extracting by manifest.
3768 silly tarball no local data for semver@https://registry.npmjs.org/semver/-/semver-6.3.1.tgz. Extracting by manifest.
3769 silly tarball no local data for semver@https://registry.npmjs.org/semver/-/semver-6.3.1.tgz. Extracting by manifest.
3770 silly tarball no local data for ansi-styles@https://registry.npmjs.org/ansi-styles/-/ansi-styles-5.2.0.tgz. Extracting by manifest.
3771 silly tarball no local data for hermes-estree@https://registry.npmjs.org/hermes-estree/-/hermes-estree-0.35.0.tgz. Extracting by manifest.
3772 silly tarball no local data for hermes-parser@https://registry.npmjs.org/hermes-parser/-/hermes-parser-0.35.0.tgz. Extracting by manifest.
3773 silly tarball no local data for hermes-estree@https://registry.npmjs.org/hermes-estree/-/hermes-estree-0.35.0.tgz. Extracting by manifest.
3774 silly tarball no local data for hermes-parser@https://registry.npmjs.org/hermes-parser/-/hermes-parser-0.35.0.tgz. Extracting by manifest.
3775 silly tarball no local data for xmlbuilder@https://registry.npmjs.org/xmlbuilder/-/xmlbuilder-11.0.1.tgz. Extracting by manifest.
3776 silly tarball no local data for commander@https://registry.npmjs.org/commander/-/commander-12.1.0.tgz. Extracting by manifest.
3777 silly tarball no local data for mime-db@https://registry.npmjs.org/mime-db/-/mime-db-1.52.0.tgz. Extracting by manifest.
3778 silly tarball no local data for mime-types@https://registry.npmjs.org/mime-types/-/mime-types-2.1.35.tgz. Extracting by manifest.
3779 silly tarball no local data for memoize-one@https://registry.npmjs.org/memoize-one/-/memoize-one-6.0.0.tgz. Extracting by manifest.
3780 silly tarball no local data for @react-native/normalize-colors@https://registry.npmjs.org/@react-native/normalize-colors/-/normalize-colors-0.74.89.tgz. Extracting by manifest.
3781 silly tarball no local data for @expo/cli@https://registry.npmjs.org/@expo/cli/-/cli-56.1.14.tgz. Extracting by manifest.
3782 silly tarball no local data for ws@https://registry.npmjs.org/ws/-/ws-8.21.0.tgz. Extracting by manifest.
3783 silly tarball no local data for @expo/router-server@https://registry.npmjs.org/@expo/router-server/-/router-server-56.0.13.tgz. Extracting by manifest.
3784 silly tarball no local data for negotiator@https://registry.npmjs.org/negotiator/-/negotiator-0.6.3.tgz. Extracting by manifest.
3785 silly tarball no local data for ci-info@https://registry.npmjs.org/ci-info/-/ci-info-3.9.0.tgz. Extracting by manifest.
3786 silly tarball no local data for accepts@https://registry.npmjs.org/accepts/-/accepts-1.3.8.tgz. Extracting by manifest.
3787 http fetch POST 200 https://registry.npmjs.org/-/npm/v1/security/advisories/bulk 815ms
3788 silly audit report {
3788 silly audit report   uuid: [
3788 silly audit report     {
3788 silly audit report       id: 1119441,
3788 silly audit report       url: 'https://github.com/advisories/GHSA-w5hq-g745-h8pq',
3788 silly audit report       title: 'uuid: Missing buffer bounds check in v3/v5/v6 when buf is provided',
3788 silly audit report       severity: 'moderate',
3788 silly audit report       vulnerable_versions: '<11.1.1',
3788 silly audit report       cwe: [Array],
3788 silly audit report       cvss: [Object]
3788 silly audit report     }
3788 silly audit report   ]
3788 silly audit report }
3789 silly packumentCache corgi:https://registry.npmjs.org/uuid cache-miss
3790 http fetch GET 200 https://registry.npmjs.org/clone/-/clone-1.0.4.tgz 575ms (cache miss)
3791 http fetch GET 200 https://registry.npmjs.org/defaults/-/defaults-1.0.4.tgz 574ms (cache miss)
3792 http fetch GET 200 https://registry.npmjs.org/supports-hyperlinks/-/supports-hyperlinks-2.3.0.tgz 573ms (cache miss)
3793 http fetch GET 200 https://registry.npmjs.org/wcwidth/-/wcwidth-1.0.1.tgz 571ms (cache miss)
3794 http fetch GET 200 https://registry.npmjs.org/restore-cursor/-/restore-cursor-2.0.0.tgz 571ms (cache miss)
3795 http fetch GET 200 https://registry.npmjs.org/onetime/-/onetime-2.0.1.tgz 573ms (cache miss)
3796 http fetch GET 200 https://registry.npmjs.org/cli-cursor/-/cli-cursor-2.1.0.tgz 568ms (cache miss)
3797 http fetch GET 200 https://registry.npmjs.org/signal-exit/-/signal-exit-3.0.7.tgz 578ms (cache miss)
3798 http fetch GET 200 https://registry.npmjs.org/sisteransi/-/sisteransi-1.0.5.tgz 578ms (cache miss)
3799 http fetch GET 200 https://registry.npmjs.org/ansi-escapes/-/ansi-escapes-4.3.2.tgz 581ms (cache miss)
3800 http fetch GET 200 https://registry.npmjs.org/mimic-fn/-/mimic-fn-1.2.0.tgz 579ms (cache miss)
3801 http fetch GET 200 https://registry.npmjs.org/argparse/-/argparse-2.0.1.tgz 620ms (cache miss)
3802 http fetch GET 200 https://registry.npmjs.org/on-headers/-/on-headers-1.1.0.tgz 618ms (cache miss)
3803 http fetch GET 200 https://registry.npmjs.org/compressible/-/compressible-2.0.18.tgz 621ms (cache miss)
3804 http fetch GET 200 https://registry.npmjs.org/bytes/-/bytes-3.1.2.tgz 620ms (cache miss)
3805 http fetch GET 200 https://registry.npmjs.org/safe-buffer/-/safe-buffer-5.2.1.tgz 625ms (cache miss)
3806 http fetch GET 200 https://registry.npmjs.org/proc-log/-/proc-log-4.2.0.tgz 627ms (cache miss)
3807 http fetch GET 200 https://registry.npmjs.org/vary/-/vary-1.1.2.tgz 627ms (cache miss)
3808 http fetch GET 200 https://registry.npmjs.org/hosted-git-info/-/hosted-git-info-7.0.2.tgz 642ms (cache miss)
3809 http fetch GET 200 https://registry.npmjs.org/terminal-link/-/terminal-link-2.1.1.tgz 637ms (cache miss)
3810 http fetch GET 200 https://registry.npmjs.org/progress/-/progress-2.0.3.tgz 656ms (cache miss)
3811 http fetch GET 200 https://registry.npmjs.org/ora/-/ora-3.4.0.tgz 681ms (cache miss)
3812 http fetch GET 200 https://registry.npmjs.org/npm-package-arg/-/npm-package-arg-11.0.3.tgz 904ms (cache miss)
3813 http fetch GET 200 https://registry.npmjs.org/lan-network/-/lan-network-0.2.1.tgz 914ms (cache miss)
3814 http fetch GET 200 https://registry.npmjs.org/validate-npm-package-name/-/validate-npm-package-name-5.0.1.tgz 956ms (cache miss)
3815 http fetch GET 200 https://registry.npmjs.org/log-symbols/-/log-symbols-2.2.0.tgz 974ms (cache miss)
3816 http fetch GET 200 https://registry.npmjs.org/compression/-/compression-1.8.1.tgz 986ms (cache miss)
3817 http fetch GET 200 https://registry.npmjs.org/kleur/-/kleur-3.0.3.tgz 1010ms (cache miss)
3818 http fetch GET 200 https://registry.npmjs.org/toqr/-/toqr-0.1.1.tgz 1002ms (cache miss)
3819 http fetch GET 200 https://registry.npmjs.org/strip-ansi/-/strip-ansi-6.0.1.tgz 993ms (cache miss)
3820 http fetch GET 200 https://registry.npmjs.org/emoji-regex/-/emoji-regex-8.0.0.tgz 993ms (cache miss)
3821 http fetch GET 200 https://registry.npmjs.org/y18n/-/y18n-5.0.8.tgz 1004ms (cache miss)
3822 http fetch GET 200 https://registry.npmjs.org/wrap-ansi/-/wrap-ansi-7.0.0.tgz 1005ms (cache miss)
3823 http fetch GET 200 https://registry.npmjs.org/string-width/-/string-width-4.2.3.tgz 1007ms (cache miss)
3824 http fetch GET 200 https://registry.npmjs.org/get-caller-file/-/get-caller-file-2.0.5.tgz 1012ms (cache miss)
3825 http fetch GET 200 https://registry.npmjs.org/is-fullwidth-code-point/-/is-fullwidth-code-point-3.0.0.tgz 1022ms (cache miss)
3826 http fetch GET 200 https://registry.npmjs.org/require-directory/-/require-directory-2.1.1.tgz 1031ms (cache miss)
3827 http fetch GET 200 https://registry.npmjs.org/cliui/-/cliui-8.0.1.tgz 1041ms (cache miss)
3828 http fetch GET 200 https://registry.npmjs.org/cli-spinners/-/cli-spinners-2.9.2.tgz 1077ms (cache miss)
3829 http fetch GET 200 https://registry.npmjs.org/bplist-parser/-/bplist-parser-0.3.1.tgz 1057ms (cache miss)
3830 http fetch GET 200 https://registry.npmjs.org/webidl-conversions/-/webidl-conversions-3.0.1.tgz 1056ms (cache miss)
3831 http fetch GET 200 https://registry.npmjs.org/tmpl/-/tmpl-1.0.5.tgz 1065ms (cache miss)
3832 http fetch GET 200 https://registry.npmjs.org/simple-plist/-/simple-plist-1.3.1.tgz 1066ms (cache miss)
3833 http fetch GET 200 https://registry.npmjs.org/isexe/-/isexe-2.0.0.tgz 1075ms (cache miss)
3834 http fetch GET 200 https://registry.npmjs.org/sax/-/sax-1.6.0.tgz 1082ms (cache miss)
3835 http fetch GET 200 https://registry.npmjs.org/@expo/sudo-prompt/-/sudo-prompt-9.3.2.tgz 1115ms (cache miss)
3836 http fetch GET 200 https://registry.npmjs.org/makeerror/-/makeerror-1.0.12.tgz 1089ms (cache miss)
3837 http fetch GET 200 https://registry.npmjs.org/unicode-property-aliases-ecmascript/-/unicode-property-aliases-ecmascript-2.2.0.tgz 1091ms (cache miss)
3838 http fetch GET 200 https://registry.npmjs.org/unicode-canonical-property-names-ecmascript/-/unicode-canonical-property-names-ecmascript-2.0.1.tgz 1120ms (cache miss)
3839 http fetch GET 200 https://registry.npmjs.org/@expo/osascript/-/osascript-2.6.0.tgz 1136ms (cache miss)
3840 http fetch GET 200 https://registry.npmjs.org/escalade/-/escalade-3.2.0.tgz 1136ms (cache miss)
3841 http fetch GET 200 https://registry.npmjs.org/shebang-regex/-/shebang-regex-3.0.0.tgz 1197ms (cache miss)
3842 http fetch GET 200 https://registry.npmjs.org/buffer-from/-/buffer-from-1.1.2.tgz 1216ms (cache miss)
3843 http fetch GET 200 https://registry.npmjs.org/toidentifier/-/toidentifier-1.0.1.tgz 1248ms (cache miss)
3844 http fetch GET 200 https://registry.npmjs.org/mime/-/mime-1.6.0.tgz 1248ms (cache miss)
3845 http fetch GET 200 https://registry.npmjs.org/is-number/-/is-number-7.0.0.tgz 1270ms (cache miss)
3846 http fetch GET 200 https://registry.npmjs.org/fetch-nodeshim/-/fetch-nodeshim-0.4.10.tgz 1316ms (cache miss)
3847 http fetch GET 200 https://registry.npmjs.org/range-parser/-/range-parser-1.2.1.tgz 1290ms (cache miss)
3848 http fetch GET 200 https://registry.npmjs.org/multitars/-/multitars-1.0.0.tgz 1340ms (cache miss)
3849 http fetch GET 200 https://registry.npmjs.org/fresh/-/fresh-0.5.2.tgz 1312ms (cache miss)
3850 http fetch GET 200 https://registry.npmjs.org/@jridgewell/source-map/-/source-map-0.3.11.tgz 1330ms (cache miss)
3851 http fetch GET 200 https://registry.npmjs.org/@expo/inline-modules/-/inline-modules-0.0.11.tgz 1362ms (cache miss)
3852 http fetch GET 200 https://registry.npmjs.org/has-flag/-/has-flag-4.0.0.tgz 1344ms (cache miss)
3853 http fetch GET 200 https://registry.npmjs.org/destroy/-/destroy-1.2.0.tgz 1363ms (cache miss)
3854 http fetch GET 200 https://registry.npmjs.org/http-errors/-/http-errors-2.0.1.tgz 1393ms (cache miss)
3855 http fetch GET 200 https://registry.npmjs.org/etag/-/etag-1.8.1.tgz 1414ms (cache miss)
3856 http fetch GET 200 https://registry.npmjs.org/setprototypeof/-/setprototypeof-1.2.0.tgz 1426ms (cache miss)
3857 http fetch GET 200 https://registry.npmjs.org/hasown/-/hasown-2.0.4.tgz 1424ms (cache miss)
3858 http fetch GET 200 https://registry.npmjs.org/is-core-module/-/is-core-module-2.16.2.tgz 1421ms (cache miss)
3859 http fetch GET 200 https://registry.npmjs.org/path-parse/-/path-parse-1.0.7.tgz 1421ms (cache miss)
3860 http fetch GET 200 https://registry.npmjs.org/regenerate/-/regenerate-1.4.2.tgz 1438ms (cache miss)
3861 http fetch GET 200 https://registry.npmjs.org/regjsgen/-/regjsgen-0.8.0.tgz 1450ms (cache miss)
3862 http fetch GET 200 https://registry.npmjs.org/unicode-match-property-ecmascript/-/unicode-match-property-ecmascript-2.0.0.tgz 1451ms (cache miss)
3863 http fetch GET 200 https://registry.npmjs.org/whatwg-url/-/whatwg-url-5.0.0.tgz 1449ms (cache miss)
3864 http fetch GET 200 https://registry.npmjs.org/fbjs-css-vars/-/fbjs-css-vars-1.0.2.tgz 1457ms (cache miss)
3865 http fetch GET 200 https://registry.npmjs.org/setimmediate/-/setimmediate-1.0.5.tgz 1459ms (cache miss)
3866 http fetch GET 200 https://registry.npmjs.org/send/-/send-0.19.2.tgz 1479ms (cache miss)
3867 http fetch GET 200 https://registry.npmjs.org/tr46/-/tr46-0.0.3.tgz 1510ms (cache miss)
3868 http fetch GET 200 https://registry.npmjs.org/hyphenate-style-name/-/hyphenate-style-name-1.1.0.tgz 1494ms (cache miss)
3869 http fetch GET 200 https://registry.npmjs.org/styleq/-/styleq-0.1.3.tgz 1489ms (cache miss)
3870 http fetch GET 200 https://registry.npmjs.org/source-map-support/-/source-map-support-0.5.21.tgz 1518ms (cache miss)
3871 http fetch GET 200 https://registry.npmjs.org/object-assign/-/object-assign-4.1.1.tgz 1502ms (cache miss)
3872 http fetch GET 200 https://registry.npmjs.org/marky/-/marky-1.3.0.tgz 1503ms (cache miss)
3873 http fetch GET 200 https://registry.npmjs.org/dnssd-advertise/-/dnssd-advertise-1.1.4.tgz 1553ms (cache miss)
3874 http fetch GET 200 https://registry.npmjs.org/unicode-match-property-value-ecmascript/-/unicode-match-property-value-ecmascript-2.2.1.tgz 1525ms (cache miss)
3875 http fetch GET 200 https://registry.npmjs.org/mkdirp/-/mkdirp-1.0.4.tgz 1518ms (cache miss)
3876 http fetch GET 200 https://registry.npmjs.org/asap/-/asap-2.0.6.tgz 1518ms (cache miss)
3877 http fetch GET 200 https://registry.npmjs.org/is-wsl/-/is-wsl-2.2.0.tgz 1518ms (cache miss)
3878 http fetch GET 200 https://registry.npmjs.org/is-docker/-/is-docker-2.2.1.tgz 1521ms (cache miss)
3879 http fetch GET 200 https://registry.npmjs.org/depd/-/depd-2.0.0.tgz 1564ms (cache miss)
3880 http fetch GET 200 https://registry.npmjs.org/escape-string-regexp/-/escape-string-regexp-4.0.0.tgz 1567ms (cache miss)
3881 http fetch GET 200 https://registry.npmjs.org/regjsparser/-/regjsparser-0.13.1.tgz 1593ms (cache miss)
3882 http fetch GET 200 https://registry.npmjs.org/fdir/-/fdir-6.5.0.tgz 1612ms (cache miss)
3883 http fetch GET 200 https://registry.npmjs.org/serve-static/-/serve-static-1.16.3.tgz 1588ms (cache miss)
3884 http fetch GET 200 https://registry.npmjs.org/lighthouse-logger/-/lighthouse-logger-1.4.2.tgz 1620ms (cache miss)
3885 http fetch GET 200 https://registry.npmjs.org/promise/-/promise-8.3.0.tgz 1669ms (cache miss)
3886 http fetch GET 200 https://registry.npmjs.org/regenerator-runtime/-/regenerator-runtime-0.13.11.tgz 1673ms (cache miss)
3887 http fetch GET 200 https://registry.npmjs.org/yargs-parser/-/yargs-parser-21.1.1.tgz 1740ms (cache miss)
3888 http fetch GET 200 https://registry.npmjs.org/supports-preserve-symlinks-flag/-/supports-preserve-symlinks-flag-1.0.0.tgz 1727ms (cache miss)
3889 http fetch GET 200 https://registry.npmjs.org/@react-native/js-polyfills/-/js-polyfills-0.85.3.tgz 1710ms (cache miss)
3890 http fetch GET 200 https://registry.npmjs.org/ansi-regex/-/ansi-regex-5.0.1.tgz 1722ms (cache miss)
3891 http fetch GET 200 https://registry.npmjs.org/big-integer/-/big-integer-1.6.52.tgz 1782ms (cache miss)
3892 http fetch GET 200 https://registry.npmjs.org/@expo/schema-utils/-/schema-utils-56.0.1.tgz 1819ms (cache miss)
3893 http fetch GET 200 https://registry.npmjs.org/bplist-creator/-/bplist-creator-0.1.0.tgz 1812ms (cache miss)
3894 http fetch GET 200 https://registry.npmjs.org/@react-native/assets-registry/-/assets-registry-0.85.3.tgz 1768ms (cache miss)
3895 http fetch GET 200 https://registry.npmjs.org/open/-/open-7.4.2.tgz 1784ms (cache miss)
3896 http fetch GET 200 https://registry.npmjs.org/whatwg-fetch/-/whatwg-fetch-3.6.20.tgz 1782ms (cache miss)
3897 http fetch GET 200 https://registry.npmjs.org/function-bind/-/function-bind-1.1.2.tgz 1831ms (cache miss)
3898 http fetch GET 200 https://registry.npmjs.org/ua-parser-js/-/ua-parser-js-1.0.41.tgz 1825ms (cache miss)
3899 http fetch GET 200 https://registry.npmjs.org/postcss-value-parser/-/postcss-value-parser-4.2.0.tgz 1858ms (cache miss)
3900 http fetch GET 200 https://registry.npmjs.org/node-fetch/-/node-fetch-2.7.0.tgz 1874ms (cache miss)
3901 http fetch GET 200 https://registry.npmjs.org/@expo/code-signing-certificates/-/code-signing-certificates-0.0.6.tgz 1921ms (cache miss)
3902 http fetch GET 200 https://registry.npmjs.org/type-fest/-/type-fest-0.7.1.tgz 1908ms (cache miss)
3903 http fetch GET 200 https://registry.npmjs.org/acorn/-/acorn-8.16.0.tgz 1955ms (cache miss)
3904 http fetch GET 200 https://registry.npmjs.org/event-target-shim/-/event-target-shim-5.0.1.tgz 1943ms (cache miss)
3905 http fetch GET 200 https://registry.npmjs.org/nanoid/-/nanoid-3.3.12.tgz 2024ms (cache miss)
3906 http fetch GET 200 https://registry.npmjs.org/cross-fetch/-/cross-fetch-3.2.0.tgz 2055ms (cache miss)
3907 http fetch GET 200 https://registry.npmjs.org/react-is/-/react-is-18.3.1.tgz 2063ms (cache miss)
3908 http fetch GET 200 https://registry.npmjs.org/@react-native/normalize-colors/-/normalize-colors-0.85.3.tgz 2100ms (cache miss)
3909 http fetch GET 200 https://registry.npmjs.org/inherits/-/inherits-2.0.4.tgz 2105ms (cache miss)
3910 http fetch GET 200 https://registry.npmjs.org/node-gyp-build-optional-packages/-/node-gyp-build-optional-packages-5.2.2.tgz 2114ms (cache miss)
3911 http fetch GET 200 https://registry.npmjs.org/es-errors/-/es-errors-1.3.0.tgz 2152ms (cache miss)
3912 http fetch GET 200 https://registry.npmjs.org/shell-quote/-/shell-quote-1.8.4.tgz 2141ms (cache miss)
3913 http fetch GET 200 https://registry.npmjs.org/memoize-one/-/memoize-one-5.2.1.tgz 2136ms (cache miss)
3914 http fetch GET 200 https://registry.npmjs.org/ee-first/-/ee-first-1.1.1.tgz 2129ms (cache miss)
3915 http fetch GET 200 https://registry.npmjs.org/msgpackr-extract/-/msgpackr-extract-3.0.4.tgz 2144ms (cache miss)
3916 http fetch GET 200 https://registry.npmjs.org/balanced-match/-/balanced-match-4.0.4.tgz 2159ms (cache miss)
3917 http fetch GET 200 https://registry.npmjs.org/@isaacs/ttlcache/-/ttlcache-1.4.1.tgz 2240ms (cache miss)
3918 http fetch GET 200 https://registry.npmjs.org/braces/-/braces-3.0.3.tgz 2231ms (cache miss)
3919 http fetch GET 200 https://registry.npmjs.org/to-regex-range/-/to-regex-range-5.0.1.tgz 2233ms (cache miss)
3920 http fetch GET 200 https://registry.npmjs.org/fill-range/-/fill-range-7.1.1.tgz 2232ms (cache miss)
3921 http fetch GET 200 https://registry.npmjs.org/@expo/ws-tunnel/-/ws-tunnel-1.0.6.tgz 2313ms (cache miss)
3922 http fetch GET 200 https://registry.npmjs.org/node-int64/-/node-int64-0.4.0.tgz 2284ms (cache miss)
3923 http fetch GET 200 https://registry.npmjs.org/structured-headers/-/structured-headers-0.4.1.tgz 2370ms (cache miss)
3924 http fetch GET 200 https://registry.npmjs.org/bser/-/bser-2.1.1.tgz 2295ms (cache miss)
3925 http fetch GET 200 https://registry.npmjs.org/vlq/-/vlq-1.0.1.tgz 2316ms (cache miss)
3926 http fetch GET 200 https://registry.npmjs.org/ob1/-/ob1-0.84.4.tgz 2322ms (cache miss)
3927 http fetch GET 200 https://registry.npmjs.org/walker/-/walker-1.0.8.tgz 2346ms (cache miss)
3928 http fetch GET 200 https://registry.npmjs.org/camelcase/-/camelcase-6.3.0.tgz 2345ms (cache miss)
3929 http fetch GET 200 https://registry.npmjs.org/leven/-/leven-3.1.0.tgz 2348ms (cache miss)
3930 http fetch GET 200 https://registry.npmjs.org/micromatch/-/micromatch-4.0.8.tgz 2357ms (cache miss)
3931 http fetch GET 200 https://registry.npmjs.org/scheduler/-/scheduler-0.27.0.tgz 2379ms (cache miss)
3932 http fetch GET 200 https://registry.npmjs.org/plist/-/plist-3.1.1.tgz 2433ms (cache miss)
3933 http fetch GET 200 https://registry.npmjs.org/jest-validate/-/jest-validate-29.7.0.tgz 2407ms (cache miss)
3934 http fetch GET 200 https://registry.npmjs.org/mime-db/-/mime-db-1.54.0.tgz 2432ms (cache miss)
3935 http fetch GET 200 https://registry.npmjs.org/@msgpackr-extract/msgpackr-extract-win32-x64/-/msgpackr-extract-win32-x64-3.0.4.tgz 2461ms (cache miss)
3936 http fetch GET 200 https://registry.npmjs.org/@types/yargs-parser/-/yargs-parser-21.0.3.tgz 2634ms (cache miss)
3937 http fetch GET 200 https://registry.npmjs.org/@types/istanbul-lib-report/-/istanbul-lib-report-3.0.3.tgz 2639ms (cache miss)
3938 http fetch GET 200 https://registry.npmjs.org/@types/istanbul-reports/-/istanbul-reports-3.0.4.tgz 2746ms (cache miss)
3939 http fetch GET 200 https://registry.npmjs.org/@jest/schemas/-/schemas-29.6.3.tgz 2750ms (cache miss)
3940 http fetch GET 200 https://registry.npmjs.org/merge-stream/-/merge-stream-2.0.0.tgz 2755ms (cache miss)
3941 http fetch GET 200 https://registry.npmjs.org/@types/istanbul-lib-coverage/-/istanbul-lib-coverage-2.0.6.tgz 2757ms (cache miss)
3942 http fetch GET 200 https://registry.npmjs.org/queue/-/queue-6.0.2.tgz 2757ms (cache miss)
3943 http fetch GET 200 https://registry.npmjs.org/statuses/-/statuses-1.5.0.tgz 2774ms (cache miss)
3944 http fetch GET 200 https://registry.npmjs.org/unpipe/-/unpipe-1.0.0.tgz 2775ms (cache miss)
3945 http fetch GET 200 https://registry.npmjs.org/fb-watchman/-/fb-watchman-2.0.2.tgz 2785ms (cache miss)
3946 http fetch GET 200 https://registry.npmjs.org/encodeurl/-/encodeurl-1.0.2.tgz 2778ms (cache miss)
3947 http fetch GET 200 https://registry.npmjs.org/stream-buffers/-/stream-buffers-2.2.0.tgz 2850ms (cache miss)
3948 http fetch GET 200 https://registry.npmjs.org/parseurl/-/parseurl-1.3.3.tgz 2778ms (cache miss)
3949 http fetch GET 200 https://registry.npmjs.org/jest-util/-/jest-util-29.7.0.tgz 2784ms (cache miss)
3950 http fetch GET 200 https://registry.npmjs.org/jest-get-type/-/jest-get-type-29.6.3.tgz 2801ms (cache miss)
3951 http fetch GET 200 https://registry.npmjs.org/escape-html/-/escape-html-1.0.3.tgz 2788ms (cache miss)
3952 http fetch GET 200 https://registry.npmjs.org/on-finished/-/on-finished-2.3.0.tgz 2809ms (cache miss)
3953 http fetch GET 200 https://registry.npmjs.org/abort-controller/-/abort-controller-3.0.0.tgz 2877ms (cache miss)
3954 http fetch GET 200 https://registry.npmjs.org/@types/yargs/-/yargs-17.0.35.tgz 2881ms (cache miss)
3955 http fetch GET 200 https://registry.npmjs.org/source-map-js/-/source-map-js-1.2.1.tgz 2903ms (cache miss)
3956 http fetch GET 200 https://registry.npmjs.org/utils-merge/-/utils-merge-1.0.1.tgz 2908ms (cache miss)
3957 http fetch GET 200 https://registry.npmjs.org/finalhandler/-/finalhandler-1.1.2.tgz 2909ms (cache miss)
3958 http fetch GET 200 https://registry.npmjs.org/throat/-/throat-5.0.0.tgz 2933ms (cache miss)
3959 http fetch GET 200 https://registry.npmjs.org/negotiator/-/negotiator-1.0.0.tgz 2941ms (cache miss)
3960 http fetch GET 200 https://registry.npmjs.org/lodash.throttle/-/lodash.throttle-4.1.1.tgz 2992ms (cache miss)
3961 http fetch GET 200 https://registry.npmjs.org/graceful-fs/-/graceful-fs-4.2.11.tgz 2992ms (cache miss)
3962 http fetch GET 200 https://registry.npmjs.org/serialize-error/-/serialize-error-2.1.0.tgz 3052ms (cache miss)
3963 http fetch GET 200 https://registry.npmjs.org/accepts/-/accepts-2.0.0.tgz 3055ms (cache miss)
3964 http fetch GET 200 https://registry.npmjs.org/flow-enums-runtime/-/flow-enums-runtime-0.0.6.tgz 3062ms (cache miss)
3965 http fetch GET 200 https://registry.npmjs.org/mime-types/-/mime-types-3.0.2.tgz 3073ms (cache miss)
3966 http fetch GET 200 https://registry.npmjs.org/chrome-launcher/-/chrome-launcher-0.15.2.tgz 3114ms (cache miss)
3967 http fetch GET 200 https://registry.npmjs.org/ci-info/-/ci-info-2.0.0.tgz 3071ms (cache miss)
3968 http fetch GET 200 https://registry.npmjs.org/stackframe/-/stackframe-1.3.4.tgz 3085ms (cache miss)
3969 http fetch GET 200 https://registry.npmjs.org/brace-expansion/-/brace-expansion-5.0.6.tgz 3134ms (cache miss)
3970 http fetch GET 200 https://registry.npmjs.org/loose-envify/-/loose-envify-1.4.0.tgz 3158ms (cache miss)
3971 http fetch GET 200 https://registry.npmjs.org/@jest/types/-/types-29.6.3.tgz 3205ms (cache miss)
3972 http fetch GET 200 https://registry.npmjs.org/yallist/-/yallist-3.1.1.tgz 3211ms (cache miss)
3973 http fetch GET 200 https://registry.npmjs.org/connect/-/connect-3.7.0.tgz 3225ms (cache miss)
3974 http fetch GET 200 https://registry.npmjs.org/chromium-edge-launcher/-/chromium-edge-launcher-0.3.0.tgz 3273ms (cache miss)
3975 http fetch GET 200 https://registry.npmjs.org/parse-png/-/parse-png-2.1.0.tgz 3330ms (cache miss)
3976 http fetch GET 200 https://registry.npmjs.org/js-yaml/-/js-yaml-4.2.0.tgz 3461ms (cache miss)
3977 http fetch GET 200 https://registry.npmjs.org/error-stack-parser/-/error-stack-parser-2.1.4.tgz 3378ms (cache miss)
3978 http fetch GET 200 https://registry.npmjs.org/detect-libc/-/detect-libc-2.1.2.tgz 3391ms (cache miss)
3979 http fetch GET 200 https://registry.npmjs.org/agent-base/-/agent-base-7.1.4.tgz 3416ms (cache miss)
3980 http fetch GET 200 https://registry.npmjs.org/ms/-/ms-2.1.3.tgz 3408ms (cache miss)
3981 http fetch GET 200 https://registry.npmjs.org/fontfaceobserver/-/fontfaceobserver-2.3.0.tgz 3419ms (cache miss)
3982 http fetch GET 200 https://registry.npmjs.org/https-proxy-agent/-/https-proxy-agent-7.0.6.tgz 3454ms (cache miss)
3983 http fetch GET 200 https://registry.npmjs.org/shebang-command/-/shebang-command-2.0.0.tgz 3574ms (cache miss)
3984 http fetch GET 200 https://registry.npmjs.org/@react-native/virtualized-lists/-/virtualized-lists-0.85.3.tgz 3634ms (cache miss)
3985 http fetch GET 200 https://registry.npmjs.org/ws/-/ws-7.5.11.tgz 3612ms (cache miss)
3986 http fetch GET 200 https://registry.npmjs.org/supports-color/-/supports-color-7.2.0.tgz 3600ms (cache miss)
3987 http fetch GET 200 https://registry.npmjs.org/path-key/-/path-key-3.1.1.tgz 3627ms (cache miss)
3988 http fetch GET 200 https://registry.npmjs.org/@expo/devcert/-/devcert-1.2.1.tgz 3735ms (cache miss)
3989 http fetch GET 200 https://registry.npmjs.org/jimp-compact/-/jimp-compact-0.16.1.tgz 3651ms (cache miss)
3990 http fetch GET 200 https://registry.npmjs.org/which/-/which-2.0.2.tgz 3684ms (cache miss)
3991 http fetch GET 200 https://registry.npmjs.org/ansi-styles/-/ansi-styles-4.3.0.tgz 3726ms (cache miss)
3992 http fetch GET 200 https://registry.npmjs.org/commander/-/commander-7.2.0.tgz 3751ms (cache miss)
3993 http fetch GET 200 https://registry.npmjs.org/color-name/-/color-name-1.1.4.tgz 3748ms (cache miss)
3994 http fetch GET 200 https://registry.npmjs.org/pngjs/-/pngjs-3.4.0.tgz 3805ms (cache miss)
3995 http fetch GET 200 https://registry.npmjs.org/color-convert/-/color-convert-2.0.1.tgz 3766ms (cache miss)
3996 http fetch GET 200 https://registry.npmjs.org/@expo/package-manager/-/package-manager-1.12.1.tgz 3898ms (cache miss)
3997 http fetch GET 200 https://registry.npmjs.org/jest-worker/-/jest-worker-29.7.0.tgz 3886ms (cache miss)
3998 http fetch GET 200 https://registry.npmjs.org/css-in-js-utils/-/css-in-js-utils-3.1.0.tgz 4008ms (cache miss)
3999 http fetch GET 200 https://registry.npmjs.org/@expo/xcpretty/-/xcpretty-4.4.4.tgz 4084ms (cache miss)
4000 http fetch GET 200 https://registry.npmjs.org/source-map/-/source-map-0.5.7.tgz 4034ms (cache miss)
4001 http fetch GET 200 https://registry.npmjs.org/@react-native/debugger-shell/-/debugger-shell-0.85.3.tgz 4210ms (cache miss)
4002 http fetch GET 200 https://registry.npmjs.org/undici-types/-/undici-types-7.24.6.tgz 4189ms (cache miss)
4003 http fetch GET 200 https://registry.npmjs.org/uuid/-/uuid-7.0.3.tgz 4262ms (cache miss)
4004 warn deprecated uuid@7.0.3: uuid@10 and below is no longer supported.  For ESM codebases, update to uuid@latest.  For CommonJS codebases, use uuid@11 (but be aware this version will likely be deprecated in 2028).
4005 http fetch GET 200 https://registry.npmjs.org/node-releases/-/node-releases-2.0.47.tgz 4219ms (cache miss)
4006 http fetch GET 200 https://registry.npmjs.org/lodash.debounce/-/lodash.debounce-4.0.8.tgz 4328ms (cache miss)
4007 http fetch GET 200 https://registry.npmjs.org/tinyglobby/-/tinyglobby-0.2.17.tgz 4404ms (cache miss)
4008 http fetch GET 200 https://registry.npmjs.org/invariant/-/invariant-2.2.4.tgz 4506ms (cache miss)
4009 http fetch GET 200 https://registry.npmjs.org/@babel/plugin-syntax-typescript/-/plugin-syntax-typescript-7.29.7.tgz 4515ms (cache miss)
4010 http fetch GET 200 https://registry.npmjs.org/path-scurry/-/path-scurry-2.0.2.tgz 4528ms (cache miss)
4011 http fetch GET 200 https://registry.npmjs.org/nullthrows/-/nullthrows-1.1.1.tgz 4521ms (cache miss)
4012 http fetch GET 200 https://registry.npmjs.org/electron-to-chromium/-/electron-to-chromium-1.5.371.tgz 4605ms (cache miss)
4013 http fetch GET 200 https://registry.npmjs.org/babel-plugin-polyfill-regenerator/-/babel-plugin-polyfill-regenerator-0.6.8.tgz 4633ms (cache miss)
4014 http fetch GET 200 https://registry.npmjs.org/@babel/plugin-syntax-flow/-/plugin-syntax-flow-7.29.7.tgz 4653ms (cache miss)
4015 http fetch GET 200 https://registry.npmjs.org/@babel/helper-wrap-function/-/helper-wrap-function-7.29.7.tgz 4665ms (cache miss)
4016 http fetch GET 200 https://registry.npmjs.org/update-browserslist-db/-/update-browserslist-db-1.2.3.tgz 4711ms (cache miss)
4017 http fetch GET 200 https://registry.npmjs.org/@babel/helper-optimise-call-expression/-/helper-optimise-call-expression-7.29.7.tgz 4722ms (cache miss)
4018 http fetch GET 200 https://registry.npmjs.org/@babel/helper-remap-async-to-generator/-/helper-remap-async-to-generator-7.29.7.tgz 4749ms (cache miss)
4019 http fetch GET 200 https://registry.npmjs.org/@babel/plugin-syntax-jsx/-/plugin-syntax-jsx-7.29.7.tgz 4751ms (cache miss)
4020 http fetch GET 200 https://registry.npmjs.org/@babel/helper-create-regexp-features-plugin/-/helper-create-regexp-features-plugin-7.29.7.tgz 4771ms (cache miss)
4021 http fetch GET 200 https://registry.npmjs.org/hermes-estree/-/hermes-estree-0.33.3.tgz 4791ms (cache miss)
4022 http fetch GET 200 https://registry.npmjs.org/baseline-browser-mapping/-/baseline-browser-mapping-2.10.35.tgz 4784ms (cache miss)
4023 http fetch GET 200 https://registry.npmjs.org/@babel/helper-annotate-as-pure/-/helper-annotate-as-pure-7.29.7.tgz 4778ms (cache miss)
4024 http fetch GET 200 https://registry.npmjs.org/@babel/helper-replace-supers/-/helper-replace-supers-7.29.7.tgz 4790ms (cache miss)
4025 http fetch GET 200 https://registry.npmjs.org/babel-plugin-transform-flow-enums/-/babel-plugin-transform-flow-enums-0.0.2.tgz 4809ms (cache miss)
4026 http fetch GET 200 https://registry.npmjs.org/@babel/helper-skip-transparent-expression-wrappers/-/helper-skip-transparent-expression-wrappers-7.29.7.tgz 4819ms (cache miss)
4027 http fetch GET 200 https://registry.npmjs.org/babel-plugin-syntax-hermes-parser/-/babel-plugin-syntax-hermes-parser-0.33.3.tgz 4844ms (cache miss)
4028 http fetch GET 200 https://registry.npmjs.org/babel-plugin-react-native-web/-/babel-plugin-react-native-web-0.21.2.tgz 4881ms (cache miss)
4029 http fetch GET 200 https://registry.npmjs.org/@babel/preset-typescript/-/preset-typescript-7.29.7.tgz 4899ms (cache miss)
4030 http fetch GET 200 https://registry.npmjs.org/@babel/plugin-syntax-decorators/-/plugin-syntax-decorators-7.29.7.tgz 4907ms (cache miss)
4031 http fetch GET 200 https://registry.npmjs.org/@expo/image-utils/-/image-utils-0.10.1.tgz 4936ms (cache miss)
4032 http fetch GET 200 https://registry.npmjs.org/@babel/plugin-transform-unicode-regex/-/plugin-transform-unicode-regex-7.29.7.tgz 4927ms (cache miss)
4033 http fetch GET 200 https://registry.npmjs.org/@babel/plugin-transform-react-pure-annotations/-/plugin-transform-react-pure-annotations-7.29.7.tgz 4945ms (cache miss)
4034 http fetch GET 200 https://registry.npmjs.org/@babel/helper-member-expression-to-functions/-/helper-member-expression-to-functions-7.29.7.tgz 4964ms (cache miss)
4035 http fetch GET 200 https://registry.npmjs.org/@sinclair/typebox/-/typebox-0.27.10.tgz 5015ms (cache miss)
4036 http fetch GET 200 https://registry.npmjs.org/@babel/plugin-transform-private-property-in-object/-/plugin-transform-private-property-in-object-7.29.7.tgz 4987ms (cache miss)
4037 http fetch GET 200 https://registry.npmjs.org/@babel/plugin-transform-react-jsx-development/-/plugin-transform-react-jsx-development-7.29.7.tgz 5081ms (cache miss)
4038 http fetch GET 200 https://registry.npmjs.org/babel-plugin-polyfill-corejs2/-/babel-plugin-polyfill-corejs2-0.4.17.tgz 5117ms (cache miss)
4039 http fetch GET 200 https://registry.npmjs.org/@babel/plugin-transform-optional-catch-binding/-/plugin-transform-optional-catch-binding-7.29.7.tgz 5112ms (cache miss)
4040 http fetch GET 200 https://registry.npmjs.org/@babel/plugin-transform-private-methods/-/plugin-transform-private-methods-7.29.7.tgz 5118ms (cache miss)
4041 http fetch GET 200 https://registry.npmjs.org/@babel/plugin-transform-named-capturing-groups-regex/-/plugin-transform-named-capturing-groups-regex-7.29.7.tgz 5139ms (cache miss)
4042 http fetch GET 200 https://registry.npmjs.org/@babel/plugin-transform-nullish-coalescing-operator/-/plugin-transform-nullish-coalescing-operator-7.29.7.tgz 5150ms (cache miss)
4043 http fetch GET 200 https://registry.npmjs.org/@babel/plugin-transform-react-display-name/-/plugin-transform-react-display-name-7.29.7.tgz 5168ms (cache miss)
4044 http fetch GET 200 https://registry.npmjs.org/@react-native/babel-plugin-codegen/-/babel-plugin-codegen-0.85.3.tgz 5214ms (cache miss)
4045 http fetch GET 200 https://registry.npmjs.org/@babel/plugin-transform-optional-chaining/-/plugin-transform-optional-chaining-7.29.7.tgz 5223ms (cache miss)
4046 http fetch GET 200 https://registry.npmjs.org/@babel/plugin-transform-logical-assignment-operators/-/plugin-transform-logical-assignment-operators-7.29.7.tgz 5255ms (cache miss)
4047 http fetch GET 200 https://registry.npmjs.org/@babel/plugin-transform-for-of/-/plugin-transform-for-of-7.29.7.tgz 5262ms (cache miss)
4048 http fetch GET 200 https://registry.npmjs.org/minipass/-/minipass-7.1.3.tgz 5299ms (cache miss)
4049 http fetch GET 200 https://registry.npmjs.org/@babel/plugin-transform-flow-strip-types/-/plugin-transform-flow-strip-types-7.29.7.tgz 5270ms (cache miss)
4050 http fetch GET 200 https://registry.npmjs.org/@babel/plugin-transform-export-namespace-from/-/plugin-transform-export-namespace-from-7.29.7.tgz 5315ms (cache miss)
4051 http fetch GET 200 https://registry.npmjs.org/@babel/plugin-transform-class-properties/-/plugin-transform-class-properties-7.29.7.tgz 5329ms (cache miss)
4052 http fetch GET 200 https://registry.npmjs.org/@babel/plugin-transform-async-to-generator/-/plugin-transform-async-to-generator-7.29.7.tgz 5330ms (cache miss)
4053 http fetch GET 200 https://registry.npmjs.org/regexpu-core/-/regexpu-core-6.4.0.tgz 5355ms (cache miss)
4054 http fetch GET 200 https://registry.npmjs.org/@babel/plugin-syntax-optional-chaining/-/plugin-syntax-optional-chaining-7.8.3.tgz 5347ms (cache miss)
4055 http fetch GET 200 https://registry.npmjs.org/@babel/plugin-syntax-export-default-from/-/plugin-syntax-export-default-from-7.29.7.tgz 5350ms (cache miss)
4056 http fetch GET 200 https://registry.npmjs.org/@babel/plugin-transform-async-generator-functions/-/plugin-transform-async-generator-functions-7.29.7.tgz 5378ms (cache miss)
4057 http fetch GET 200 https://registry.npmjs.org/@babel/plugin-syntax-nullish-coalescing-operator/-/plugin-syntax-nullish-coalescing-operator-7.8.3.tgz 5380ms (cache miss)
4058 http fetch GET 200 https://registry.npmjs.org/@babel/plugin-proposal-export-default-from/-/plugin-proposal-export-default-from-7.29.7.tgz 5429ms (cache miss)
4059 http fetch GET 200 https://registry.npmjs.org/@babel/plugin-transform-object-rest-spread/-/plugin-transform-object-rest-spread-7.29.7.tgz 5443ms (cache miss)
4060 http fetch GET 200 https://registry.npmjs.org/@babel/plugin-proposal-decorators/-/plugin-proposal-decorators-7.29.7.tgz 5456ms (cache miss)
4061 http fetch GET 200 https://registry.npmjs.org/cross-spawn/-/cross-spawn-7.0.6.tgz 5464ms (cache miss)
4062 http fetch GET 200 https://registry.npmjs.org/@jridgewell/resolve-uri/-/resolve-uri-3.1.2.tgz 5468ms (cache miss)
4063 http fetch GET 200 https://registry.npmjs.org/@babel/plugin-syntax-dynamic-import/-/plugin-syntax-dynamic-import-7.8.3.tgz 5494ms (cache miss)
4064 http fetch GET 200 https://registry.npmjs.org/@babel/helper-plugin-utils/-/helper-plugin-utils-7.29.7.tgz 5494ms (cache miss)
4065 http fetch GET 200 https://registry.npmjs.org/@babel/plugin-transform-class-static-block/-/plugin-transform-class-static-block-7.29.7.tgz 5509ms (cache miss)
4066 http fetch GET 200 https://registry.npmjs.org/@babel/plugin-transform-destructuring/-/plugin-transform-destructuring-7.29.7.tgz 5516ms (cache miss)
4067 http fetch GET 200 https://registry.npmjs.org/base64-js/-/base64-js-1.5.1.tgz 5542ms (cache miss)
4068 http fetch GET 200 https://registry.npmjs.org/lru-cache/-/lru-cache-5.1.1.tgz 5580ms (cache miss)
4069 http fetch GET 200 https://registry.npmjs.org/@babel/helper-string-parser/-/helper-string-parser-7.29.7.tgz 5619ms (cache miss)
4070 http fetch GET 200 https://registry.npmjs.org/@babel/compat-data/-/compat-data-7.29.7.tgz 5619ms (cache miss)
4071 http fetch GET 200 https://registry.npmjs.org/@babel/plugin-transform-react-jsx/-/plugin-transform-react-jsx-7.29.7.tgz 5696ms (cache miss)
4072 http fetch GET 200 https://registry.npmjs.org/@babel/helper-globals/-/helper-globals-7.29.7.tgz 5721ms (cache miss)
4073 http fetch GET 200 https://registry.npmjs.org/node-forge/-/node-forge-1.4.0.tgz 5890ms (cache miss)
4074 http fetch GET 200 https://registry.npmjs.org/@babel/helper-define-polyfill-provider/-/helper-define-polyfill-provider-0.6.8.tgz 5775ms (cache miss)
4075 http fetch GET 200 https://registry.npmjs.org/convert-source-map/-/convert-source-map-2.0.0.tgz 5735ms (cache miss)
4076 http fetch GET 200 https://registry.npmjs.org/gensync/-/gensync-1.0.0-beta.2.tgz 5758ms (cache miss)
4077 http fetch GET 200 https://registry.npmjs.org/babel-plugin-polyfill-corejs3/-/babel-plugin-polyfill-corejs3-0.13.0.tgz 5824ms (cache miss)
4078 http fetch GET 200 https://registry.npmjs.org/jsc-safe-url/-/jsc-safe-url-0.2.4.tgz 5829ms (cache miss)
4079 http fetch GET 200 https://registry.npmjs.org/jsesc/-/jsesc-3.1.0.tgz 5874ms (cache miss)
4080 http fetch GET 200 https://registry.npmjs.org/@babel/plugin-transform-parameters/-/plugin-transform-parameters-7.29.7.tgz 6077ms (cache miss)
4081 http fetch GET 200 https://registry.npmjs.org/metro-minify-terser/-/metro-minify-terser-0.84.4.tgz 6060ms (cache miss)
4082 http fetch GET 200 https://registry.npmjs.org/metro-cache-key/-/metro-cache-key-0.84.4.tgz 6061ms (cache miss)
4083 http fetch GET 200 https://registry.npmjs.org/@babel/plugin-transform-classes/-/plugin-transform-classes-7.29.7.tgz 6122ms (cache miss)
4084 http fetch GET 200 https://registry.npmjs.org/metro-cache/-/metro-cache-0.84.4.tgz 6107ms (cache miss)
4085 http fetch GET 200 https://registry.npmjs.org/metro-babel-transformer/-/metro-babel-transformer-0.84.4.tgz 6153ms (cache miss)
4086 http fetch GET 200 https://registry.npmjs.org/stacktrace-parser/-/stacktrace-parser-0.1.11.tgz 6154ms (cache miss)
4087 http fetch GET 200 https://registry.npmjs.org/picocolors/-/picocolors-1.1.1.tgz 6214ms (cache miss)
4088 http fetch GET 200 https://registry.npmjs.org/js-tokens/-/js-tokens-4.0.0.tgz 6260ms (cache miss)
4089 http fetch GET 200 https://registry.npmjs.org/@babel/helper-validator-identifier/-/helper-validator-identifier-7.29.7.tgz 6272ms (cache miss)
4090 http fetch GET 200 https://registry.npmjs.org/@expo/spawn-async/-/spawn-async-1.8.0.tgz 6281ms (cache miss)
4091 http fetch GET 200 https://registry.npmjs.org/resolve-from/-/resolve-from-5.0.0.tgz 6303ms (cache miss)
4092 http fetch GET 200 https://registry.npmjs.org/@babel/helper-validator-option/-/helper-validator-option-7.29.7.tgz 6336ms (cache miss)
4093 http fetch GET 200 https://registry.npmjs.org/@babel/plugin-transform-typescript/-/plugin-transform-typescript-7.29.7.tgz 6366ms (cache miss)
4094 http fetch GET 200 https://registry.npmjs.org/core-js-compat/-/core-js-compat-3.49.0.tgz 6404ms (cache miss)
4095 http fetch GET 200 https://registry.npmjs.org/arg/-/arg-5.0.2.tgz 6340ms (cache miss)
4096 http fetch GET 200 https://registry.npmjs.org/@babel/code-frame/-/code-frame-7.29.7.tgz 6368ms (cache miss)
4097 http fetch GET 200 https://registry.npmjs.org/@expo/plist/-/plist-0.7.0.tgz 6380ms (cache miss)
4098 http fetch GET 200 https://registry.npmjs.org/anser/-/anser-1.4.10.tgz 6394ms (cache miss)
4099 http fetch GET 200 https://registry.npmjs.org/@babel/plugin-transform-block-scoping/-/plugin-transform-block-scoping-7.29.7.tgz 6440ms (cache miss)
4100 http fetch GET 200 https://registry.npmjs.org/@expo/sdk-runtime-versions/-/sdk-runtime-versions-1.0.0.tgz 6395ms (cache miss)
4101 http fetch GET 200 https://registry.npmjs.org/slugify/-/slugify-1.6.9.tgz 6394ms (cache miss)
4102 http fetch GET 200 https://registry.npmjs.org/deepmerge/-/deepmerge-4.3.1.tgz 6394ms (cache miss)
4103 http fetch GET 200 https://registry.npmjs.org/inline-style-prefixer/-/inline-style-prefixer-7.0.1.tgz 6550ms (cache miss)
4104 http fetch GET 200 https://registry.npmjs.org/@expo/json-file/-/json-file-10.2.0.tgz 6607ms (cache miss)
4105 http fetch GET 200 https://registry.npmjs.org/@babel/plugin-transform-modules-commonjs/-/plugin-transform-modules-commonjs-7.29.7.tgz 6667ms (cache miss)
4106 http fetch GET 200 https://registry.npmjs.org/getenv/-/getenv-2.0.0.tgz 6625ms (cache miss)
4107 http fetch GET 200 https://registry.npmjs.org/ignore/-/ignore-5.3.2.tgz 6671ms (cache miss)
4108 http fetch GET 200 https://registry.npmjs.org/@ungap/structured-clone/-/structured-clone-1.3.1.tgz 6704ms (cache miss)
4109 http fetch GET 200 https://registry.npmjs.org/@babel/helper-module-imports/-/helper-module-imports-7.29.7.tgz 6784ms (cache miss)
4110 http fetch GET 200 https://registry.npmjs.org/picomatch/-/picomatch-4.0.4.tgz 6800ms (cache miss)
4111 http fetch GET 200 https://registry.npmjs.org/browserslist/-/browserslist-4.28.2.tgz 6794ms (cache miss)
4112 http fetch GET 200 https://registry.npmjs.org/chalk/-/chalk-4.1.2.tgz 6824ms (cache miss)
4113 http fetch GET 200 https://registry.npmjs.org/resolve-workspace-root/-/resolve-workspace-root-2.0.1.tgz 6830ms (cache miss)
4114 http fetch GET 200 https://registry.npmjs.org/@expo/config-types/-/config-types-56.0.5.tgz 6844ms (cache miss)
4115 http fetch GET 200 https://registry.npmjs.org/@babel/plugin-transform-runtime/-/plugin-transform-runtime-7.29.7.tgz 6914ms (cache miss)
4116 http fetch GET 200 https://registry.npmjs.org/debug/-/debug-4.4.3.tgz 6895ms (cache miss)
4117 http fetch GET 200 https://registry.npmjs.org/exponential-backoff/-/exponential-backoff-3.1.3.tgz 7009ms (cache miss)
4118 http fetch GET 200 https://registry.npmjs.org/@xmldom/xmldom/-/xmldom-0.8.13.tgz 7006ms (cache miss)
4119 http fetch GET 200 https://registry.npmjs.org/prompts/-/prompts-2.4.2.tgz 7199ms (cache miss)
4120 http fetch GET 200 https://registry.npmjs.org/xml2js/-/xml2js-0.6.0.tgz 7032ms (cache miss)
4121 http fetch GET 200 https://registry.npmjs.org/metro-transform-worker/-/metro-transform-worker-0.84.4.tgz 7165ms (cache miss)
4122 http fetch GET 200 https://registry.npmjs.org/react-refresh/-/react-refresh-0.14.2.tgz 7240ms (cache miss)
4123 http fetch GET 200 https://registry.npmjs.org/@expo/local-build-cache-provider/-/local-build-cache-provider-56.0.8.tgz 7264ms (cache miss)
4124 http fetch GET 200 https://registry.npmjs.org/@react-native/community-cli-plugin/-/community-cli-plugin-0.85.3.tgz 7491ms (cache miss)
4125 http fetch GET 200 https://registry.npmjs.org/whatwg-url-minimum/-/whatwg-url-minimum-0.1.2.tgz 7376ms (cache miss)
4126 http fetch GET 200 https://registry.npmjs.org/@babel/helper-create-class-features-plugin/-/helper-create-class-features-plugin-7.29.7.tgz 7552ms (cache miss)
4127 http fetch GET 200 https://registry.npmjs.org/terser/-/terser-5.48.0.tgz 7642ms (cache miss)
4128 http fetch GET 200 https://registry.npmjs.org/has-flag/-/has-flag-3.0.0.tgz 7596ms (cache miss)
4129 http fetch GET 200 https://registry.npmjs.org/supports-color/-/supports-color-5.5.0.tgz 7597ms (cache miss)
4130 http fetch GET 200 https://registry.npmjs.org/@expo/env/-/env-2.3.0.tgz 7640ms (cache miss)
4131 http fetch GET 200 https://registry.npmjs.org/@babel/helper-compilation-targets/-/helper-compilation-targets-7.29.7.tgz 7664ms (cache miss)
4132 http fetch GET 200 https://registry.npmjs.org/has-flag/-/has-flag-3.0.0.tgz 7696ms (cache miss)
4133 http fetch GET 200 https://registry.npmjs.org/color-name/-/color-name-1.1.3.tgz 7786ms (cache miss)
4134 http fetch GET 200 https://registry.npmjs.org/escape-string-regexp/-/escape-string-regexp-1.0.5.tgz 7788ms (cache miss)
4135 http fetch GET 200 https://registry.npmjs.org/ansi-styles/-/ansi-styles-3.2.1.tgz 7819ms (cache miss)
4136 http fetch GET 200 https://registry.npmjs.org/color-convert/-/color-convert-1.9.3.tgz 7859ms (cache miss)
4137 http fetch GET 200 https://registry.npmjs.org/ansi-regex/-/ansi-regex-4.1.1.tgz 7898ms (cache miss)
4138 http fetch GET 200 https://registry.npmjs.org/xcode/-/xcode-3.0.1.tgz 7937ms (cache miss)
4139 http fetch GET 200 https://registry.npmjs.org/color-name/-/color-name-1.1.3.tgz 7904ms (cache miss)
4140 http fetch GET 200 https://registry.npmjs.org/ansi-styles/-/ansi-styles-3.2.1.tgz 7933ms (cache miss)
4141 http fetch GET 200 https://registry.npmjs.org/supports-color/-/supports-color-5.5.0.tgz 7938ms (cache miss)
4142 http fetch GET 200 https://registry.npmjs.org/@babel/template/-/template-7.29.7.tgz 8026ms (cache miss)
4143 http fetch GET 200 https://registry.npmjs.org/chalk/-/chalk-2.4.2.tgz 8023ms (cache miss)
4144 http fetch GET 200 https://registry.npmjs.org/lightningcss/-/lightningcss-1.32.0.tgz 8090ms (cache miss)
4145 http fetch GET 200 https://registry.npmjs.org/color-convert/-/color-convert-1.9.3.tgz 8043ms (cache miss)
4146 http fetch GET 200 https://registry.npmjs.org/escape-string-regexp/-/escape-string-regexp-1.0.5.tgz 8039ms (cache miss)
4147 http fetch GET 200 https://registry.npmjs.org/@babel/helper-module-transforms/-/helper-module-transforms-7.29.7.tgz 8118ms (cache miss)
4148 http fetch GET 200 https://registry.npmjs.org/ms/-/ms-2.0.0.tgz 8054ms (cache miss)
4149 http fetch GET 200 https://registry.npmjs.org/chalk/-/chalk-2.4.2.tgz 8111ms (cache miss)
4150 http fetch GET 200 https://registry.npmjs.org/strip-ansi/-/strip-ansi-5.2.0.tgz 8113ms (cache miss)
4151 http fetch GET 200 https://registry.npmjs.org/ms/-/ms-2.0.0.tgz 8155ms (cache miss)
4152 http fetch GET 200 https://registry.npmjs.org/statuses/-/statuses-2.0.2.tgz 8169ms (cache miss)
4153 http fetch GET 200 https://registry.npmjs.org/negotiator/-/negotiator-0.6.4.tgz 8200ms (cache miss)
4154 http fetch GET 200 https://registry.npmjs.org/on-finished/-/on-finished-2.4.1.tgz 8275ms (cache miss)
4155 http fetch GET 200 https://registry.npmjs.org/statuses/-/statuses-2.0.2.tgz 8285ms (cache miss)
4156 http fetch GET 200 https://registry.npmjs.org/ms/-/ms-2.0.0.tgz 8300ms (cache miss)
4157 http fetch GET 200 https://registry.npmjs.org/encodeurl/-/encodeurl-2.0.0.tgz 8306ms (cache miss)
4158 http fetch GET 200 https://registry.npmjs.org/ms/-/ms-2.0.0.tgz 8418ms (cache miss)
4159 http fetch GET 200 https://registry.npmjs.org/ms/-/ms-2.0.0.tgz 8417ms (cache miss)
4160 http fetch GET 200 https://registry.npmjs.org/encodeurl/-/encodeurl-2.0.0.tgz 8431ms (cache miss)
4161 http fetch GET 200 https://registry.npmjs.org/ci-info/-/ci-info-3.9.0.tgz 8431ms (cache miss)
4162 http fetch GET 200 https://registry.npmjs.org/supports-color/-/supports-color-8.1.1.tgz 8510ms (cache miss)
4163 http fetch GET 200 https://registry.npmjs.org/ansi-styles/-/ansi-styles-5.2.0.tgz 8677ms (cache miss)
4164 http fetch GET 200 https://registry.npmjs.org/metro-symbolicate/-/metro-symbolicate-0.84.4.tgz 8748ms (cache miss)
4165 http fetch GET 200 https://registry.npmjs.org/commander/-/commander-2.20.3.tgz 8698ms (cache miss)
4166 http fetch GET 200 https://registry.npmjs.org/pretty-format/-/pretty-format-29.7.0.tgz 8749ms (cache miss)
4167 http fetch GET 200 https://registry.npmjs.org/@react-native/dev-middleware/-/dev-middleware-0.85.3.tgz 8950ms (cache miss)
4168 http fetch GET 200 https://registry.npmjs.org/mime-types/-/mime-types-2.1.35.tgz 8764ms (cache miss)
4169 http fetch GET 200 https://registry.npmjs.org/metro-runtime/-/metro-runtime-0.84.4.tgz 8846ms (cache miss)
4170 http fetch GET 200 https://registry.npmjs.org/memoize-one/-/memoize-one-6.0.0.tgz 8777ms (cache miss)
4171 http fetch GET 200 https://registry.npmjs.org/@react-native/normalize-colors/-/normalize-colors-0.74.89.tgz 8792ms (cache miss)
4172 http fetch GET 200 https://registry.npmjs.org/semver/-/semver-6.3.1.tgz 8830ms (cache miss)
4173 http fetch GET 200 https://registry.npmjs.org/semver/-/semver-6.3.1.tgz 8844ms (cache miss)
4174 http fetch GET 200 https://registry.npmjs.org/semver/-/semver-6.3.1.tgz 8845ms (cache miss)
4175 http fetch GET 200 https://registry.npmjs.org/semver/-/semver-6.3.1.tgz 8845ms (cache miss)
4176 http fetch GET 200 https://registry.npmjs.org/ci-info/-/ci-info-3.9.0.tgz 8841ms (cache miss)
4177 http fetch GET 200 https://registry.npmjs.org/negotiator/-/negotiator-0.6.3.tgz 8844ms (cache miss)
4178 http fetch GET 200 https://registry.npmjs.org/semver/-/semver-6.3.1.tgz 8860ms (cache miss)
4179 http fetch GET 200 https://registry.npmjs.org/accepts/-/accepts-1.3.8.tgz 8855ms (cache miss)
4180 http fetch GET 200 https://registry.npmjs.org/debug/-/debug-3.2.7.tgz 8882ms (cache miss)
4181 http fetch GET 200 https://registry.npmjs.org/semver/-/semver-6.3.1.tgz 8874ms (cache miss)
4182 http fetch GET 200 https://registry.npmjs.org/json5/-/json5-2.2.3.tgz 8951ms (cache miss)
4183 http fetch GET 200 https://registry.npmjs.org/uuid 8672ms (cache miss)
4184 silly packumentCache corgi:https://registry.npmjs.org/uuid set size:undefined disposed:false
4185 http fetch GET 200 https://registry.npmjs.org/image-size/-/image-size-1.2.1.tgz 9124ms (cache miss)
4186 http fetch GET 200 https://registry.npmjs.org/mime-db/-/mime-db-1.52.0.tgz 9005ms (cache miss)
4187 http fetch GET 200 https://registry.npmjs.org/metro-core/-/metro-core-0.84.4.tgz 9095ms (cache miss)
4188 http fetch GET 200 https://registry.npmjs.org/picomatch/-/picomatch-2.3.2.tgz 9051ms (cache miss)
4189 http fetch GET 200 https://registry.npmjs.org/picomatch/-/picomatch-2.3.2.tgz 9052ms (cache miss)
4190 http fetch GET 200 https://registry.npmjs.org/@jridgewell/sourcemap-codec/-/sourcemap-codec-1.5.5.tgz 9192ms (cache miss)
4191 http fetch GET 200 https://registry.npmjs.org/metro-transform-plugins/-/metro-transform-plugins-0.84.4.tgz 9200ms (cache miss)
4192 silly packumentCache corgi:https://registry.npmjs.org/xcode cache-miss
4193 http fetch GET 200 https://registry.npmjs.org/@babel/parser/-/parser-7.29.7.tgz 9228ms (cache miss)
4194 http fetch GET 200 https://registry.npmjs.org/csstype/-/csstype-3.2.3.tgz 9208ms (cache miss)
4195 http fetch GET 200 https://registry.npmjs.org/@types/react/-/react-19.2.17.tgz 9257ms (cache miss)
4196 http fetch GET 200 https://registry.npmjs.org/debug/-/debug-2.6.9.tgz 9302ms (cache miss)
4197 http fetch GET 200 https://registry.npmjs.org/debug/-/debug-2.6.9.tgz 9344ms (cache miss)
4198 http fetch GET 200 https://registry.npmjs.org/debug/-/debug-2.6.9.tgz 9395ms (cache miss)
4199 http fetch GET 200 https://registry.npmjs.org/debug/-/debug-2.6.9.tgz 9406ms (cache miss)
4200 http fetch GET 200 https://registry.npmjs.org/debug/-/debug-2.6.9.tgz 9418ms (cache miss)
4201 http fetch GET 200 https://registry.npmjs.org/@expo/require-utils/-/require-utils-56.1.3.tgz 9468ms (cache miss)
4202 http fetch GET 200 https://registry.npmjs.org/@jridgewell/remapping/-/remapping-2.3.5.tgz 9521ms (cache miss)
4203 http fetch GET 200 https://registry.npmjs.org/@jridgewell/gen-mapping/-/gen-mapping-0.3.13.tgz 9581ms (cache miss)
4204 http fetch GET 200 https://registry.npmjs.org/commander/-/commander-12.1.0.tgz 9579ms (cache miss)
4205 http fetch GET 200 https://registry.npmjs.org/@xmldom/xmldom/-/xmldom-0.9.10.tgz 9611ms (cache miss)
4206 http fetch GET 200 https://registry.npmjs.org/babel-plugin-react-compiler/-/babel-plugin-react-compiler-1.0.0.tgz 9990ms (cache miss)
4207 http fetch GET 200 https://registry.npmjs.org/react/-/react-19.2.3.tgz 9984ms (cache miss)
4208 http fetch GET 200 https://registry.npmjs.org/ws/-/ws-8.21.0.tgz 9963ms (cache miss)
4209 http fetch GET 200 https://registry.npmjs.org/@expo/metro-file-map/-/metro-file-map-56.0.3.tgz 10530ms (cache miss)
4210 http fetch GET 200 https://registry.npmjs.org/@expo/prebuild-config/-/prebuild-config-56.0.15.tgz 10569ms (cache miss)
4211 http fetch GET 200 https://registry.npmjs.org/lru-cache/-/lru-cache-10.4.3.tgz 10354ms (cache miss)
4212 http fetch GET 200 https://registry.npmjs.org/fb-dotslash/-/fb-dotslash-0.5.8.tgz 10527ms (cache miss)
4213 http fetch GET 200 https://registry.npmjs.org/hermes-estree/-/hermes-estree-0.35.0.tgz 10398ms (cache miss)
4214 http fetch GET 200 https://registry.npmjs.org/source-map/-/source-map-0.6.1.tgz 10418ms (cache miss)
4215 http fetch GET 200 https://registry.npmjs.org/hermes-estree/-/hermes-estree-0.35.0.tgz 10424ms (cache miss)
4216 http fetch GET 200 https://registry.npmjs.org/msgpackr/-/msgpackr-2.0.4.tgz 10647ms (cache miss)
4217 http fetch GET 200 https://registry.npmjs.org/xmlbuilder/-/xmlbuilder-15.1.1.tgz 10787ms (cache miss)
4218 http fetch GET 200 https://registry.npmjs.org/@jridgewell/trace-mapping/-/trace-mapping-0.3.31.tgz 10829ms (cache miss)
4219 http fetch GET 200 https://registry.npmjs.org/@types/node/-/node-25.9.2.tgz 10925ms (cache miss)
4220 http fetch GET 200 https://registry.npmjs.org/semver/-/semver-7.8.4.tgz 10955ms (cache miss)
4221 http fetch GET 200 https://registry.npmjs.org/postcss/-/postcss-8.5.15.tgz 11002ms (cache miss)
4222 http fetch GET 200 https://registry.npmjs.org/promise/-/promise-7.3.1.tgz 10979ms (cache miss)
4223 http fetch GET 200 https://registry.npmjs.org/type-fest/-/type-fest-0.21.3.tgz 11052ms (cache miss)
4224 http fetch GET 200 https://registry.npmjs.org/xcode 1898ms (cache miss)
4225 silly packumentCache corgi:https://registry.npmjs.org/xcode set size:undefined disposed:false
4226 http fetch GET 200 https://registry.npmjs.org/@babel/generator/-/generator-7.29.7.tgz 11310ms (cache miss)
4227 silly packumentCache corgi:https://registry.npmjs.org/@expo%2fconfig-plugins cache-miss
4228 http fetch GET 200 https://registry.npmjs.org/yargs/-/yargs-17.7.2.tgz 11527ms (cache miss)
4229 http fetch GET 200 https://registry.npmjs.org/xmlbuilder/-/xmlbuilder-11.0.1.tgz 11403ms (cache miss)
4230 http fetch GET 200 https://registry.npmjs.org/expo-constants/-/expo-constants-56.0.17.tgz 11455ms (cache miss)
4231 http fetch GET 200 https://registry.npmjs.org/metro-config/-/metro-config-0.84.4.tgz 11531ms (cache miss)
4232 http fetch GET 200 https://registry.npmjs.org/metro-source-map/-/metro-source-map-0.84.4.tgz 11646ms (cache miss)
4233 http fetch GET 200 https://registry.npmjs.org/@expo/devtools/-/devtools-56.0.2.tgz 11788ms (cache miss)
4234 http fetch GET 200 https://registry.npmjs.org/@expo/config/-/config-56.0.9.tgz 11794ms (cache miss)
4235 http fetch GET 200 https://registry.npmjs.org/lightningcss-win32-x64-msvc/-/lightningcss-win32-x64-msvc-1.32.0.tgz 11928ms (cache miss)
4236 http fetch GET 200 https://registry.npmjs.org/minimatch/-/minimatch-10.2.5.tgz 11945ms (cache miss)
4237 http fetch GET 200 https://registry.npmjs.org/@expo/expo-modules-macros-plugin/-/expo-modules-macros-plugin-0.0.9.tgz 12154ms (cache miss)
4238 http fetch GET 200 https://registry.npmjs.org/@expo%2fconfig-plugins 769ms (cache miss)
4239 silly packumentCache corgi:https://registry.npmjs.org/@expo%2fconfig-plugins set size:undefined disposed:false
4240 http fetch GET 200 https://registry.npmjs.org/metro-resolver/-/metro-resolver-0.84.4.tgz 12462ms (cache miss)
4241 silly packumentCache corgi:https://registry.npmjs.org/expo cache-miss
4242 silly packumentCache corgi:https://registry.npmjs.org/@expo%2fcli cache-miss
4243 silly packumentCache corgi:https://registry.npmjs.org/@expo%2fconfig cache-miss
4244 silly packumentCache corgi:https://registry.npmjs.org/@expo%2finline-modules cache-miss
4245 silly packumentCache corgi:https://registry.npmjs.org/@expo%2fprebuild-config cache-miss
4246 http fetch GET 200 https://registry.npmjs.org/@babel/traverse/-/traverse-7.29.7.tgz 12634ms (cache miss)
4247 http fetch GET 200 https://registry.npmjs.org/@expo%2finline-modules 290ms (cache miss)
4248 silly packumentCache corgi:https://registry.npmjs.org/@expo%2finline-modules set size:undefined disposed:false
4249 http fetch GET 200 https://registry.npmjs.org/expo-keep-awake/-/expo-keep-awake-56.0.3.tgz 12914ms (cache miss)
4250 http fetch GET 200 https://registry.npmjs.org/@expo%2fprebuild-config 465ms (cache miss)
4251 silly packumentCache corgi:https://registry.npmjs.org/@expo%2fprebuild-config set size:undefined disposed:false
4252 http fetch GET 200 https://registry.npmjs.org/@expo%2fconfig 607ms (cache miss)
4253 silly packumentCache corgi:https://registry.npmjs.org/@expo%2fconfig set size:undefined disposed:false
4254 http fetch GET 200 https://registry.npmjs.org/glob/-/glob-13.0.6.tgz 13263ms (cache miss)
4255 http fetch GET 200 https://registry.npmjs.org/expo-modules-jsi/-/expo-modules-jsi-56.0.8.tgz 13413ms (cache miss)
4256 http fetch GET 200 https://registry.npmjs.org/@expo%2fcli 905ms (cache miss)
4257 silly packumentCache corgi:https://registry.npmjs.org/@expo%2fcli set size:undefined disposed:false
4258 http fetch GET 200 https://registry.npmjs.org/expo-status-bar/-/expo-status-bar-56.0.4.tgz 13458ms (cache miss)
4259 http fetch GET 200 https://registry.npmjs.org/expo 1059ms (cache miss)
4260 silly packumentCache corgi:https://registry.npmjs.org/expo set size:undefined disposed:false
4261 http fetch GET 200 https://registry.npmjs.org/resolve/-/resolve-1.22.12.tgz 13747ms (cache miss)
4262 silly packumentCache corgi:https://registry.npmjs.org/@expo%2flocal-build-cache-provider cache-miss
4263 silly packumentCache corgi:https://registry.npmjs.org/@expo%2fmetro-config cache-miss
4264 http fetch GET 200 https://registry.npmjs.org/react-dom/-/react-dom-19.2.3.tgz 14318ms (cache miss)
4265 http fetch GET 200 https://registry.npmjs.org/@expo/fingerprint/-/fingerprint-0.19.4.tgz 14375ms (cache miss)
4266 http fetch GET 200 https://registry.npmjs.org/@expo%2flocal-build-cache-provider 516ms (cache miss)
4267 silly packumentCache corgi:https://registry.npmjs.org/@expo%2flocal-build-cache-provider set size:undefined disposed:false
4268 http fetch GET 200 https://registry.npmjs.org/hermes-parser/-/hermes-parser-0.33.3.tgz 14451ms (cache miss)
4269 http fetch GET 200 https://registry.npmjs.org/react-devtools-core/-/react-devtools-core-6.1.5.tgz 14565ms (cache miss)
4270 http fetch GET 200 https://registry.npmjs.org/@expo/dom-webview/-/dom-webview-56.0.5.tgz 14495ms (cache miss)
4271 http fetch GET 200 https://registry.npmjs.org/@expo/log-box/-/log-box-56.0.12.tgz 14706ms (cache miss)
4272 http fetch GET 200 https://registry.npmjs.org/hermes-parser/-/hermes-parser-0.35.0.tgz 14770ms (cache miss)
4273 http fetch GET 200 https://registry.npmjs.org/hermes-parser/-/hermes-parser-0.35.0.tgz 14775ms (cache miss)
4274 http fetch GET 200 https://registry.npmjs.org/babel-preset-expo/-/babel-preset-expo-56.0.14.tgz 14889ms (cache miss)
4275 http fetch GET 200 https://registry.npmjs.org/@expo%2fmetro-config 1573ms (cache miss)
4276 silly packumentCache corgi:https://registry.npmjs.org/@expo%2fmetro-config set size:undefined disposed:false
4277 http fetch GET 200 https://registry.npmjs.org/lru-cache/-/lru-cache-11.5.1.tgz 15503ms (cache miss)
4278 http fetch GET 200 https://registry.npmjs.org/@babel/core/-/core-7.29.7.tgz 15582ms (cache miss)
4279 http fetch GET 200 https://registry.npmjs.org/fbjs/-/fbjs-3.0.5.tgz 15729ms (cache miss)
4280 http fetch GET 200 https://registry.npmjs.org/metro-file-map/-/metro-file-map-0.84.4.tgz 15768ms (cache miss)
4281 silly packumentCache corgi:https://registry.npmjs.org/expo-status-bar cache-miss
4282 silly packumentCache corgi:https://registry.npmjs.org/@expo%2fdom-webview cache-miss
4283 silly packumentCache corgi:https://registry.npmjs.org/@expo%2flog-box cache-miss
4284 silly packumentCache corgi:https://registry.npmjs.org/babel-preset-expo cache-miss
4285 silly packumentCache corgi:https://registry.npmjs.org/expo-asset cache-miss
4286 silly packumentCache corgi:https://registry.npmjs.org/expo-constants cache-miss
4287 silly packumentCache corgi:https://registry.npmjs.org/expo-file-system cache-miss
4288 silly packumentCache corgi:https://registry.npmjs.org/expo-font cache-miss
4289 silly packumentCache corgi:https://registry.npmjs.org/expo-keep-awake cache-miss
4290 silly packumentCache corgi:https://registry.npmjs.org/@expo%2frouter-server cache-miss
4291 http fetch GET 200 https://registry.npmjs.org/@expo%2flog-box 543ms (cache miss)
4292 silly packumentCache corgi:https://registry.npmjs.org/@expo%2flog-box set size:undefined disposed:false
4293 http fetch GET 200 https://registry.npmjs.org/expo-keep-awake 593ms (cache miss)
4294 silly packumentCache corgi:https://registry.npmjs.org/expo-keep-awake set size:undefined disposed:false
4295 http fetch GET 200 https://registry.npmjs.org/expo-status-bar 732ms (cache miss)
4296 silly packumentCache corgi:https://registry.npmjs.org/expo-status-bar set size:undefined disposed:false
4297 http fetch GET 200 https://registry.npmjs.org/@expo%2frouter-server 790ms (cache miss)
4298 silly packumentCache corgi:https://registry.npmjs.org/@expo%2frouter-server set size:undefined disposed:false
4299 http fetch GET 200 https://registry.npmjs.org/expo-asset 809ms (cache miss)
4300 silly packumentCache corgi:https://registry.npmjs.org/expo-asset set size:undefined disposed:false
4301 http fetch GET 200 https://registry.npmjs.org/expo-constants 921ms (cache miss)
4302 silly packumentCache corgi:https://registry.npmjs.org/expo-constants set size:undefined disposed:false
4303 http fetch GET 200 https://registry.npmjs.org/@expo/router-server/-/router-server-56.0.13.tgz 16916ms (cache miss)
4304 http fetch GET 200 https://registry.npmjs.org/expo-file-system 1032ms (cache miss)
4305 silly packumentCache corgi:https://registry.npmjs.org/expo-file-system set size:undefined disposed:false
4306 http fetch GET 200 https://registry.npmjs.org/babel-preset-expo 1107ms (cache miss)
4307 silly packumentCache corgi:https://registry.npmjs.org/babel-preset-expo set size:undefined disposed:false
4308 http fetch GET 200 https://registry.npmjs.org/expo-font 1137ms (cache miss)
4309 silly packumentCache corgi:https://registry.npmjs.org/expo-font set size:undefined disposed:false
4310 http fetch GET 200 https://registry.npmjs.org/@expo%2fdom-webview 1230ms (cache miss)
4311 silly packumentCache corgi:https://registry.npmjs.org/@expo%2fdom-webview set size:undefined disposed:false
4312 http fetch GET 200 https://registry.npmjs.org/expo-font/-/expo-font-56.0.5.tgz 17286ms (cache miss)
4313 http fetch GET 200 https://registry.npmjs.org/expo-asset/-/expo-asset-56.0.16.tgz 17590ms (cache miss)
4314 http fetch GET 200 https://registry.npmjs.org/expo-server/-/expo-server-56.0.5.tgz 17800ms (cache miss)
4315 http fetch GET 200 https://registry.npmjs.org/@expo/metro-config/-/metro-config-56.0.13.tgz 18052ms (cache miss)
4316 http fetch GET 200 https://registry.npmjs.org/@react-native/gradle-plugin/-/gradle-plugin-0.85.3.tgz 18265ms (cache miss)
4317 http fetch GET 200 https://registry.npmjs.org/@babel/types/-/types-7.29.7.tgz 18255ms (cache miss)
4318 http fetch GET 200 https://registry.npmjs.org/@react-native/codegen/-/codegen-0.85.3.tgz 18425ms (cache miss)
4319 http fetch GET 200 https://registry.npmjs.org/yaml/-/yaml-2.9.0.tgz 18568ms (cache miss)
4320 http fetch GET 200 https://registry.npmjs.org/@babel/runtime/-/runtime-7.29.7.tgz 18517ms (cache miss)
4321 http fetch GET 200 https://registry.npmjs.org/@babel/helpers/-/helpers-7.29.7.tgz 18875ms (cache miss)
4322 http fetch GET 200 https://registry.npmjs.org/@expo/config-plugins/-/config-plugins-56.0.8.tgz 19250ms (cache miss)
4323 http fetch GET 200 https://registry.npmjs.org/regenerate-unicode-properties/-/regenerate-unicode-properties-10.2.2.tgz 19479ms (cache miss)
4324 http fetch GET 200 https://registry.npmjs.org/typescript/-/typescript-6.0.3.tgz 19457ms (cache miss)
4325 http fetch GET 200 https://registry.npmjs.org/expo-modules-autolinking/-/expo-modules-autolinking-56.0.15.tgz 19492ms (cache miss)
4326 http fetch GET 200 https://registry.npmjs.org/expo-file-system/-/expo-file-system-56.0.7.tgz 19505ms (cache miss)
4327 http fetch GET 200 https://registry.npmjs.org/hermes-compiler/-/hermes-compiler-250829098.0.10.tgz 19987ms (cache miss)
4328 http fetch GET 200 https://registry.npmjs.org/@expo/metro/-/metro-56.0.0.tgz 20337ms (cache miss)
4329 http fetch GET 200 https://registry.npmjs.org/expo/-/expo-56.0.9.tgz 20343ms (cache miss)
4330 http fetch GET 200 https://registry.npmjs.org/metro/-/metro-0.84.4.tgz 20526ms (cache miss)
4331 http fetch GET 200 https://registry.npmjs.org/zod/-/zod-3.25.76.tgz 21395ms (cache miss)
4332 http fetch GET 200 https://registry.npmjs.org/caniuse-lite/-/caniuse-lite-1.0.30001797.tgz 22297ms (cache miss)
4333 http fetch GET 200 https://registry.npmjs.org/react-native-web/-/react-native-web-0.21.2.tgz 23458ms (cache miss)
4334 http fetch GET 200 https://registry.npmjs.org/@expo/cli/-/cli-56.1.14.tgz 23504ms (cache miss)
4335 http fetch GET 200 https://registry.npmjs.org/@react-native/debugger-frontend/-/debugger-frontend-0.85.3.tgz 24103ms (cache miss)
4336 http fetch GET 200 https://registry.npmjs.org/expo-modules-core/-/expo-modules-core-56.0.15.tgz 24560ms (cache miss)
4337 http fetch GET 200 https://registry.npmjs.org/react-native/-/react-native-0.85.3.tgz 37944ms (cache miss)
4338 info run msgpackr-extract@3.0.4 install node_modules/msgpackr-extract node-gyp-build-optional-packages
4339 info run msgpackr-extract@3.0.4 install { code: 0, signal: null }
4340 silly ADD node_modules/clone
4341 silly ADD node_modules/defaults
4342 silly ADD node_modules/supports-hyperlinks
4343 silly ADD node_modules/ansi-escapes
4344 silly ADD node_modules/ansi-escapes/node_modules/type-fest
4345 silly ADD node_modules/mimic-fn
4346 silly ADD node_modules/signal-exit
4347 silly ADD node_modules/onetime
4348 silly ADD node_modules/sisteransi
4349 silly ADD node_modules/kleur
4350 silly ADD node_modules/restore-cursor
4351 silly ADD node_modules/wcwidth
4352 silly ADD node_modules/log-symbols
4353 silly ADD node_modules/log-symbols/node_modules/has-flag
4354 silly ADD node_modules/log-symbols/node_modules/color-name
4355 silly ADD node_modules/log-symbols/node_modules/color-convert
4356 silly ADD node_modules/log-symbols/node_modules/supports-color
4357 silly ADD node_modules/log-symbols/node_modules/escape-string-regexp
4358 silly ADD node_modules/log-symbols/node_modules/ansi-styles
4359 silly ADD node_modules/log-symbols/node_modules/chalk
4360 silly ADD node_modules/cli-spinners
4361 silly ADD node_modules/cli-cursor
4362 silly ADD node_modules/validate-npm-package-name
4363 silly ADD node_modules/proc-log
4364 silly ADD node_modules/hosted-git-info
4365 silly ADD node_modules/hosted-git-info/node_modules/lru-cache
4366 silly ADD node_modules/argparse
4367 silly ADD node_modules/vary
4368 silly ADD node_modules/safe-buffer
4369 silly ADD node_modules/on-headers
4370 silly ADD node_modules/compressible
4371 silly ADD node_modules/bytes
4372 silly ADD node_modules/js-yaml
4373 silly ADD node_modules/@expo/sudo-prompt
4374 silly ADD node_modules/zod
4375 silly ADD node_modules/toqr
4376 silly ADD node_modules/terminal-link
4377 silly ADD node_modules/structured-headers
4378 silly ADD node_modules/prompts
4379 silly ADD node_modules/progress
4380 silly ADD node_modules/ora
4381 silly ADD node_modules/ora/node_modules/has-flag
4382 silly ADD node_modules/ora/node_modules/ansi-regex
4383 silly ADD node_modules/ora/node_modules/color-name
4384 silly ADD node_modules/ora/node_modules/color-convert
4385 silly ADD node_modules/ora/node_modules/supports-color
4386 silly ADD node_modules/ora/node_modules/escape-string-regexp
4387 silly ADD node_modules/ora/node_modules/ansi-styles
4388 silly ADD node_modules/ora/node_modules/strip-ansi
4389 silly ADD node_modules/ora/node_modules/chalk
4390 silly ADD node_modules/npm-package-arg
4391 silly ADD node_modules/node-forge
4392 silly ADD node_modules/multitars
4393 silly ADD node_modules/lan-network
4394 silly ADD node_modules/fetch-nodeshim
4395 silly ADD node_modules/dnssd-advertise
4396 silly ADD node_modules/compression
4397 silly ADD node_modules/compression/node_modules/ms
4398 silly ADD node_modules/compression/node_modules/negotiator
4399 silly ADD node_modules/compression/node_modules/debug
4400 silly ADD node_modules/@expo/xcpretty
4401 silly ADD node_modules/@expo/ws-tunnel
4402 silly ADD node_modules/@expo/schema-utils
4403 silly ADD node_modules/expo-server
4404 silly ADD node_modules/@expo/prebuild-config
4405 silly ADD node_modules/@expo/package-manager
4406 silly ADD node_modules/@expo/osascript
4407 silly ADD node_modules/@expo/metro-file-map
4408 silly ADD node_modules/@expo/inline-modules
4409 silly ADD node_modules/@expo/devcert
4410 silly ADD node_modules/@expo/devcert/node_modules/debug
4411 silly ADD node_modules/@expo/code-signing-certificates
4412 silly ADD node_modules/is-fullwidth-code-point
4413 silly ADD node_modules/emoji-regex
4414 silly ADD node_modules/wrap-ansi
4415 silly ADD node_modules/strip-ansi
4416 silly ADD node_modules/yargs-parser
4417 silly ADD node_modules/y18n
4418 silly ADD node_modules/string-width
4419 silly ADD node_modules/require-directory
4420 silly ADD node_modules/get-caller-file
4421 silly ADD node_modules/cliui
4422 silly ADD node_modules/sax
4423 silly ADD node_modules/big-integer
4424 silly ADD node_modules/stream-buffers
4425 silly ADD node_modules/plist
4426 silly ADD node_modules/plist/node_modules/@xmldom/xmldom
4427 silly ADD node_modules/bplist-parser
4428 silly ADD node_modules/bplist-creator
4429 silly ADD node_modules/uuid
4430 silly ADD node_modules/simple-plist
4431 silly ADD node_modules/isexe
4432 silly ADD node_modules/webidl-conversions
4433 silly ADD node_modules/tr46
4434 silly ADD node_modules/tmpl
4435 silly ADD node_modules/makeerror
4436 silly ADD node_modules/escalade
4437 silly ADD node_modules/unicode-property-aliases-ecmascript
4438 silly ADD node_modules/unicode-canonical-property-names-ecmascript
4439 silly ADD node_modules/is-number
4440 silly ADD node_modules/fdir
4441 silly ADD node_modules/buffer-from
4442 silly ADD node_modules/source-map-support
4443 silly ADD node_modules/source-map-support/node_modules/source-map
4444 silly ADD node_modules/acorn
4445 silly ADD node_modules/@jridgewell/source-map
4446 silly ADD node_modules/has-flag
4447 silly ADD node_modules/type-fest
4448 silly ADD node_modules/shebang-regex
4449 silly ADD node_modules/toidentifier
4450 silly ADD node_modules/setprototypeof
4451 silly ADD node_modules/range-parser
4452 silly ADD node_modules/mime
4453 silly ADD node_modules/http-errors
4454 silly ADD node_modules/http-errors/node_modules/statuses
4455 silly ADD node_modules/fresh
4456 silly ADD node_modules/etag
4457 silly ADD node_modules/destroy
4458 silly ADD node_modules/depd
4459 silly ADD node_modules/send
4460 silly ADD node_modules/send/node_modules/statuses
4461 silly ADD node_modules/send/node_modules/on-finished
4462 silly ADD node_modules/send/node_modules/encodeurl
4463 silly ADD node_modules/send/node_modules/debug
4464 silly ADD node_modules/send/node_modules/debug/node_modules/ms
4465 silly ADD node_modules/function-bind
4466 silly ADD node_modules/hasown
4467 silly ADD node_modules/supports-preserve-symlinks-flag
4468 silly ADD node_modules/path-parse
4469 silly ADD node_modules/is-core-module
4470 silly ADD node_modules/es-errors
4471 silly ADD node_modules/unicode-match-property-value-ecmascript
4472 silly ADD node_modules/unicode-match-property-ecmascript
4473 silly ADD node_modules/regjsparser
4474 silly ADD node_modules/regjsgen
4475 silly ADD node_modules/regenerate-unicode-properties
4476 silly ADD node_modules/regenerate
4477 silly ADD node_modules/whatwg-url
4478 silly ADD node_modules/hyphenate-style-name
4479 silly ADD node_modules/css-in-js-utils
4480 silly ADD node_modules/node-fetch
4481 silly ADD node_modules/ua-parser-js
4482 silly ADD node_modules/setimmediate
4483 silly ADD node_modules/object-assign
4484 silly ADD node_modules/fbjs-css-vars
4485 silly ADD node_modules/cross-fetch
4486 silly ADD node_modules/styleq
4487 silly ADD node_modules/postcss-value-parser
4488 silly ADD node_modules/inline-style-prefixer
4489 silly ADD node_modules/fbjs
4490 silly ADD node_modules/fbjs/node_modules/promise
4491 silly ADD node_modules/shell-quote
4492 silly ADD node_modules/asap
4493 silly ADD node_modules/marky
4494 silly ADD node_modules/is-docker
4495 silly ADD node_modules/mkdirp
4496 silly ADD node_modules/lighthouse-logger
4497 silly ADD node_modules/lighthouse-logger/node_modules/ms
4498 silly ADD node_modules/lighthouse-logger/node_modules/debug
4499 silly ADD node_modules/is-wsl
4500 silly ADD node_modules/escape-string-regexp
4501 silly ADD node_modules/event-target-shim
4502 silly ADD node_modules/fb-dotslash
4503 silly ADD node_modules/serve-static
4504 silly ADD node_modules/serve-static/node_modules/encodeurl
4505 silly ADD node_modules/open
4506 silly ADD node_modules/chromium-edge-launcher
4507 silly ADD node_modules/chrome-launcher
4508 silly ADD node_modules/@react-native/debugger-shell
4509 silly ADD node_modules/@react-native/debugger-frontend
4510 silly ADD node_modules/@isaacs/ttlcache
4511 silly ADD node_modules/@react-native/dev-middleware
4512 silly ADD node_modules/whatwg-fetch
4513 silly ADD node_modules/regenerator-runtime
4514 silly ADD node_modules/react-devtools-core
4515 silly ADD node_modules/promise
4516 silly ADD node_modules/memoize-one
4517 silly ADD node_modules/hermes-compiler
4518 silly ADD node_modules/ansi-regex
4519 silly ADD node_modules/abort-controller
4520 silly ADD node_modules/@react-native/virtualized-lists
4521 silly ADD node_modules/@react-native/normalize-colors
4522 silly ADD node_modules/@react-native/js-polyfills
4523 silly ADD node_modules/@react-native/gradle-plugin
4524 silly ADD node_modules/@react-native/community-cli-plugin
4525 silly ADD node_modules/@react-native/assets-registry
4526 silly ADD node_modules/scheduler
4527 silly ADD node_modules/inherits
4528 silly ADD node_modules/react-is
4529 silly ADD node_modules/source-map-js
4530 silly ADD node_modules/nanoid
4531 silly ADD node_modules/pngjs
4532 silly ADD node_modules/ee-first
4533 silly ADD node_modules/node-gyp-build-optional-packages
4534 silly ADD node_modules/@msgpackr-extract/msgpackr-extract-win32-x64
4535 silly ADD node_modules/msgpackr-extract
4536 silly ADD node_modules/balanced-match
4537 silly ADD node_modules/brace-expansion
4538 silly ADD node_modules/mime-db
4539 silly ADD node_modules/to-regex-range
4540 silly ADD node_modules/fill-range
4541 silly ADD node_modules/braces
4542 silly ADD node_modules/vlq
4543 silly ADD node_modules/ob1
4544 silly ADD node_modules/terser
4545 silly ADD node_modules/terser/node_modules/commander
4546 silly ADD node_modules/node-int64
4547 silly ADD node_modules/bser
4548 silly ADD node_modules/walker
4549 silly ADD node_modules/micromatch
4550 silly ADD node_modules/micromatch/node_modules/picomatch
4551 silly ADD node_modules/fb-watchman
4552 silly ADD node_modules/leven
4553 silly ADD node_modules/jest-get-type
4554 silly ADD node_modules/camelcase
4555 silly ADD node_modules/yaml
4556 silly ADD node_modules/jest-validate
4557 silly ADD node_modules/agent-base
4558 silly ADD node_modules/https-proxy-agent
4559 silly ADD node_modules/exponential-backoff
4560 silly ADD node_modules/@types/yargs-parser
4561 silly ADD node_modules/@types/istanbul-lib-report
4562 silly ADD node_modules/@sinclair/typebox
4563 silly ADD node_modules/@types/yargs
4564 silly ADD node_modules/@types/istanbul-reports
4565 silly ADD node_modules/@types/istanbul-lib-coverage
4566 silly ADD node_modules/@jest/schemas
4567 silly ADD node_modules/@jest/types
4568 silly ADD node_modules/undici-types
4569 silly ADD node_modules/merge-stream
4570 silly ADD node_modules/jest-util
4571 silly ADD node_modules/jest-util/node_modules/picomatch
4572 silly ADD node_modules/jest-util/node_modules/ci-info
4573 silly ADD node_modules/@types/node
4574 silly ADD node_modules/queue
4575 silly ADD node_modules/unpipe
4576 silly ADD node_modules/statuses
4577 silly ADD node_modules/on-finished
4578 silly ADD node_modules/escape-html
4579 silly ADD node_modules/encodeurl
4580 silly ADD node_modules/stackframe
4581 silly ADD node_modules/utils-merge
4582 silly ADD node_modules/parseurl
4583 silly ADD node_modules/finalhandler
4584 silly ADD node_modules/finalhandler/node_modules/ms
4585 silly ADD node_modules/finalhandler/node_modules/debug
4586 silly ADD node_modules/negotiator
4587 silly ADD node_modules/ws
4588 silly ADD node_modules/throat
4589 silly ADD node_modules/source-map
4590 silly ADD node_modules/serialize-error
4591 silly ADD node_modules/mime-types
4592 silly ADD node_modules/lodash.throttle
4593 silly ADD node_modules/jest-worker
4594 silly ADD node_modules/jest-worker/node_modules/supports-color
4595 silly ADD node_modules/image-size
4596 silly ADD node_modules/graceful-fs
4597 silly ADD node_modules/flow-enums-runtime
4598 silly ADD node_modules/error-stack-parser
4599 silly ADD node_modules/connect
4600 silly ADD node_modules/connect/node_modules/ms
4601 silly ADD node_modules/connect/node_modules/debug
4602 silly ADD node_modules/ci-info
4603 silly ADD node_modules/accepts
4604 silly ADD node_modules/yallist
4605 silly ADD node_modules/lightningcss-win32-x64-msvc
4606 silly ADD node_modules/detect-libc
4607 silly ADD node_modules/loose-envify
4608 silly ADD node_modules/hermes-estree
4609 silly ADD node_modules/path-scurry
4610 silly ADD node_modules/path-scurry/node_modules/lru-cache
4611 silly ADD node_modules/minipass
4612 silly ADD node_modules/expo-modules-jsi
4613 silly ADD node_modules/@expo/expo-modules-macros-plugin
4614 silly ADD node_modules/commander
4615 silly ADD node_modules/fontfaceobserver
4616 silly ADD node_modules/parse-png
4617 silly ADD node_modules/jimp-compact
4618 silly ADD node_modules/@expo/image-utils
4619 silly ADD node_modules/ms
4620 silly ADD node_modules/which
4621 silly ADD node_modules/shebang-command
4622 silly ADD node_modules/path-key
4623 silly ADD node_modules/color-name
4624 silly ADD node_modules/color-convert
4625 silly ADD node_modules/supports-color
4626 silly ADD node_modules/ansi-styles
4627 silly ADD node_modules/update-browserslist-db
4628 silly ADD node_modules/node-releases
4629 silly ADD node_modules/electron-to-chromium
4630 silly ADD node_modules/caniuse-lite
4631 silly ADD node_modules/baseline-browser-mapping
4632 silly ADD node_modules/core-js-compat
4633 silly ADD node_modules/resolve
4634 silly ADD node_modules/lodash.debounce
4635 silly ADD node_modules/@babel/helper-define-polyfill-provider
4636 silly ADD node_modules/yargs
4637 silly ADD node_modules/tinyglobby
4638 silly ADD node_modules/nullthrows
4639 silly ADD node_modules/invariant
4640 silly ADD node_modules/@react-native/codegen
4641 silly ADD node_modules/@babel/plugin-syntax-typescript
4642 silly ADD node_modules/babel-plugin-polyfill-regenerator
4643 silly ADD node_modules/babel-plugin-polyfill-corejs3
4644 silly ADD node_modules/babel-plugin-polyfill-corejs2
4645 silly ADD node_modules/babel-plugin-polyfill-corejs2/node_modules/semver
4646 silly ADD node_modules/@babel/plugin-syntax-jsx
4647 silly ADD node_modules/regexpu-core
4648 silly ADD node_modules/@babel/helper-create-regexp-features-plugin
4649 silly ADD node_modules/@babel/helper-create-regexp-features-plugin/node_modules/semver
4650 silly ADD node_modules/@babel/plugin-syntax-flow
4651 silly ADD node_modules/@babel/helper-wrap-function
4652 silly ADD node_modules/@babel/helper-remap-async-to-generator
4653 silly ADD node_modules/@babel/helper-skip-transparent-expression-wrappers
4654 silly ADD node_modules/@babel/helper-replace-supers
4655 silly ADD node_modules/@babel/helper-optimise-call-expression
4656 silly ADD node_modules/@babel/helper-member-expression-to-functions
4657 silly ADD node_modules/@babel/helper-annotate-as-pure
4658 silly ADD node_modules/@babel/plugin-syntax-decorators
4659 silly ADD node_modules/@babel/helper-create-class-features-plugin
4660 silly ADD node_modules/@babel/helper-create-class-features-plugin/node_modules/semver
4661 silly ADD node_modules/babel-plugin-transform-flow-enums
4662 silly ADD node_modules/babel-plugin-syntax-hermes-parser
4663 silly ADD node_modules/babel-plugin-react-native-web
4664 silly ADD node_modules/babel-plugin-react-compiler
4665 silly ADD node_modules/@react-native/babel-plugin-codegen
4666 silly ADD node_modules/@babel/preset-typescript
4667 silly ADD node_modules/@babel/plugin-transform-unicode-regex
4668 silly ADD node_modules/@babel/plugin-transform-typescript
4669 silly ADD node_modules/@babel/plugin-transform-runtime
4670 silly ADD node_modules/@babel/plugin-transform-runtime/node_modules/semver
4671 silly ADD node_modules/@babel/plugin-transform-react-pure-annotations
4672 silly ADD node_modules/@babel/plugin-transform-react-jsx-development
4673 silly ADD node_modules/@babel/plugin-transform-react-jsx
4674 silly ADD node_modules/@babel/plugin-transform-react-display-name
4675 silly ADD node_modules/@babel/plugin-transform-private-property-in-object
4676 silly ADD node_modules/@babel/plugin-transform-private-methods
4677 silly ADD node_modules/@babel/plugin-transform-parameters
4678 silly ADD node_modules/@babel/plugin-transform-optional-chaining
4679 silly ADD node_modules/@babel/plugin-transform-optional-catch-binding
4680 silly ADD node_modules/@babel/plugin-transform-object-rest-spread
4681 silly ADD node_modules/@babel/plugin-transform-nullish-coalescing-operator
4682 silly ADD node_modules/@babel/plugin-transform-named-capturing-groups-regex
4683 silly ADD node_modules/@babel/plugin-transform-logical-assignment-operators
4684 silly ADD node_modules/@babel/plugin-transform-for-of
4685 silly ADD node_modules/@babel/plugin-transform-flow-strip-types
4686 silly ADD node_modules/@babel/plugin-transform-export-namespace-from
4687 silly ADD node_modules/@babel/plugin-transform-destructuring
4688 silly ADD node_modules/@babel/plugin-transform-classes
4689 silly ADD node_modules/@babel/plugin-transform-class-static-block
4690 silly ADD node_modules/@babel/plugin-transform-class-properties
4691 silly ADD node_modules/@babel/plugin-transform-block-scoping
4692 silly ADD node_modules/@babel/plugin-transform-async-to-generator
4693 silly ADD node_modules/@babel/plugin-transform-async-generator-functions
4694 silly ADD node_modules/@babel/plugin-syntax-optional-chaining
4695 silly ADD node_modules/@babel/plugin-syntax-nullish-coalescing-operator
4696 silly ADD node_modules/@babel/plugin-syntax-export-default-from
4697 silly ADD node_modules/@babel/plugin-syntax-dynamic-import
4698 silly ADD node_modules/@babel/plugin-proposal-export-default-from
4699 silly ADD node_modules/@babel/plugin-proposal-decorators
4700 silly ADD node_modules/@jridgewell/resolve-uri
4701 silly ADD node_modules/cross-spawn
4702 silly ADD node_modules/@babel/helper-plugin-utils
4703 silly ADD node_modules/@babel/plugin-transform-modules-commonjs
4704 silly ADD node_modules/xmlbuilder
4705 silly ADD node_modules/base64-js
4706 silly ADD node_modules/@xmldom/xmldom
4707 silly ADD node_modules/@babel/helper-string-parser
4708 silly ADD node_modules/@babel/helper-globals
4709 silly ADD node_modules/@babel/helper-module-imports
4710 silly ADD node_modules/lru-cache
4711 silly ADD node_modules/@babel/helper-validator-option
4712 silly ADD node_modules/@babel/compat-data
4713 silly ADD node_modules/jsesc
4714 silly ADD node_modules/@jridgewell/trace-mapping
4715 silly ADD node_modules/gensync
4716 silly ADD node_modules/convert-source-map
4717 silly ADD node_modules/@babel/types
4718 silly ADD node_modules/@babel/traverse
4719 silly ADD node_modules/@babel/template
4720 silly ADD node_modules/@babel/parser
4721 silly ADD node_modules/@babel/helpers
4722 silly ADD node_modules/@babel/helper-module-transforms
4723 silly ADD node_modules/@babel/helper-compilation-targets
4724 silly ADD node_modules/@babel/helper-compilation-targets/node_modules/semver
4725 silly ADD node_modules/postcss
4726 silly ADD node_modules/picomatch
4727 silly ADD node_modules/msgpackr
4728 silly ADD node_modules/lightningcss
4729 silly ADD node_modules/jsc-safe-url
4730 silly ADD node_modules/hermes-parser
4731 silly ADD node_modules/browserslist
4732 silly ADD node_modules/@jridgewell/sourcemap-codec
4733 silly ADD node_modules/@jridgewell/remapping
4734 silly ADD node_modules/@jridgewell/gen-mapping
4735 silly ADD node_modules/@babel/generator
4736 silly ADD node_modules/@babel/core
4737 silly ADD node_modules/@babel/core/node_modules/semver
4738 silly ADD node_modules/metro-transform-worker
4739 silly ADD node_modules/metro-transform-plugins
4740 silly ADD node_modules/metro-symbolicate
4741 silly ADD node_modules/metro-source-map
4742 silly ADD node_modules/metro-runtime
4743 silly ADD node_modules/metro-resolver
4744 silly ADD node_modules/metro-minify-terser
4745 silly ADD node_modules/metro-file-map
4746 silly ADD node_modules/metro-core
4747 silly ADD node_modules/metro-config
4748 silly ADD node_modules/metro-cache-key
4749 silly ADD node_modules/metro-cache
4750 silly ADD node_modules/metro-babel-transformer
4751 silly ADD node_modules/metro-babel-transformer/node_modules/hermes-estree
4752 silly ADD node_modules/metro-babel-transformer/node_modules/hermes-parser
4753 silly ADD node_modules/metro
4754 silly ADD node_modules/metro/node_modules/hermes-estree
4755 silly ADD node_modules/metro/node_modules/hermes-parser
4756 silly ADD node_modules/stacktrace-parser
4757 silly ADD node_modules/anser
4758 silly ADD node_modules/picocolors
4759 silly ADD node_modules/js-tokens
4760 silly ADD node_modules/@babel/helper-validator-identifier
4761 silly ADD node_modules/json5
4762 silly ADD node_modules/@babel/code-frame
4763 silly ADD node_modules/resolve-from
4764 silly ADD node_modules/minimatch
4765 silly ADD node_modules/ignore
4766 silly ADD node_modules/arg
4767 silly ADD node_modules/@expo/spawn-async
4768 silly ADD node_modules/@expo/env
4769 silly ADD node_modules/xml2js
4770 silly ADD node_modules/xml2js/node_modules/xmlbuilder
4771 silly ADD node_modules/xcode
4772 silly ADD node_modules/debug
4773 silly ADD node_modules/chalk
4774 silly ADD node_modules/@expo/sdk-runtime-versions
4775 silly ADD node_modules/@expo/plist
4776 silly ADD node_modules/slugify
4777 silly ADD node_modules/semver
4778 silly ADD node_modules/resolve-workspace-root
4779 silly ADD node_modules/glob
4780 silly ADD node_modules/getenv
4781 silly ADD node_modules/deepmerge
4782 silly ADD node_modules/@expo/require-utils
4783 silly ADD node_modules/@expo/json-file
4784 silly ADD node_modules/@expo/config-types
4785 silly ADD node_modules/whatwg-url-minimum
4786 silly ADD node_modules/pretty-format
4787 silly ADD node_modules/pretty-format/node_modules/ansi-styles
4788 silly ADD node_modules/expo-modules-core
4789 silly ADD node_modules/expo-modules-autolinking
4790 silly ADD node_modules/expo-keep-awake
4791 silly ADD node_modules/expo-font
4792 silly ADD node_modules/expo-file-system
4793 silly ADD node_modules/expo-constants
4794 silly ADD node_modules/expo-asset
4795 silly ADD node_modules/react-refresh
4796 silly ADD node_modules/babel-preset-expo
4797 silly ADD node_modules/@ungap/structured-clone
4798 silly ADD node_modules/@expo/metro-config
4799 silly ADD node_modules/@expo/metro
4800 silly ADD node_modules/@expo/log-box
4801 silly ADD node_modules/@expo/local-build-cache-provider
4802 silly ADD node_modules/@expo/fingerprint
4803 silly ADD node_modules/@expo/dom-webview
4804 silly ADD node_modules/@expo/devtools
4805 silly ADD node_modules/@expo/config-plugins
4806 silly ADD node_modules/@expo/config
4807 silly ADD node_modules/@babel/runtime
4808 silly ADD node_modules/csstype
4809 silly ADD node_modules/typescript
4810 silly ADD node_modules/react-native-web
4811 silly ADD node_modules/react-native-web/node_modules/memoize-one
4812 silly ADD node_modules/react-native-web/node_modules/@react-native/normalize-colors
4813 silly ADD node_modules/react-dom
4814 silly ADD node_modules/expo-status-bar
4815 silly ADD node_modules/react-native
4816 silly ADD node_modules/react-native/node_modules/commander
4817 silly ADD node_modules/react
4818 silly ADD node_modules/expo
4819 silly ADD node_modules/expo/node_modules/mime-db
4820 silly ADD node_modules/expo/node_modules/negotiator
4821 silly ADD node_modules/expo/node_modules/mime-types
4822 silly ADD node_modules/expo/node_modules/ws
4823 silly ADD node_modules/expo/node_modules/ci-info
4824 silly ADD node_modules/expo/node_modules/accepts
4825 silly ADD node_modules/expo/node_modules/@expo/cli
4826 silly ADD node_modules/expo/node_modules/@expo/cli/node_modules/@expo/router-server
4827 silly ADD node_modules/@types/react
4828 verbose cwd C:\Users\SAMSUNG\Desktop\TreinAI\TreinAI\mobile
4829 verbose os Windows_NT 10.0.22631
4830 verbose node v24.11.1
4831 verbose npm  v11.6.2
4832 notice
4832 notice New minor version of npm available! 11.6.2 -> 11.16.0
4832 notice Changelog: https://github.com/npm/cli/releases/tag/v11.16.0
4832 notice To update run: npm install -g npm@11.16.0
4832 notice  { force: true, Symbol(proc-log.meta): true }
4833 verbose exit 0
4834 info ok
